timestamp,x,y,z
13754.180071,-444.123565,-222.061783,-9806.022374
13754.180389,-370.102971,0.0,-10189.070123
13754.180707,0.0,74.020594,-9729.412825
13754.181025,-222.061783,148.041188,-9729.412825
13754.181342,0.0,296.082377,-10112.460574
13754.18166,0.0,444.123565,-9882.631924
13754.181978,74.020594,518.144159,-10265.679673
13754.182296,0.0,444.123565,-10418.898773
13754.182613,0.0,296.082377,-10572.117872
13754.182931,-148.041188,74.020594,-10189.070123
13754.183249,-222.061783,444.123565,-10265.679673
13754.183567,0.0,222.061783,-10265.679673
13754.183884,148.041188,370.102971,-10035.851024
13754.184202,74.020594,222.061783,-10112.460574
13754.18452,0.0,74.020594,-10342.289223
13754.184838,0.0,-444.123565,-10572.117872
13754.185155,-222.061783,-444.123565,-10342.289223
13754.185473,-518.144159,-370.102971,-10112.460574
13754.185791,-592.164754,-148.041188,-10418.898773
13754.186109,-444.123565,0.0,-10265.679673
13754.186426,0.0,296.082377,-10342.289223
13754.186744,-222.061783,296.082377,-10495.508323
13754.187062,-222.061783,222.061783,-10342.289223
13754.18738,-296.082377,444.123565,-10265.679673
13754.187697,-222.061783,592.164754,-9806.022374
13754.188015,-518.144159,148.041188,-10342.289223
13754.188333,-592.164754,222.061783,-9882.631924
13754.188651,-444.123565,0.0,-10189.070123
13754.188969,-518.144159,148.041188,-10112.460574
13754.189286,0.0,148.041188,-10112.460574
13754.189604,0.0,444.123565,-9959.241474
13754.189922,74.020594,444.123565,-10265.679673
13754.19024,74.020594,666.185348,-9882.631924
13754.190557,0.0,518.144159,-10342.289223
13754.190875,74.020594,0.0,-10112.460574
13754.191193,0.0,0.0,-10189.070123
13754.191511,0.0,-148.041188,-10112.460574
13754.191828,-222.061783,-148.041188,-9882.631924
13754.192146,-148.041188,0.0,-9959.241474
13754.192464,0.0,0.0,-10035.851024
13754.192782,0.0,0.0,-10112.460574
13754.193099,0.0,0.0,-10035.851024
13754.193417,-518.144159,-296.082377,-10189.070123
13754.193735,-592.164754,0.0,-10495.508323
13754.194053,-444.123565,0.0,-10495.508323
13754.19437,-518.144159,0.0,-10342.289223
13754.194688,-592.164754,222.061783,-10418.898773
13754.195006,-518.144159,444.123565,-10495.508323
13754.195324,0.0,518.144159,-10648.727422
13754.195641,-222.061783,518.144159,-10725.336972
13754.195959,-370.102971,444.123565,-10418.898773
13754.196277,-370.102971,370.102971,-10189.070123
13754.196595,-444.123565,74.020594,-10189.070123
13754.196913,-518.144159,-148.041188,-10112.460574
13754.19723,-666.185348,-148.041188,-10035.851024
13754.197548,-296.082377,-296.082377,-9882.631924
13754.197866,-222.061783,0.0,-9882.631924
13754.198184,0.0,0.0,-9806.022374
13754.198501,0.0,222.061783,-9806.022374
13754.198819,0.0,148.041188,-9882.631924
13754.199137,0.0,222.061783,-9959.241474
13754.199455,0.0,222.061783,-10112.460574
13754.199772,0.0,222.061783,-10112.460574
13754.20009,-222.061783,222.061783,-10265.679673
13754.200408,0.0,370.102971,-10572.117872
13754.200726,0.0,296.082377,-10112.460574
13754.201043,222.061783,74.020594,-10189.070123
13754.201361,0.0,518.144159,-10342.289223
13754.201679,0.0,592.164754,-10495.508323
13754.201997,-222.061783,148.041188,-10418.898773
13754.202314,-518.144159,0.0,-10418.898773
13754.202632,-444.123565,0.0,-9806.022374
13754.20295,-518.144159,-444.123565,-10189.070123
13754.203268,-518.144159,0.0,-10189.070123
13754.203585,-296.082377,0.0,-10265.679673
13754.203903,0.0,0.0,-10112.460574
13754.204221,370.102971,0.0,-10189.070123
13754.204539,-148.041188,148.041188,-10418.898773
13754.204856,-296.082377,0.0,-10495.508323
13754.205174,-592.164754,0.0,-10112.460574
13754.205492,-740.205942,0.0,-10265.679673
13754.20581,-296.082377,74.020594,-10418.898773
13754.206128,-592.164754,296.082377,-9959.241474
13754.206445,-222.061783,296.082377,-9882.631924
13754.206763,-148.041188,592.164754,-9959.241474
13754.207081,0.0,444.123565,-9959.241474
13754.207399,0.0,444.123565,-10112.460574
13754.207716,0.0,518.144159,-10342.289223
13754.208034,74.020594,222.061783,-10189.070123
13754.208352,0.0,296.082377,-10495.508323
13754.20867,-222.061783,74.020594,-10112.460574
13754.208987,74.020594,0.0,-10265.679673
13754.209305,0.0,0.0,-10112.460574
13754.209623,0.0,0.0,-9959.241474
13754.209941,74.020594,0.0,-10189.070123
13754.210258,0.0,-518.144159,-10572.117872
13754.210576,0.0,-148.041188,-10112.460574
13754.210894,-592.164754,-222.061783,-10342.289223
13754.211212,-666.185348,0.0,-10112.460574
13754.211529,0.0,-296.082377,-10265.679673
13754.211847,-296.082377,0.0,-10418.898773
13754.212165,-518.144159,222.061783,-10572.117872
13754.212483,-370.102971,592.164754,-10572.117872
13754.2128,-296.082377,518.144159,-10801.946522
13754.213118,-592.164754,740.205942,-11031.775171
13754.213436,-296.082377,222.061783,-10495.508323
13754.213754,-518.144159,222.061783,-10495.508323
13754.214072,-370.102971,0.0,-10112.460574
13754.214389,-592.164754,0.0,-10342.289223
13754.214707,-444.123565,74.020594,-10112.460574
13754.215025,0.0,-148.041188,-9882.631924
13754.215343,-148.041188,0.0,-10112.460574
13754.21566,0.0,0.0,-9882.631924
13754.215978,74.020594,0.0,-9652.803275
13754.216296,222.061783,74.020594,-9959.241474
13754.216614,0.0,148.041188,-9806.022374
13754.216931,222.061783,74.020594,-10035.851024
13754.217249,296.082377,518.144159,-11108.384721
13754.217567,0.0,0.0,-10342.289223
13754.217885,-296.082377,0.0,-10112.460574
13754.218202,-296.082377,222.061783,-10342.289223
13754.21852,0.0,370.102971,-10189.070123
13754.218838,-148.041188,518.144159,-10572.117872
13754.219156,0.0,296.082377,-10495.508323
13754.219473,-222.061783,222.061783,-10342.289223
13754.219791,-370.102971,74.020594,-10572.117872
13754.220109,-296.082377,-370.102971,-10572.117872
13754.220427,-296.082377,-222.061783,-10418.898773
13754.220744,-518.144159,0.0,-10342.289223
13754.221062,-444.123565,74.020594,-10189.070123
13754.22138,0.0,148.041188,-10189.070123
13754.221698,-444.123565,222.061783,-10725.336972
13754.222016,-148.041188,0.0,-10495.508323
13754.222333,-222.061783,-222.061783,-10189.070123
13754.222651,-592.164754,-148.041188,-10342.289223
13754.222969,-444.123565,0.0,-9959.241474
13754.223287,-666.185348,0.0,-10189.070123
13754.223604,-666.185348,74.020594,-10035.851024
13754.223922,-296.082377,222.061783,-10112.460574
13754.22424,-148.041188,370.102971,-9959.241474
13754.224558,0.0,444.123565,-9806.022374
13754.224875,0.0,666.185348,-10112.460574
13754.225193,0.0,740.205942,-9882.631924
13754.225511,0.0,370.102971,-10265.679673
13754.225829,0.0,888.24713,-10955.165621
13754.226146,-222.061783,148.041188,-10342.289223
13754.226464,-222.061783,74.020594,-10418.898773
13754.226782,0.0,0.0,-10189.070123
13754.2271,0.0,0.0,-9882.631924
13754.227417,74.020594,0.0,-10189.070123
13754.227735,74.020594,0.0,-10189.070123
13754.228053,74.020594,0.0,-10035.851024
13754.228371,-222.061783,-370.102971,-10189.070123
13754.228688,74.020594,-296.082377,-9806.022374
13754.229006,-592.164754,-222.061783,-10648.727422
13754.229324,-592.164754,-296.082377,-10189.070123
13754.229642,-518.144159,0.0,-10265.679673
13754.229959,-222.061783,222.061783,-10189.070123
13754.230277,-222.061783,666.185348,-10418.898773
13754.230595,-296.082377,518.144159,-10572.117872
13754.230913,0.0,444.123565,-10495.508323
13754.231231,-222.061783,148.041188,-10342.289223
13754.231548,-444.123565,222.061783,-10035.851024
13754.231866,-592.164754,444.123565,-10418.898773
13754.232184,-444.123565,148.041188,-10112.460574
13754.232502,-296.082377,74.020594,-10189.070123
13754.232819,0.0,296.082377,-9959.241474
13754.233137,0.0,296.082377,-10495.508323
13754.233455,74.020594,74.020594,-9882.631924
13754.233773,74.020594,148.041188,-9806.022374
13754.23409,0.0,0.0,-10112.460574
13754.234408,0.0,-370.102971,-10725.336972
13754.234726,-148.041188,0.0,-10035.851024
13754.235044,-222.061783,74.020594,-10189.070123
13754.235361,0.0,0.0,-10189.070123
13754.235679,0.0,74.020594,-9882.631924
13754.235997,740.205942,148.041188,-10265.679673
13754.236315,0.0,296.082377,-10265.679673
13754.236632,-222.061783,222.061783,-10265.679673
13754.23695,-444.123565,148.041188,-10572.117872
13754.237268,-666.185348,296.082377,-10418.898773
13754.237586,-370.102971,74.020594,-10648.727422
13754.237903,-444.123565,0.0,-10495.508323
13754.238221,-370.102971,0.0,-10495.508323
13754.238539,-296.082377,74.020594,-10495.508323
13754.238857,-518.144159,592.164754,-10342.289223
13754.239175,-148.041188,296.082377,-10495.508323
13754.239492,-222.061783,148.041188,-10572.117872
13754.23981,-222.061783,-148.041188,-10265.679673
13754.240128,-370.102971,0.0,-9959.241474
13754.240446,-444.123565,0.0,-10035.851024
13754.240763,-592.164754,-296.082377,-10035.851024
13754.241081,-444.123565,-148.041188,-9806.022374
13754.241399,-666.185348,222.061783,-9959.241474
13754.241717,148.041188,444.123565,-9346.365076
13754.242034,0.0,370.102971,-9806.022374
13754.242352,0.0,592.164754,-9959.241474
13754.24267,0.0,592.164754,-10189.070123
13754.242988,0.0,444.123565,-10342.289223
13754.243305,0.0,296.082377,-10418.898773
13754.243623,-148.041188,296.082377,-10342.289223
13754.243941,-296.082377,370.102971,-10495.508323
13754.244259,-222.061783,74.020594,-10112.460574
13754.244576,222.061783,0.0,-9729.412825
13754.244894,74.020594,222.061783,-10112.460574
13754.245212,222.061783,0.0,-10342.289223
13754.24553,-148.041188,0.0,-10189.070123
13754.245847,-296.082377,-148.041188,-10265.679673
13754.246165,-518.144159,-222.061783,-10572.117872
13754.246483,-518.144159,-740.205942,-10418.898773
13754.246801,-666.185348,-148.041188,-10189.070123
13754.247119,-296.082377,74.020594,-10189.070123
13754.247436,222.061783,148.041188,-10801.946522
13754.247754,-148.041188,148.041188,-10572.117872
13754.248072,-296.082377,370.102971,-10648.727422
13754.24839,-518.144159,370.102971,-10648.727422
13754.248707,-592.164754,148.041188,-10418.898773
13754.249025,-666.185348,0.0,-10265.679673
13754.249343,-592.164754,148.041188,-10342.289223
13754.249661,-444.123565,370.102971,-10112.460574
13754.249978,-296.082377,296.082377,-9959.241474
13754.250296,0.0,518.144159,-9576.193725
13754.250614,0.0,444.123565,-10112.460574
13754.250932,74.020594,222.061783,-9959.241474
13754.251249,148.041188,518.144159,-10112.460574
13754.251567,0.0,0.0,-10112.460574
13754.251885,0.0,0.0,-10265.679673
13754.252203,0.0,0.0,-10189.070123
13754.25252,0.0,0.0,-10189.070123
13754.252838,0.0,-222.061783,-10265.679673
13754.253156,0.0,148.041188,-10189.070123
13754.253474,148.041188,148.041188,-10035.851024
13754.253791,0.0,0.0,-9959.241474
13754.254109,-148.041188,74.020594,-10265.679673
13754.254427,-444.123565,148.041188,-10418.898773
13754.254745,-370.102971,0.0,-10189.070123
13754.255062,-444.123565,148.041188,-10572.117872
13754.25538,-444.123565,296.082377,-10495.508323
13754.255698,-518.144159,222.061783,-10648.727422
13754.256016,-370.102971,740.205942,-10878.556072
13754.256334,-148.041188,444.123565,-10572.117872
13754.256651,-370.102971,666.185348,-10572.117872
13754.256969,-148.041188,148.041188,-10572.117872
13754.257287,-444.123565,0.0,-10342.289223
13754.257605,-666.185348,222.061783,-10418.898773
13754.257922,-518.144159,-222.061783,-9959.241474
13754.25824,-296.082377,0.0,-10035.851024
13754.258558,-370.102971,0.0,-9959.241474
13754.258876,74.020594,0.0,-9652.803275
13754.259193,0.0,74.020594,-9959.241474
13754.259511,-296.082377,296.082377,-9959.241474
13754.259829,74.020594,148.041188,-10112.460574
13754.260147,-148.041188,74.020594,-10035.851024
13754.260464,0.0,814.226536,-10878.556072
13754.260782,0.0,592.164754,-10342.289223
13754.2611,0.0,296.082377,-10495.508323
13754.261418,0.0,444.123565,-10725.336972
13754.261735,-148.041188,148.041188,-9499.584175
13754.262053,-296.082377,444.123565,-10418.898773
13754.262371,-296.082377,444.123565,-10418.898773
13754.262689,0.0,296.082377,-10189.070123
13754.263006,-222.061783,0.0,-10265.679673
13754.263324,-444.123565,444.123565,-10112.460574
13754.263642,-296.082377,-148.041188,-10342.289223
13754.26396,-518.144159,-148.041188,-10112.460574
13754.264278,-518.144159,0.0,-10112.460574
13754.264595,-444.123565,0.0,-10189.070123
13754.264913,-222.061783,0.0,-10342.289223
13754.265231,-222.061783,74.020594,-10342.289223
13754.265549,-370.102971,370.102971,-10495.508323
13754.265866,-296.082377,148.041188,-10342.289223
13754.266184,0.0,74.020594,-10725.336972
13754.266502,-444.123565,370.102971,-10495.508323
13754.26682,-592.164754,148.041188,-10112.460574
13754.267137,-592.164754,0.0,-9959.241474
13754.267455,-444.123565,296.082377,-10265.679673
13754.267773,-296.082377,814.226536,-10112.460574
13754.268091,0.0,444.123565,-9959.241474
13754.268408,-148.041188,592.164754,-10112.460574
13754.268726,0.0,444.123565,-10035.851024
13754.269044,296.082377,-74.020594,-9806.022374
13754.269362,0.0,74.020594,-10265.679673
13754.269679,-222.061783,222.061783,-10189.070123
13754.269997,0.0,-296.082377,-10265.679673
13754.270315,0.0,-222.061783,-9959.241474
13754.270633,-148.041188,0.0,-10035.851024
13754.27095,0.0,0.0,-9959.241474
13754.271268,-148.041188,-148.041188,-10035.851024
13754.271586,-148.041188,148.041188,-10112.460574
13754.271904,-222.061783,0.0,-9652.803275
13754.272222,-444.123565,0.0,-10418.898773
13754.272539,-444.123565,-222.061783,-10418.898773
13754.272857,-370.102971,0.0,-10648.727422
13754.273175,-592.164754,222.061783,-10572.117872
13754.273493,-296.082377,370.102971,-10418.898773
13754.27381,0.0,518.144159,-10495.508323
13754.274128,-370.102971,740.205942,-10725.336972
13754.274446,-148.041188,444.123565,-10572.117872
13754.274764,-444.123565,-296.082377,-10342.289223
13754.275081,-444.123565,0.0,-10265.679673
13754.275399,-592.164754,-148.041188,-10112.460574
13754.275717,-592.164754,-148.041188,-9806.022374
13754.276035,-296.082377,0.0,-9959.241474
13754.276352,-148.041188,0.0,-9806.022374
13754.27667,0.0,296.082377,-9806.022374
13754.276988,0.0,74.020594,-9959.241474
13754.277306,74.020594,74.020594,-9882.631924
13754.277623,0.0,296.082377,-9806.022374
13754.277941,0.0,148.041188,-10112.460574
13754.278259,-370.102971,148.041188,-10189.070123
13754.278577,-148.041188,296.082377,-10265.679673
13754.278894,-222.061783,296.082377,-10189.070123
13754.279212,74.020594,296.082377,-10495.508323
13754.27953,0.0,444.123565,-10418.898773
13754.279848,0.0,370.102971,-10265.679673
13754.280165,0.0,222.061783,-10342.289223
13754.280483,-666.185348,296.082377,-9959.241474
13754.280801,-444.123565,148.041188,-10648.727422
13754.281119,-444.123565,-148.041188,-10572.117872
13754.281436,-296.082377,-296.082377,-10342.289223
13754.281754,-296.082377,0.0,-10112.460574
13754.282072,-370.102971,0.0,-9806.022374
13754.28239,-148.041188,0.0,-10035.851024
13754.282707,-148.041188,0.0,-10342.289223
13754.283025,-296.082377,74.020594,-10342.289223
13754.283343,-666.185348,0.0,-9882.631924
13754.283661,-518.144159,0.0,-10342.289223
13754.283978,-444.123565,-296.082377,-9959.241474
13754.284296,-444.123565,0.0,-9959.241474
13754.284614,-444.123565,148.041188,-9959.241474
13754.284932,0.0,666.185348,-10112.460574
13754.285249,0.0,518.144159,-9959.241474
13754.285567,0.0,444.123565,-10189.070123
13754.285885,0.0,814.226536,-10342.289223
13754.286203,74.020594,740.205942,-9269.755526
13754.28652,0.0,296.082377,-10265.679673
13754.286838,0.0,518.144159,-10112.460574
13754.287156,74.020594,74.020594,-10572.117872
13754.287474,0.0,0.0,-10265.679673
13754.287791,370.102971,-296.082377,-10112.460574
13754.288109,-296.082377,-296.082377,-10112.460574
13754.288427,0.0,-222.061783,-10112.460574
13754.288745,0.0,0.0,-9959.241474
13754.289062,0.0,0.0,-10189.070123
13754.28938,0.0,0.0,-10418.898773
13754.289698,-296.082377,-296.082377,-10725.336972
13754.290016,-518.144159,-518.144159,-10495.508323
13754.290333,-592.164754,-148.041188,-10495.508323
13754.290651,0.0,222.061783,-9806.022374
13754.290969,-296.082377,370.102971,-10342.289223
13754.291287,-296.082377,518.144159,-10572.117872
13754.291604,-518.144159,592.164754,-10801.946522
13754.291922,-444.123565,444.123565,-10572.117872
13754.29224,-296.082377,222.061783,-10648.727422
13754.292558,-296.082377,74.020594,-10265.679673
13754.292875,-518.144159,296.082377,-10035.851024
13754.293193,-370.102971,222.061783,-9806.022374
13754.293511,-370.102971,0.0,-9806.022374
13754.293829,0.0,0.0,-9806.022374
13754.294147,0.0,0.0,-9806.022374
13754.294464,0.0,0.0,-10112.460574
13754.294782,222.061783,0.0,-9959.241474
13754.2951,74.020594,74.020594,-10035.851024
13754.295418,148.041188,0.0,-9882.631924
13754.295735,0.0,0.0,-9959.241474
13754.296053,0.0,0.0,-10418.898773
13754.296371,-222.061783,0.0,-9652.803275
13754.296689,0.0,148.041188,-10112.460574
13754.297006,0.0,296.082377,-10112.460574
13754.297324,-148.041188,222.061783,-10265.679673
13754.297642,0.0,148.041188,-10189.070123
13754.29796,-148.041188,518.144159,-10189.070123
13754.298277,-148.041188,74.020594,-10495.508323
13754.298595,-296.082377,148.041188,-10495.508323
13754.298913,-370.102971,0.0,-10572.117872
13754.299231,-296.082377,0.0,-10572.117872
13754.299548,-296.082377,74.020594,-10189.070123
13754.299866,-222.061783,222.061783,-10495.508323
13754.300184,0.0,74.020594,-10648.727422
13754.300502,0.0,0.0,-10418.898773
13754.300819,-296.082377,0.0,-10265.679673
13754.301137,-370.102971,0.0,-10035.851024
13754.301455,-518.144159,-148.041188,-10265.679673
13754.301773,-666.185348,-370.102971,-10112.460574
13754.30209,-592.164754,0.0,-9729.412825
13754.302408,-666.185348,222.061783,-9806.022374
13754.302726,-222.061783,222.061783,-9882.631924
13754.303044,0.0,518.144159,-9882.631924
13754.303361,222.061783,814.226536,-10112.460574
13754.303679,74.020594,592.164754,-10342.289223
13754.303997,74.020594,444.123565,-10189.070123
13754.304315,-222.061783,518.144159,-10495.508323
13754.304632,-518.144159,222.061783,-10495.508323
13754.30495,-222.061783,74.020594,-10495.508323
13754.305268,-296.082377,370.102971,-9422.974625
13754.305586,0.0,74.020594,-10189.070123
13754.305903,0.0,74.020594,-10342.289223
13754.306221,0.0,74.020594,-10418.898773
13754.306539,0.0,0.0,-10189.070123
13754.306857,-592.164754,-518.144159,-10418.898773
13754.307174,-518.144159,-370.102971,-10265.679673
13754.307492,-592.164754,-296.082377,-10495.508323
13754.30781,-592.164754,0.0,-10342.289223
13754.308128,0.0,370.102971,-9959.241474
13754.308445,-222.061783,148.041188,-10265.679673
13754.308763,-296.082377,444.123565,-10572.117872
13754.309081,-370.102971,370.102971,-10572.117872
13754.309399,-518.144159,444.123565,-10418.898773
13754.309716,-296.082377,222.061783,-10189.070123
13754.310034,-592.164754,222.061783,-10342.289223
13754.310352,-666.185348,222.061783,-10342.289223
13754.31067,-518.144159,222.061783,-10495.508323
13754.310987,74.020594,222.061783,-10035.851024
13754.311305,-222.061783,444.123565,-9652.803275
13754.311623,0.0,222.061783,-10035.851024
13754.311941,0.0,222.061783,-10035.851024
13754.312258,74.020594,148.041188,-9882.631924
13754.312576,0.0,0.0,-9959.241474
13754.312894,0.0,-222.061783,-10035.851024
13754.313212,-222.061783,0.0,-10189.070123
13754.313529,0.0,-222.061783,-10112.460574
13754.313847,74.020594,0.0,-10035.851024
13754.314165,0.0,74.020594,-10418.898773
13754.314483,0.0,148.041188,-10418.898773
13754.3148,-222.061783,74.020594,-10265.679673
13754.315118,-222.061783,74.020594,-10572.117872
13754.315436,-444.123565,148.041188,-10495.508323
13754.315754,-592.164754,74.020594,-10342.289223
13754.316071,-222.061783,74.020594,-10572.117872
13754.316389,-296.082377,222.061783,-10495.508323
13754.316707,-370.102971,296.082377,-10878.556072
13754.317025,-296.082377,444.123565,-10572.117872
13754.317342,0.0,222.061783,-10342.289223
13754.31766,-370.102971,296.082377,-10572.117872
13754.317978,0.0,74.020594,-10495.508323
13754.318296,0.0,74.020594,-9959.241474
13754.318613,-148.041188,-222.061783,-10112.460574
13754.318931,-518.144159,-222.061783,-9882.631924
13754.319249,-592.164754,-370.102971,-9882.631924
13754.319567,-370.102971,0.0,-9806.022374
13754.319884,-296.082377,0.0,-9806.022374
13754.320202,-222.061783,74.020594,-10035.851024
13754.32052,0.0,296.082377,-9806.022374
13754.320838,0.0,444.123565,-9959.241474
13754.321155,370.102971,444.123565,-9882.631924
13754.321473,0.0,740.205942,-10418.898773
13754.321791,0.0,444.123565,-10495.508323
13754.322109,-222.061783,444.123565,-10648.727422
13754.322426,-148.041188,222.061783,-10342.289223
13754.322744,0.0,222.061783,-10495.508323
13754.323062,0.0,296.082377,-10342.289223
13754.32338,0.0,222.061783,-10342.289223
13754.323697,148.041188,0.0,-10112.460574
13754.324015,0.0,0.0,-10418.898773
13754.324333,-370.102971,-148.041188,-10265.679673
13754.324651,-370.102971,-444.123565,-10189.070123
13754.324968,-592.164754,-592.164754,-10035.851024
13754.325286,-296.082377,-296.082377,-9882.631924
13754.325604,-518.144159,0.0,-10265.679673
13754.325922,-148.041188,296.082377,-10572.117872
13754.326239,0.0,148.041188,-10495.508323
13754.326557,-370.102971,518.144159,-10418.898773
13754.326875,-296.082377,74.020594,-10265.679673
13754.327193,-592.164754,0.0,-10495.508323
13754.32751,-740.205942,222.061783,-10189.070123
13754.327828,-740.205942,222.061783,-10418.898773
13754.328146,-518.144159,222.061783,-10265.679673
13754.328464,-370.102971,370.102971,-10189.070123
13754.328781,0.0,222.061783,-9882.631924
13754.329099,0.0,444.123565,-9882.631924
13754.329417,0.0,370.102971,-9959.241474
13754.329735,-296.082377,740.205942,-9959.241474
13754.330052,0.0,148.041188,-10265.679673
13754.33037,148.041188,74.020594,-10189.070123
13754.330688,-296.082377,0.0,-10112.460574
13754.331006,0.0,-222.061783,-10265.679673
13754.331323,-148.041188,0.0,-10189.070123
13754.331641,0.0,-148.041188,-10189.070123
13754.331959,-148.041188,0.0,-10112.460574
13754.332277,0.0,0.0,-10112.460574
13754.332594,444.123565,74.020594,-10035.851024
13754.332912,-444.123565,0.0,-10495.508323
13754.33323,-518.144159,0.0,-10495.508323
13754.333548,-666.185348,0.0,-10725.336972
13754.333865,-296.082377,0.0,-10495.508323
13754.334183,-370.102971,370.102971,-10418.898773
13754.334501,-296.082377,518.144159,-10725.336972
13754.334819,-148.041188,592.164754,-10801.946522
13754.335136,-296.082377,296.082377,-10648.727422
13754.335454,-370.102971,296.082377,-9652.803275
13754.335772,-370.102971,0.0,-10418.898773
13754.33609,-370.102971,-148.041188,-10035.851024
13754.336407,-518.144159,-222.061783,-9806.022374
13754.336725,-592.164754,-222.061783,-10035.851024
13754.337043,0.0,74.020594,-10342.289223
13754.337361,-222.061783,0.0,-9959.241474
13754.337678,74.020594,0.0,-9882.631924
13754.337996,74.020594,222.061783,-9959.241474
13754.338314,74.020594,444.123565,-9882.631924
13754.338632,0.0,296.082377,-10112.460574
13754.338949,0.0,370.102971,-10572.117872
13754.339267,-296.082377,296.082377,-10418.898773
13754.339585,-222.061783,222.061783,-10648.727422
13754.339903,0.0,222.061783,-10189.070123
13754.34022,0.0,0.0,-10342.289223
13754.340538,0.0,444.123565,-10112.460574
13754.340856,74.020594,296.082377,-10265.679673
13754.341174,0.0,1110.308913,-10495.508323
13754.341491,-296.082377,74.020594,-10265.679673
13754.341809,-370.102971,0.0,-10572.117872
13754.342127,-518.144159,-148.041188,-10418.898773
13754.342445,-444.123565,-296.082377,-10189.070123
13754.342762,-296.082377,0.0,-10418.898773
13754.34308,-296.082377,222.061783,-10112.460574
13754.343398,0.0,222.061783,-10265.679673
13754.343716,-148.041188,0.0,-9959.241474
13754.344033,-296.082377,222.061783,-10112.460574
13754.344351,-370.102971,0.0,-10342.289223
13754.344669,-740.205942,0.0,-10189.070123
13754.344987,-740.205942,0.0,-9959.241474
13754.345304,-740.205942,222.061783,-10035.851024
13754.345622,0.0,0.0,-9806.022374
13754.34594,0.0,518.144159,-10035.851024
13754.346258,0.0,666.185348,-10112.460574
13754.346575,0.0,592.164754,-10035.851024
13754.346893,0.0,592.164754,-9806.022374
13754.347211,-222.061783,296.082377,-10418.898773
13754.347529,0.0,148.041188,-10418.898773
13754.347846,0.0,148.041188,-10342.289223
13754.348164,-222.061783,0.0,-10189.070123
13754.348482,296.082377,74.020594,-10265.679673
13754.3488,0.0,-222.061783,-10112.460574
13754.349117,0.0,-222.061783,-9806.022374
13754.349435,0.0,-74.020594,-9806.022374
13754.349753,-148.041188,0.0,-10342.289223
13754.350071,-222.061783,-148.041188,-10265.679673
13754.350388,-148.041188,-296.082377,-10265.679673
13754.350706,-296.082377,0.0,-10342.289223
13754.351024,-370.102971,-148.041188,-10189.070123
13754.351342,-666.185348,-222.061783,-10648.727422
13754.35166,-296.082377,222.061783,-10725.336972
13754.351977,-296.082377,444.123565,-10572.117872
13754.352295,-370.102971,666.185348,-10495.508323
13754.352613,-444.123565,444.123565,-10572.117872
13754.352931,-518.144159,666.185348,-10801.946522
13754.353248,-518.144159,296.082377,-10572.117872
13754.353566,-444.123565,0.0,-10112.460574
13754.353884,-666.185348,0.0,-10265.679673
13754.354202,74.020594,0.0,-9576.193725
13754.354519,-222.061783,0.0,-9882.631924
13754.354837,-296.082377,148.041188,-9806.022374
13754.355155,-148.041188,0.0,-9729.412825
13754.355473,0.0,0.0,-9806.022374
13754.35579,74.020594,0.0,-9806.022374
13754.356108,0.0,0.0,-9806.022374
13754.356426,0.0,148.041188,-10035.851024
13754.356744,0.0,0.0,-10189.070123
13754.357061,74.020594,296.082377,-10112.460574
13754.357379,0.0,74.020594,-10342.289223
13754.357697,0.0,222.061783,-10418.898773
13754.358015,0.0,518.144159,-10342.289223
13754.358332,0.0,444.123565,-10189.070123
13754.35865,74.020594,370.102971,-10418.898773
13754.358968,-296.082377,370.102971,-10648.727422
13754.359286,-296.082377,74.020594,-10495.508323
13754.359603,-444.123565,-296.082377,-10648.727422
13754.359921,-74.020594,0.0,-10725.336972
13754.360239,-370.102971,0.0,-10342.289223
13754.360557,0.0,148.041188,-10418.898773
13754.360874,-148.041188,148.041188,-10342.289223
13754.361192,-222.061783,0.0,-10112.460574
13754.36151,-370.102971,222.061783,-10265.679673
13754.361828,-518.144159,0.0,-10265.679673
13754.362145,-666.185348,0.0,-10265.679673
13754.362463,-666.185348,0.0,-9806.022374
13754.362781,-962.267725,148.041188,-9422.974625
13754.363099,-518.144159,0.0,-9882.631924
13754.363416,-296.082377,296.082377,-9959.241474
13754.363734,0.0,296.082377,-10035.851024
13754.364052,0.0,444.123565,-10035.851024
13754.36437,148.041188,666.185348,-10189.070123
13754.364687,0.0,518.144159,-10572.117872
13754.365005,0.0,444.123565,-10495.508323
13754.365323,74.020594,222.061783,-10418.898773
13754.365641,-370.102971,148.041188,-10725.336972
13754.365958,-222.061783,148.041188,-10189.070123
13754.366276,0.0,0.0,-10112.460574
13754.366594,148.041188,0.0,-10112.460574
13754.366912,74.020594,-148.041188,-9959.241474
13754.367229,370.102971,-296.082377,-10112.460574
13754.367547,74.020594,0.0,-10112.460574
13754.367865,-518.144159,-370.102971,-10265.679673
13754.368183,-370.102971,-518.144159,-10342.289223
13754.3685,-518.144159,74.020594,-10265.679673
13754.368818,-740.205942,0.0,-10189.070123
13754.369136,-444.123565,0.0,-10189.070123
13754.369454,-148.041188,518.144159,-10418.898773
13754.369771,-148.041188,740.205942,-10342.289223
13754.370089,-370.102971,666.185348,-10265.679673
13754.370407,-518.144159,666.185348,-10495.508323
13754.370725,-518.144159,222.061783,-10342.289223
13754.371042,-666.185348,296.082377,-10189.070123
13754.37136,-814.226536,740.205942,-10572.117872
13754.371678,-296.082377,222.061783,-10189.070123
13754.371996,0.0,0.0,-9882.631924
13754.372313,0.0,444.123565,-9652.803275
13754.372631,148.041188,222.061783,-9882.631924
13754.372949,222.061783,148.041188,-9652.803275
13754.373267,0.0,148.041188,-9959.241474
13754.373584,-148.041188,0.0,-9882.631924
13754.373902,0.0,0.0,-10265.679673
13754.37422,74.020594,0.0,-9346.365076
13754.374538,-148.041188,74.020594,-10035.851024
13754.374855,0.0,0.0,-10189.070123
13754.375173,0.0,148.041188,-10189.070123
13754.375491,0.0,222.061783,-10112.460574
13754.375809,-444.123565,0.0,-10112.460574
13754.376126,0.0,370.102971,-10572.117872
13754.376444,-518.144159,222.061783,-10418.898773
13754.376762,-444.123565,0.0,-10495.508323
13754.37708,-222.061783,370.102971,-10572.117872
13754.377397,-444.123565,0.0,-10265.679673
13754.377715,-370.102971,74.020594,-10495.508323
13754.378033,-222.061783,296.082377,-10572.117872
13754.378351,0.0,296.082377,-10495.508323
13754.378668,0.0,148.041188,-10035.851024
13754.378986,-296.082377,0.0,-10418.898773
13754.379304,-370.102971,0.0,-10342.289223
13754.379622,-592.164754,0.0,-10035.851024
13754.379939,-444.123565,0.0,-9806.022374
13754.380257,-666.185348,-148.041188,-9959.241474
13754.380575,-444.123565,0.0,-9882.631924
13754.380893,-444.123565,148.041188,-9729.412825
13754.38121,0.0,222.061783,-9959.241474
13754.381528,0.0,370.102971,-10189.070123
13754.381846,0.0,444.123565,-10189.070123
13754.382164,-148.041188,592.164754,-10112.460574
13754.382482,0.0,592.164754,-10418.898773
13754.382799,0.0,592.164754,-10495.508323
13754.383117,0.0,370.102971,-10418.898773
13754.383435,0.0,370.102971,-10418.898773
13754.383753,0.0,148.041188,-10189.070123
13754.38407,0.0,148.041188,-9959.241474
13754.384388,74.020594,-592.164754,-10265.679673
13754.384706,222.061783,-148.041188,-10189.070123
13754.385024,-222.061783,0.0,-10112.460574
13754.385342,-296.082377,-518.144159,-10189.070123
13754.385659,-370.102971,-222.061783,-10342.289223
13754.385977,-370.102971,-814.226536,-10112.460574
13754.386295,-444.123565,0.0,-10112.460574
13754.386613,-370.102971,222.061783,-10265.679673
13754.38693,-148.041188,222.061783,-10418.898773
13754.387248,-370.102971,518.144159,-10418.898773
13754.387566,-444.123565,518.144159,-10801.946522
13754.387884,-518.144159,296.082377,-10265.679673
13754.388201,-518.144159,148.041188,-10418.898773
13754.388519,-592.164754,222.061783,-10189.070123
13754.388837,-740.205942,296.082377,-9806.022374
13754.389155,-444.123565,444.123565,-10112.460574
13754.389473,-222.061783,74.020594,-10112.460574
13754.38979,-222.061783,74.020594,-9959.241474
13754.390108,74.020594,296.082377,-9806.022374
13754.390426,148.041188,222.061783,-10112.460574
13754.390744,222.061783,444.123565,-10035.851024
13754.391061,222.061783,0.0,-9882.631924
13754.391379,74.020594,-222.061783,-10189.070123
13754.391697,296.082377,0.0,-10265.679673
13754.392015,0.0,-296.082377,-10035.851024
13754.392333,0.0,-222.061783,-10112.460574
13754.39265,0.0,74.020594,-10112.460574
13754.392968,0.0,74.020594,-10189.070123
13754.393286,74.020594,148.041188,-9959.241474
13754.393604,0.0,222.061783,-10342.289223
13754.393921,-444.123565,148.041188,-10648.727422
13754.394239,-518.144159,0.0,-10648.727422
13754.394557,-740.205942,0.0,-10035.851024
13754.394875,-666.185348,222.061783,-10418.898773
13754.395193,-518.144159,370.102971,-10112.460574
13754.39551,-222.061783,518.144159,-10648.727422
13754.395828,0.0,444.123565,-10572.117872
13754.396146,0.0,1036.288319,-10418.898773
13754.396464,-222.061783,296.082377,-10418.898773
13754.396781,-370.102971,0.0,-10342.289223
13754.397099,-444.123565,-222.061783,-10112.460574
13754.397417,-370.102971,-296.082377,-10265.679673
13754.397735,-666.185348,0.0,-9652.803275
13754.398052,-222.061783,-148.041188,-9959.241474
13754.39837,-148.041188,0.0,-9652.803275
13754.398688,0.0,0.0,-9806.022374
13754.399006,-222.061783,222.061783,-9576.193725
13754.399324,0.0,518.144159,-9882.631924
13754.399641,-148.041188,370.102971,-10342.289223
13754.399959,0.0,0.0,-10189.070123
13754.400277,0.0,370.102971,-10342.289223
13754.400595,-296.082377,518.144159,-10725.336972
13754.400912,-148.041188,518.144159,-10418.898773
13754.40123,0.0,148.041188,-10265.679673
13754.401548,0.0,444.123565,-10418.898773
13754.401866,0.0,296.082377,-10495.508323
13754.402184,0.0,74.020594,-10112.460574
13754.402501,-370.102971,0.0,-9959.241474
13754.402819,-370.102971,-222.061783,-10265.679673
13754.403137,-518.144159,-518.144159,-10495.508323
13754.403455,-444.123565,-518.144159,-10265.679673
13754.403772,74.020594,-148.041188,-9729.412825
13754.40409,-370.102971,0.0,-10189.070123
13754.404408,-370.102971,0.0,-10112.460574
13754.404726,-148.041188,0.0,-10265.679673
13754.405043,-296.082377,148.041188,-10572.117872
13754.405361,-296.082377,0.0,-10112.460574
13754.405679,-592.164754,148.041188,-10112.460574
13754.405997,-592.164754,370.102971,-10342.289223
13754.406315,-518.144159,296.082377,-10265.679673
13754.406632,-518.144159,370.102971,-9499.584175
13754.40695,-296.082377,370.102971,-9959.241474
13754.407268,0.0,444.123565,-9882.631924
13754.407586,148.041188,296.082377,-10112.460574
13754.407903,0.0,518.144159,-10035.851024
13754.408221,0.0,296.082377,-10265.679673
13754.408539,0.0,0.0,-10418.898773
13754.408857,0.0,0.0,-10112.460574
13754.409175,-222.061783,0.0,-10265.679673
13754.409492,148.041188,-148.041188,-9652.803275
13754.40981,74.020594,-148.041188,-10265.679673
13754.410128,0.0,-222.061783,-10035.851024
13754.410446,0.0,0.0,-10342.289223
13754.410763,0.0,0.0,-10342.289223
13754.411081,-148.041188,-148.041188,-9806.022374
13754.411399,-592.164754,0.0,-10342.289223
13754.411717,-444.123565,0.0,-10189.070123
13754.412035,-518.144159,0.0,-10342.289223
13754.412352,-592.164754,148.041188,-10342.289223
13754.41267,-444.123565,444.123565,-10495.508323
13754.412988,-148.041188,370.102971,-10572.117872
13754.413306,-148.041188,666.185348,-10572.117872
13754.413623,-518.144159,222.061783,-10648.727422
13754.413941,-444.123565,888.24713,-10878.556072
13754.414259,-370.102971,74.020594,-10265.679673
13754.414577,-518.144159,0.0,-10265.679673
13754.414894,-518.144159,0.0,-9959.241474
13754.415212,-296.082377,0.0,-9729.412825
13754.41553,-148.041188,-222.061783,-10035.851024
13754.415848,-222.061783,0.0,-9729.412825
13754.416166,0.0,74.020594,-9806.022374
13754.416483,0.0,148.041188,-9882.631924
13754.416801,74.020594,296.082377,-9959.241474
13754.417119,0.0,0.0,-10112.460574
13754.417437,0.0,0.0,-10265.679673
13754.417754,0.0,222.061783,-10265.679673
13754.418072,0.0,296.082377,-10495.508323
13754.41839,0.0,148.041188,-10418.898773
13754.418708,0.0,296.082377,-10265.679673
13754.419026,0.0,370.102971,-10265.679673
13754.419343,222.061783,148.041188,-10495.508323
13754.419661,0.0,666.185348,-10418.898773
13754.419979,-148.041188,296.082377,-10418.898773
13754.420297,-370.102971,0.0,-10572.117872
13754.420614,-222.061783,-296.082377,-10418.898773
13754.420932,-370.102971,-222.061783,-10342.289223
13754.42125,-592.164754,148.041188,-9959.241474
13754.421568,-296.082377,0.0,-10495.508323
13754.421885,0.0,74.020594,-10342.289223
13754.422203,0.0,296.082377,-10265.679673
13754.422521,-222.061783,296.082377,-10418.898773
13754.422839,-370.102971,74.020594,-10495.508323
13754.423157,-666.185348,0.0,-10112.460574
13754.423474,-740.205942,-148.041188,-10418.898773
13754.423792,-740.205942,0.0,-10112.460574
13754.42411,0.0,0.0,-10265.679673
13754.424428,-296.082377,444.123565,-9806.022374
13754.424745,0.0,666.185348,-10035.851024
13754.425063,74.020594,592.164754,-10112.460574
13754.425381,74.020594,666.185348,-10035.851024
13754.425699,0.0,592.164754,-9882.631924
13754.426017,0.0,296.082377,-10265.679673
13754.426334,74.020594,222.061783,-10418.898773
13754.426652,-222.061783,0.0,-10265.679673
13754.42697,592.164754,74.020594,-10418.898773
13754.427288,0.0,-74.020594,-10189.070123
13754.427605,0.0,0.0,-10265.679673
13754.427923,0.0,0.0,-9959.241474
13754.428241,0.0,0.0,-9806.022374
13754.428559,0.0,0.0,-10035.851024
13754.428877,-296.082377,-222.061783,-10418.898773
13754.429194,-296.082377,-370.102971,-10418.898773
13754.429512,-518.144159,-222.061783,-10189.070123
13754.42983,-518.144159,222.061783,-10112.460574
13754.430148,-518.144159,222.061783,-10342.289223
13754.430465,0.0,444.123565,-10418.898773
13754.430783,-222.061783,814.226536,-10265.679673
13754.431101,-296.082377,666.185348,-10648.727422
13754.431419,0.0,296.082377,-10801.946522
13754.431736,-370.102971,74.020594,-10648.727422
13754.432054,-518.144159,0.0,-10189.070123
13754.432372,-592.164754,0.0,-10265.679673
13754.43269,-444.123565,0.0,-10035.851024
13754.433008,-222.061783,-222.061783,-9806.022374
13754.433325,0.0,0.0,-9806.022374
13754.433643,0.0,74.020594,-9806.022374
13754.433961,74.020594,74.020594,-9882.631924
13754.434279,666.185348,296.082377,-10112.460574
13754.434596,0.0,0.0,-10112.460574
13754.434914,-222.061783,148.041188,-10265.679673
13754.435232,-222.061783,222.061783,-10035.851024
13754.43555,-222.061783,74.020594,-10035.851024
13754.435868,0.0,74.020594,-10342.289223
13754.436185,0.0,222.061783,-10342.289223
13754.436503,0.0,296.082377,-10265.679673
13754.436821,-148.041188,444.123565,-10342.289223
13754.437139,148.041188,296.082377,-9882.631924
13754.437456,-444.123565,296.082377,-10725.336972
13754.437774,-592.164754,148.041188,-10342.289223
13754.438092,-518.144159,-444.123565,-10495.508323
13754.43841,-370.102971,-148.041188,-10112.460574
13754.438727,-296.082377,0.0,-9806.022374
13754.439045,-370.102971,74.020594,-10418.898773
13754.439363,0.0,296.082377,-10342.289223
13754.439681,-148.041188,148.041188,-10572.117872
13754.439999,0.0,0.0,-10342.289223
13754.440316,-444.123565,74.020594,-10112.460574
13754.440634,-592.164754,-148.041188,-10035.851024
13754.440952,-740.205942,-444.123565,-9959.241474
13754.44127,-740.205942,0.0,-9729.412825
13754.441587,-148.041188,-370.102971,-10035.851024
13754.441905,-518.144159,222.061783,-9959.241474
13754.442223,0.0,592.164754,-9959.241474
13754.442541,0.0,592.164754,-9806.022374
13754.442859,0.0,740.205942,-10112.460574
13754.443176,148.041188,518.144159,-10342.289223
13754.443494,74.020594,444.123565,-10572.117872
13754.443812,-148.041188,296.082377,-10418.898773
13754.44413,-296.082377,0.0,-10725.336972
13754.444447,222.061783,148.041188,-10572.117872
13754.444765,0.0,74.020594,-10112.460574
13754.445083,0.0,148.041188,-10035.851024
13754.445401,74.020594,74.020594,-10112.460574
13754.445719,222.061783,0.0,-10112.460574
13754.446036,222.061783,-222.061783,-10035.851024
13754.446354,-370.102971,0.0,-10418.898773
13754.446672,-518.144159,-518.144159,-10572.117872
13754.44699,-518.144159,-296.082377,-10189.070123
13754.447307,-370.102971,0.0,-10265.679673
13754.447625,-518.144159,148.041188,-10189.070123
13754.447943,0.0,444.123565,-10189.070123
13754.448261,0.0,592.164754,-10572.117872
13754.448578,-222.061783,666.185348,-10648.727422
13754.448896,-444.123565,1110.308913,-10725.336972
13754.449214,-370.102971,0.0,-10418.898773
13754.449532,-592.164754,296.082377,-10342.289223
13754.44985,-666.185348,74.020594,-10342.289223
13754.450167,-592.164754,148.041188,-9959.241474
13754.450485,-148.041188,222.061783,-10035.851024
13754.450803,0.0,222.061783,-9959.241474
13754.451121,296.082377,296.082377,-10035.851024
13754.451438,222.061783,148.041188,-10035.851024
13754.451756,74.020594,370.102971,-10112.460574
13754.452074,0.0,148.041188,-10342.289223
13754.452392,-148.041188,-222.061783,-10112.460574
13754.45271,-222.061783,0.0,-10189.070123
13754.453027,-148.041188,0.0,-10189.070123
13754.453345,0.0,74.020594,-10342.289223
13754.453663,0.0,74.020594,-10112.460574
13754.453981,0.0,148.041188,-10342.289223
13754.454298,-296.082377,296.082377,-10342.289223
13754.454616,-296.082377,444.123565,-10265.679673
13754.454934,-518.144159,518.144159,-10418.898773
13754.455252,-518.144159,0.0,-10342.289223
13754.45557,-592.164754,0.0,-10342.289223
13754.455887,-370.102971,74.020594,-10495.508323
13754.456205,-296.082377,74.020594,-10418.898773
13754.456523,-518.144159,296.082377,-10572.117872
13754.456841,-296.082377,370.102971,-10342.289223
13754.457158,-296.082377,74.020594,-10265.679673
13754.457476,-148.041188,148.041188,-10495.508323
13754.457794,-222.061783,-222.061783,-10035.851024
13754.458112,74.020594,-444.123565,-10495.508323
13754.458429,-518.144159,-222.061783,-9959.241474
13754.458747,-444.123565,-222.061783,-10035.851024
13754.459065,-518.144159,0.0,-9806.022374
13754.459383,-148.041188,148.041188,-9959.241474
13754.459701,-370.102971,518.144159,-10112.460574
13754.460018,0.0,222.061783,-10112.460574
13754.460336,74.020594,222.061783,-10112.460574
13754.460654,-148.041188,740.205942,-10342.289223
13754.460972,0.0,666.185348,-10112.460574
13754.461289,-222.061783,370.102971,-10189.070123
13754.461607,-296.082377,370.102971,-10342.289223
13754.461925,0.0,222.061783,-10342.289223
13754.462243,-148.041188,148.041188,-10495.508323
13754.462561,222.061783,370.102971,-9959.241474
13754.462878,0.0,0.0,-10342.289223
13754.463196,0.0,74.020594,-10265.679673
13754.463514,0.0,0.0,-10342.289223
13754.463832,-518.144159,-148.041188,-10418.898773
13754.464149,-370.102971,-592.164754,-9346.365076
13754.464467,-296.082377,-518.144159,-10418.898773
13754.464785,-296.082377,-296.082377,-10265.679673
13754.465103,-296.082377,0.0,-10189.070123
13754.46542,-222.061783,296.082377,-10189.070123
13754.465738,-296.082377,444.123565,-10801.946522
13754.466056,-296.082377,370.102971,-10572.117872
13754.466374,-148.041188,370.102971,-10418.898773
13754.466692,-370.102971,222.061783,-10495.508323
13754.467009,-444.123565,74.020594,-10035.851024
13754.467327,-814.226536,444.123565,-10189.070123
13754.467645,-666.185348,444.123565,-10035.851024
13754.467963,-370.102971,444.123565,-10035.851024
13754.46828,0.0,444.123565,-9959.241474
13754.468598,148.041188,222.061783,-9882.631924
13754.468916,74.020594,518.144159,-10035.851024
13754.469234,74.020594,296.082377,-10189.070123
13754.469552,0.0,74.020594,-10189.070123
13754.469869,0.0,0.0,-10112.460574
13754.470187,74.020594,-740.205942,-10112.460574
13754.470505,-370.102971,-222.061783,-10112.460574
13754.470823,0.0,-222.061783,-10189.070123
13754.47114,148.041188,0.0,-10035.851024
13754.471458,148.041188,0.0,-10112.460574
13754.471776,222.061783,296.082377,-10112.460574
13754.472094,-222.061783,0.0,-10342.289223
13754.472412,-444.123565,0.0,-10342.289223
13754.472729,-296.082377,0.0,-10572.117872
13754.473047,-518.144159,0.0,-10418.898773
13754.473365,-444.123565,0.0,-10495.508323
13754.473683,-370.102971,296.082377,-10648.727422
13754.474,0.0,592.164754,-10572.117872
13754.474318,0.0,740.205942,-10342.289223
13754.474636,-296.082377,666.185348,-10878.556072
13754.474954,-296.082377,222.061783,-10418.898773
13754.475271,-592.164754,0.0,-10265.679673
13754.475589,-592.164754,-148.041188,-10112.460574
13754.475907,-666.185348,0.0,-9806.022374
13754.476225,-296.082377,0.0,-9806.022374
13754.476543,-370.102971,0.0,-9652.803275
13754.47686,0.0,74.020594,-9806.022374
13754.477178,0.0,0.0,-9806.022374
13754.477496,0.0,592.164754,-9882.631924
13754.477814,0.0,370.102971,-9959.241474
13754.478131,0.0,444.123565,-10265.679673
13754.478449,0.0,370.102971,-10495.508323
13754.478767,-148.041188,296.082377,-10418.898773
13754.479085,518.144159,0.0,-10878.556072
13754.479403,0.0,222.061783,-10418.898773
13754.47972,0.0,370.102971,-10418.898773
13754.480038,0.0,370.102971,-10572.117872
13754.480356,0.0,74.020594,-10189.070123
13754.480674,-148.041188,222.061783,-9882.631924
13754.480991,-222.061783,148.041188,-10418.898773
13754.481309,-222.061783,0.0,-10418.898773
13754.481627,-296.082377,-370.102971,-10265.679673
13754.481945,0.0,0.0,-10495.508323
13754.482262,-370.102971,-222.061783,-10112.460574
13754.48258,-370.102971,-222.061783,-10495.508323
13754.482898,-222.061783,74.020594,-10418.898773
13754.483216,-444.123565,222.061783,-10418.898773
13754.483534,-370.102971,0.0,-10418.898773
13754.483851,-222.061783,74.020594,-10112.460574
13754.484169,-444.123565,0.0,-10418.898773
13754.484487,-444.123565,0.0,-10035.851024
13754.484805,-740.205942,222.061783,-9882.631924
13754.485122,-370.102971,148.041188,-10035.851024
13754.48544,-296.082377,444.123565,-10112.460574
13754.485758,-148.041188,444.123565,-9882.631924
13754.486076,0.0,592.164754,-10112.460574
13754.486394,-222.061783,814.226536,-9652.803275
13754.486711,74.020594,444.123565,-10189.070123
13754.487029,0.0,296.082377,-10495.508323
13754.487347,0.0,0.0,-10648.727422
13754.487665,-148.041188,0.0,-10342.289223
13754.487982,0.0,0.0,-10342.289223
13754.4883,-148.041188,-148.041188,-9959.241474
13754.488618,0.0,-370.102971,-10189.070123
13754.488936,0.0,0.0,-9959.241474
13754.489254,0.0,-222.061783,-9806.022374
13754.489571,-296.082377,-148.041188,-10265.679673
13754.489889,-518.144159,0.0,-10418.898773
13754.490207,-370.102971,0.0,-10342.289223
13754.490525,-592.164754,0.0,-10495.508323
13754.490842,-444.123565,148.041188,-10189.070123
13754.49116,-518.144159,370.102971,-10572.117872
13754.491478,0.0,444.123565,-10648.727422
13754.491796,-222.061783,592.164754,-10418.898773
13754.492114,-222.061783,444.123565,-10572.117872
13754.492431,-370.102971,296.082377,-10648.727422
13754.492749,-296.082377,0.0,-10495.508323
13754.493067,-518.144159,0.0,-10342.289223
13754.493385,-666.185348,74.020594,-9882.631924
13754.493702,-370.102971,0.0,-9882.631924
13754.49402,0.0,-148.041188,-9806.022374
13754.494338,-148.041188,222.061783,-9729.412825
13754.494656,74.020594,0.0,-9806.022374
13754.494974,296.082377,0.0,-9806.022374
13754.495291,0.0,296.082377,-9959.241474
13754.495609,0.0,74.020594,-10189.070123
13754.495927,-148.041188,74.020594,-10189.070123
13754.496245,0.0,0.0,-10189.070123
13754.496562,0.0,0.0,-10495.508323
13754.49688,0.0,148.041188,-10495.508323
13754.497198,-222.061783,296.082377,-10418.898773
13754.497516,0.0,444.123565,-10495.508323
13754.497834,-222.061783,296.082377,-10265.679673
13754.498151,0.0,444.123565,-10495.508323
13754.498469,-296.082377,148.041188,-10495.508323
13754.498787,-444.123565,-222.061783,-10495.508323
13754.499105,-592.164754,-148.041188,-10572.117872
13754.499422,-444.123565,-222.061783,-10418.898773
13754.49974,-222.061783,0.0,-10112.460574
13754.500058,-444.123565,74.020594,-10342.289223
13754.500376,0.0,0.0,-10418.898773
13754.500694,-370.102971,0.0,-10572.117872
13754.501011,370.102971,0.0,-10035.851024
13754.501329,-518.144159,0.0,-10265.679673
13754.501647,-518.144159,0.0,-10265.679673
13754.501965,-296.082377,0.0,-9882.631924
13754.502282,-592.164754,296.082377,-9729.412825
13754.5026,-370.102971,148.041188,-10035.851024
13754.502918,-296.082377,148.041188,-9959.241474
13754.503236,0.0,296.082377,-10035.851024
13754.503554,0.0,814.226536,-9959.241474
13754.503871,-148.041188,1258.350101,-9269.755526
13754.504189,0.0,592.164754,-10189.070123
13754.504507,74.020594,296.082377,-10265.679673
13754.504825,-222.061783,296.082377,-10265.679673
13754.505142,0.0,0.0,-10265.679673
13754.50546,0.0,148.041188,-10572.117872
13754.505778,0.0,0.0,-10342.289223
13754.506096,148.041188,74.020594,-10189.070123
13754.506414,0.0,0.0,-9959.241474
13754.506731,222.061783,0.0,-10342.289223
13754.507049,-296.082377,-222.061783,-9959.241474
13754.507367,-296.082377,-222.061783,-10265.679673
13754.507685,-518.144159,-370.102971,-10035.851024
13754.508002,-444.123565,-296.082377,-10418.898773
13754.50832,-222.061783,0.0,-10265.679673
13754.508638,-518.144159,148.041188,-10572.117872
13754.508956,-296.082377,370.102971,-10342.289223
13754.509274,-222.061783,518.144159,-10495.508323
13754.509591,-592.164754,296.082377,-10495.508323
13754.509909,-222.061783,296.082377,-10495.508323
13754.510227,-592.164754,296.082377,-10495.508323
13754.510545,-444.123565,148.041188,-10265.679673
13754.510862,-592.164754,148.041188,-10189.070123
13754.51118,-370.102971,0.0,-10035.851024
13754.511498,-370.102971,148.041188,-9806.022374
13754.511816,0.0,74.020594,-9806.022374
13754.512134,74.020594,148.041188,-9959.241474
13754.512451,222.061783,444.123565,-10418.898773
13754.512769,74.020594,222.061783,-10112.460574
13754.513087,0.0,0.0,-9882.631924
13754.513405,0.0,148.041188,-10265.679673
13754.513722,-222.061783,0.0,-10035.851024
13754.51404,0.0,0.0,-10342.289223
13754.514358,-148.041188,222.061783,-10189.070123
13754.514676,0.0,74.020594,-10265.679673
13754.514994,-296.082377,222.061783,-10418.898773
13754.515311,0.0,666.185348,-10265.679673
13754.515629,0.0,148.041188,-10495.508323
13754.515947,-444.123565,148.041188,-10648.727422
13754.516265,-444.123565,0.0,-10418.898773
13754.516582,-370.102971,74.020594,-10495.508323
13754.5169,-296.082377,0.0,-10342.289223
13754.517218,-370.102971,74.020594,-10572.117872
13754.517536,-296.082377,74.020594,-10265.679673
13754.517854,0.0,148.041188,-10418.898773
13754.518171,-148.041188,592.164754,-10418.898773
13754.518489,-370.102971,296.082377,-10265.679673
13754.518807,-370.102971,-148.041188,-10265.679673
13754.519125,-444.123565,-148.041188,-10112.460574
13754.519442,-740.205942,0.0,-9806.022374
13754.51976,-518.144159,0.0,-10265.679673
13754.520078,-518.144159,0.0,-9729.412825
13754.520396,-222.061783,148.041188,-9806.022374
13754.520714,-222.061783,444.123565,-10112.460574
13754.521031,0.0,222.061783,-9422.974625
13754.521349,0.0,740.205942,-10112.460574
13754.521667,0.0,740.205942,-10418.898773
13754.521985,148.041188,222.061783,-10418.898773
13754.522302,0.0,148.041188,-10418.898773
13754.52262,0.0,148.041188,-10342.289223
13754.522938,0.0,0.0,-10418.898773
13754.523256,0.0,74.020594,-10418.898773
13754.523574,0.0,148.041188,-10112.460574
13754.523891,74.020594,0.0,-10189.070123
13754.524209,0.0,0.0,-10342.289223
13754.524527,-296.082377,0.0,-10112.460574
13754.524845,-222.061783,-370.102971,-10342.289223
13754.525162,-370.102971,-740.205942,-10342.289223
13754.52548,-740.205942,-148.041188,-10725.336972
13754.525798,-444.123565,0.0,-10342.289223
13754.526116,-518.144159,74.020594,-10342.289223
13754.526434,-148.041188,370.102971,-10342.289223
13754.526751,-74.020594,296.082377,-9729.412825
13754.527069,-296.082377,592.164754,-10418.898773
13754.527387,-370.102971,296.082377,-10495.508323
13754.527705,-370.102971,222.061783,-10495.508323
13754.528022,-592.164754,222.061783,-10418.898773
13754.52834,-962.267725,0.0,-10035.851024
13754.528658,-444.123565,148.041188,-10112.460574
13754.528976,0.0,296.082377,-10112.460574
13754.529294,74.020594,148.041188,-10112.460574
13754.529611,0.0,518.144159,-9882.631924
13754.529929,74.020594,370.102971,-9806.022374
13754.530247,74.020594,0.0,-9959.241474
13754.530565,-148.041188,0.0,-10265.679673
13754.530882,0.0,148.041188,-10189.070123
13754.5312,0.0,-370.102971,-10265.679673
13754.531518,0.0,0.0,-10112.460574
13754.531836,0.0,74.020594,-10035.851024
13754.532154,74.020594,0.0,-9959.241474
13754.532471,0.0,148.041188,-10035.851024
13754.532789,74.020594,296.082377,-10418.898773
13754.533107,-296.082377,222.061783,-10418.898773
13754.533425,-518.144159,0.0,-10648.727422
13754.533742,-518.144159,148.041188,-10265.679673
13754.53406,0.0,0.0,-10725.336972
13754.534378,-592.164754,222.061783,-10418.898773
13754.534696,-444.123565,222.061783,-10648.727422
13754.535014,-370.102971,370.102971,-10955.165621
13754.535331,-296.082377,444.123565,-10495.508323
13754.535649,-444.123565,148.041188,-10572.117872
13754.535967,-296.082377,0.0,-10572.117872
13754.536285,-296.082377,-148.041188,-10342.289223
13754.536602,-370.102971,-148.041188,-9959.241474
13754.53692,-296.082377,-148.041188,-10342.289223
13754.537238,-222.061783,-296.082377,-10112.460574
13754.537556,-518.144159,0.0,-9652.803275
13754.537874,-148.041188,0.0,-9959.241474
13754.538191,-222.061783,222.061783,-9729.412825
13754.538509,0.0,444.123565,-9882.631924
13754.538827,0.0,518.144159,-10035.851024
13754.539145,0.0,518.144159,-10342.289223
13754.539462,0.0,370.102971,-10495.508323
13754.53978,-148.041188,0.0,-10572.117872
13754.540098,-296.082377,518.144159,-10495.508323
13754.540416,0.0,74.020594,-10342.289223
13754.540734,-222.061783,296.082377,-10112.460574
13754.541051,0.0,222.061783,-10265.679673
13754.541369,-222.061783,222.061783,-10112.460574
13754.541687,0.0,296.082377,-10265.679673
13754.542005,0.0,0.0,-10189.070123
13754.542322,-444.123565,-148.041188,-10265.679673
13754.54264,-370.102971,148.041188,-11184.994271
13754.542958,-444.123565,-222.061783,-10265.679673
13754.543276,-444.123565,0.0,-10342.289223
13754.543594,-148.041188,-148.041188,-10342.289223
13754.543911,0.0,0.0,-10572.117872
13754.544229,-148.041188,0.0,-10189.070123
13754.544547,-370.102971,74.020594,-10112.460574
13754.544865,-296.082377,148.041188,-10265.679673
13754.545182,-296.082377,296.082377,-10035.851024
13754.5455,0.0,296.082377,-10342.289223
13754.545818,-444.123565,222.061783,-9959.241474
13754.546136,-296.082377,148.041188,-10035.851024
13754.546454,-222.061783,444.123565,-9882.631924
13754.546771,0.0,370.102971,-10112.460574
13754.547089,0.0,370.102971,-10342.289223
13754.547407,0.0,592.164754,-10189.070123
13754.547725,0.0,148.041188,-10265.679673
13754.548042,0.0,74.020594,-10189.070123
13754.54836,74.020594,740.205942,-10189.070123
13754.548678,0.0,0.0,-10265.679673
13754.548996,0.0,0.0,-10342.289223
13754.549314,-148.041188,0.0,-10035.851024
13754.549631,-148.041188,0.0,-9959.241474
13754.549949,148.041188,0.0,-9806.022374
13754.550267,0.0,0.0,-10189.070123
13754.550585,0.0,222.061783,-10572.117872
13754.550902,-296.082377,74.020594,-10265.679673
13754.55122,-222.061783,0.0,-10495.508323
13754.551538,-370.102971,0.0,-10648.727422
13754.551856,-592.164754,296.082377,-10648.727422
13754.552174,-592.164754,370.102971,-10725.336972
13754.552491,-370.102971,444.123565,-10572.117872
13754.552809,-370.102971,666.185348,-11031.775171
13754.553127,-296.082377,296.082377,-10495.508323
13754.553445,-222.061783,74.020594,-10495.508323
13754.553762,-296.082377,0.0,-10189.070123
13754.55408,0.0,666.185348,-10418.898773
13754.554398,-444.123565,0.0,-9882.631924
13754.554716,-296.082377,-370.102971,-9959.241474
13754.555034,-296.082377,-296.082377,-9882.631924
13754.555351,-370.102971,74.020594,-9806.022374
13754.555669,222.061783,0.0,-9346.365076
13754.555987,0.0,222.061783,-9806.022374
13754.556305,74.020594,370.102971,-9806.022374
13754.556622,0.0,222.061783,-9959.241474
13754.55694,74.020594,148.041188,-10265.679673
13754.557258,-222.061783,222.061783,-10418.898773
13754.557576,-222.061783,0.0,-10572.117872
13754.557894,-148.041188,0.0,-10418.898773
13754.558211,0.0,296.082377,-10572.117872
13754.558529,0.0,370.102971,-9959.241474
13754.558847,0.0,296.082377,-10342.289223
13754.559165,0.0,518.144159,-10418.898773
13754.559482,-296.082377,74.020594,-10342.289223
13754.5598,-370.102971,0.0,-9806.022374
13754.560118,-518.144159,-222.061783,-10112.460574
13754.560436,-518.144159,-296.082377,-10418.898773
13754.560754,-444.123565,-222.061783,-10342.289223
13754.561071,-148.041188,74.020594,-10418.898773
13754.561389,0.0,74.020594,-10495.508323
13754.561707,0.0,74.020594,-10265.679673
13754.562025,0.0,148.041188,-10418.898773
13754.562342,-296.082377,0.0,-10189.070123
13754.56266,-444.123565,-148.041188,-9499.584175
13754.562978,-814.226536,74.020594,-9959.241474
13754.563296,-666.185348,296.082377,-9959.241474
13754.563614,-370.102971,370.102971,-9882.631924
13754.563931,-370.102971,370.102971,-9882.631924
13754.564249,370.102971,444.123565,-9882.631924
13754.564567,0.0,592.164754,-10342.289223
13754.564885,0.0,666.185348,-9959.241474
13754.565202,0.0,518.144159,-10342.289223
13754.56552,0.0,740.205942,-10878.556072
13754.565838,-296.082377,296.082377,-10648.727422
13754.566156,-222.061783,74.020594,-10418.898773
13754.566474,0.0,74.020594,-10495.508323
13754.566791,0.0,0.0,-10112.460574
13754.567109,296.082377,296.082377,-9652.803275
13754.567427,222.061783,0.0,-10189.070123
13754.567745,0.0,0.0,-10112.460574
13754.568062,0.0,-148.041188,-9882.631924
13754.56838,-444.123565,-222.061783,-9882.631924
13754.568698,-518.144159,-444.123565,-10265.679673
13754.569016,-592.164754,-296.082377,-10265.679673
13754.569334,-518.144159,296.082377,-10342.289223
13754.569651,-296.082377,222.061783,-10572.117872
13754.569969,-370.102971,666.185348,-9959.241474
13754.570287,-222.061783,740.205942,-10725.336972
13754.570605,-222.061783,592.164754,-10495.508323
13754.570922,-296.082377,296.082377,-10572.117872
13754.57124,-444.123565,296.082377,-10572.117872
13754.571558,-666.185348,222.061783,-10418.898773
13754.571876,-518.144159,0.0,-9806.022374
13754.572194,-222.061783,0.0,-9882.631924
13754.572511,-296.082377,74.020594,-9959.241474
13754.572829,0.0,222.061783,-9576.193725
13754.573147,0.0,0.0,-9729.412825
13754.573465,0.0,74.020594,-9806.022374
13754.573782,148.041188,0.0,-9882.631924
13754.5741,0.0,0.0,-10112.460574
13754.574418,0.0,0.0,-10035.851024
13754.574736,-222.061783,74.020594,-10265.679673
13754.575054,0.0,148.041188,-10572.117872
13754.575371,-222.061783,148.041188,-10112.460574
13754.575689,-370.102971,962.267725,-10648.727422
13754.576007,0.0,296.082377,-10265.679673
13754.576325,148.041188,370.102971,-10418.898773
13754.576642,-222.061783,370.102971,-10265.679673
13754.57696,-518.144159,148.041188,-10418.898773
13754.577278,-370.102971,-222.061783,-10801.946522
13754.577596,-518.144159,-148.041188,-10265.679673
13754.577914,-444.123565,-148.041188,-10265.679673
13754.578231,-444.123565,222.061783,-10418.898773
13754.578549,-148.041188,814.226536,-10495.508323
13754.578867,0.0,148.041188,-10648.727422
13754.579185,-148.041188,74.020594,-10572.117872
13754.579502,-370.102971,0.0,-10342.289223
13754.57982,-444.123565,-222.061783,-10112.460574
13754.580138,-740.205942,-296.082377,-10189.070123
13754.580456,-740.205942,0.0,-9806.022374
13754.580774,-518.144159,74.020594,-9806.022374
13754.581091,-296.082377,296.082377,-10035.851024
13754.581409,148.041188,444.123565,-9806.022374
13754.581727,-148.041188,592.164754,-9806.022374
13754.582045,74.020594,592.164754,-10112.460574
13754.582362,0.0,740.205942,-10265.679673
13754.58268,0.0,740.205942,-10495.508323
13754.582998,0.0,222.061783,-10342.289223
13754.583316,-370.102971,222.061783,-10418.898773
13754.583634,-148.041188,222.061783,-10342.289223
13754.583951,0.0,0.0,-10265.679673
13754.584269,74.020594,0.0,-11031.775171
13754.584587,74.020594,148.041188,-9882.631924
13754.584905,0.0,0.0,-10189.070123
13754.585222,74.020594,0.0,-9959.241474
13754.58554,-148.041188,0.0,-9959.241474
13754.585858,-444.123565,-666.185348,-10342.289223
13754.586176,-592.164754,-444.123565,-10418.898773
13754.586493,-592.164754,-222.061783,-10342.289223
13754.586811,-296.082377,0.0,-10342.289223
13754.587129,-370.102971,296.082377,-10418.898773
13754.587447,0.0,592.164754,-10418.898773
13754.587764,0.0,444.123565,-10648.727422
13754.588082,-148.041188,518.144159,-10495.508323
13754.5884,-518.144159,296.082377,-10572.117872
13754.588718,-444.123565,444.123565,-10189.070123
13754.589036,-740.205942,222.061783,-10418.898773
13754.589353,-592.164754,0.0,-10112.460574
13754.589671,-296.082377,0.0,-10112.460574
13754.589989,0.0,222.061783,-9959.241474
13754.590307,296.082377,0.0,-9729.412825
13754.590624,74.020594,74.020594,-9806.022374
13754.590942,148.041188,148.041188,-9806.022374
13754.59126,222.061783,74.020594,-9959.241474
13754.591578,0.0,0.0,-10112.460574
13754.591895,74.020594,74.020594,-10189.070123
13754.592213,-222.061783,-148.041188,-10035.851024
13754.592531,0.0,0.0,-10265.679673
13754.592849,-148.041188,0.0,-9882.631924
13754.593166,-370.102971,666.185348,-10112.460574
13754.593484,0.0,444.123565,-10265.679673
13754.593802,0.0,444.123565,-10418.898773
13754.59412,-222.061783,148.041188,-10112.460574
13754.594437,-444.123565,74.020594,-10495.508323
13754.594755,-370.102971,0.0,-10495.508323
13754.595073,-518.144159,0.0,-10495.508323
13754.595391,-518.144159,370.102971,-10572.117872
13754.595709,-222.061783,370.102971,-10495.508323
13754.596026,-518.144159,444.123565,-10495.508323
13754.596344,-148.041188,518.144159,-10648.727422
13754.596662,-148.041188,0.0,-10189.070123
13754.59698,0.0,0.0,-10342.289223
13754.597297,-296.082377,0.0,-10265.679673
13754.597615,-444.123565,0.0,-10801.946522
13754.597933,-666.185348,0.0,-9882.631924
13754.598251,-518.144159,-222.061783,-9959.241474
13754.598568,-370.102971,-222.061783,-9806.022374
13754.598886,-148.041188,74.020594,-9499.584175
13754.599204,0.0,296.082377,-9806.022374
13754.599522,74.020594,370.102971,-10112.460574
13754.599839,0.0,814.226536,-10189.070123
13754.600157,0.0,370.102971,-10418.898773
13754.600475,0.0,444.123565,-10725.336972
13754.600793,-148.041188,222.061783,-10648.727422
13754.60111,-222.061783,0.0,-10495.508323
13754.601428,0.0,222.061783,-10265.679673
13754.601746,-222.061783,222.061783,-10342.289223
13754.602064,222.061783,148.041188,-10418.898773
13754.602382,148.041188,74.020594,-10189.070123
13754.602699,74.020594,222.061783,-10342.289223
13754.603017,-296.082377,-148.041188,-10189.070123
13754.603335,-444.123565,-592.164754,-10189.070123
13754.603653,-518.144159,-222.061783,-10342.289223
13754.60397,-518.144159,-518.144159,-10112.460574
13754.604288,-296.082377,0.0,-10035.851024
13754.604606,-222.061783,148.041188,-10265.679673
13754.604924,0.0,444.123565,-10189.070123
13754.605241,-592.164754,444.123565,-10418.898773
13754.605559,-222.061783,370.102971,-10572.117872
13754.605877,-518.144159,148.041188,-10418.898773
13754.606195,-666.185348,0.0,-10189.070123
13754.606512,-592.164754,518.144159,-10418.898773
13754.60683,-518.144159,0.0,-10035.851024
13754.607148,-222.061783,370.102971,-9959.241474
13754.607466,-222.061783,370.102971,-10342.289223
13754.607783,148.041188,222.061783,-10035.851024
13754.608101,444.123565,148.041188,-10189.070123
13754.608419,148.041188,222.061783,-10035.851024
13754.608737,0.0,74.020594,-9959.241474
13754.609055,0.0,0.0,-10189.070123
13754.609372,0.0,0.0,-10112.460574
13754.60969,0.0,-296.082377,-10189.070123
13754.610008,-222.061783,0.0,-10035.851024
13754.610326,148.041188,74.020594,-9959.241474
13754.610643,0.0,222.061783,-10189.070123
13754.610961,74.020594,370.102971,-10265.679673
13754.611279,0.0,74.020594,-10265.679673
13754.611597,-518.144159,74.020594,-10495.508323
13754.611914,-666.185348,74.020594,-10572.117872
13754.612232,-740.205942,-148.041188,-10342.289223
13754.61255,-666.185348,0.0,-10342.289223
13754.612868,-444.123565,444.123565,-10725.336972
13754.613185,-370.102971,444.123565,-10572.117872
13754.613503,74.020594,518.144159,-10418.898773
13754.613821,-370.102971,592.164754,-10878.556072
13754.614139,-148.041188,74.020594,-10801.946522
13754.614456,-296.082377,0.0,-10189.070123
13754.614774,-370.102971,-222.061783,-10418.898773
13754.615092,-296.082377,0.0,-10112.460574
13754.61541,-296.082377,-370.102971,-9806.022374
13754.615727,-444.123565,0.0,-9806.022374
13754.616045,-222.061783,0.0,-9806.022374
13754.616363,0.0,0.0,-9882.631924
13754.616681,0.0,148.041188,-9729.412825
13754.616999,0.0,444.123565,-9959.241474
13754.617316,0.0,444.123565,-10112.460574
13754.617634,0.0,148.041188,-9959.241474
13754.617952,0.0,148.041188,-10189.070123
13754.61827,-444.123565,222.061783,-9729.412825
13754.618587,-148.041188,370.102971,-10418.898773
13754.618905,0.0,222.061783,-10648.727422
13754.619223,0.0,518.144159,-10035.851024
13754.619541,74.020594,370.102971,-10189.070123
13754.619858,0.0,444.123565,-10265.679673
13754.620176,0.0,0.0,-10342.289223
13754.620494,-370.102971,0.0,-10189.070123
13754.620812,-518.144159,-296.082377,-10265.679673
13754.621129,-444.123565,0.0,-9882.631924
13754.621447,-296.082377,-296.082377,-10035.851024
13754.621765,-222.061783,-222.061783,-10189.070123
13754.622083,-148.041188,222.061783,-10418.898773
13754.6224,0.0,222.061783,-10418.898773
13754.622718,0.0,0.0,-10342.289223
13754.623036,-370.102971,148.041188,-10418.898773
13754.623354,-370.102971,0.0,-10418.898773
13754.623672,-592.164754,0.0,-10495.508323
13754.623989,-814.226536,370.102971,-9806.022374
13754.624307,-592.164754,444.123565,-9806.022374
13754.624625,-296.082377,296.082377,-9882.631924
13754.624943,0.0,444.123565,-9882.631924
13754.62526,0.0,222.061783,-10189.070123
13754.625578,518.144159,148.041188,-10265.679673
13754.625896,0.0,444.123565,-10112.460574
13754.626214,0.0,444.123565,-10112.460574
13754.626531,0.0,148.041188,-10418.898773
13754.626849,0.0,0.0,-10342.289223
13754.627167,0.0,0.0,-10265.679673
13754.627485,74.020594,-148.041188,-10189.070123
13754.627802,148.041188,-222.061783,-9882.631924
13754.62812,0.0,-148.041188,-10035.851024
13754.628438,0.0,0.0,-9882.631924
13754.628756,-148.041188,-148.041188,-9959.241474
13754.629073,-444.123565,0.0,-10189.070123
13754.629391,-370.102971,0.0,-10342.289223
13754.629709,-296.082377,-148.041188,-10572.117872
13754.630027,-148.041188,296.082377,-10725.336972
13754.630345,-222.061783,370.102971,-10572.117872
13754.630662,-296.082377,370.102971,-10418.898773
13754.63098,-296.082377,592.164754,-10801.946522
13754.631298,-222.061783,518.144159,-10801.946522
13754.631616,-592.164754,518.144159,-10801.946522
13754.631933,-592.164754,74.020594,-10495.508323
13754.632251,-592.164754,222.061783,-10342.289223
13754.632569,-444.123565,0.0,-10189.070123
13754.632887,-222.061783,0.0,-9882.631924
13754.633204,-592.164754,0.0,-9652.803275
13754.633522,-148.041188,0.0,-9882.631924
13754.63384,0.0,0.0,-10112.460574
13754.634158,74.020594,0.0,-9806.022374
13754.634475,74.020594,74.020594,-10189.070123
13754.634793,74.020594,0.0,-9959.241474
13754.635111,0.0,148.041188,-9959.241474
13754.635429,0.0,370.102971,-10112.460574
13754.635746,0.0,518.144159,-10878.556072
13754.636064,-222.061783,0.0,-10265.679673
13754.636382,0.0,296.082377,-10189.070123
13754.6367,0.0,222.061783,-10265.679673
13754.637018,0.0,370.102971,-10342.289223
13754.637335,222.061783,888.24713,-10495.508323
13754.637653,0.0,296.082377,-10495.508323
13754.637971,-370.102971,0.0,-10418.898773
13754.638289,-444.123565,0.0,-10342.289223
13754.638606,-444.123565,-222.061783,-10265.679673
13754.638924,-666.185348,0.0,-10265.679673
13754.639242,-296.082377,0.0,-10265.679673
13754.63956,-222.061783,296.082377,-10189.070123
13754.639877,-222.061783,0.0,-10265.679673
13754.640195,148.041188,222.061783,-10725.336972
13754.640513,-222.061783,0.0,-10342.289223
13754.640831,-518.144159,-222.061783,-10035.851024
13754.641148,-666.185348,-222.061783,-9882.631924
13754.641466,-666.185348,222.061783,-10112.460574
13754.641784,-222.061783,74.020594,-10189.070123
13754.642102,-444.123565,370.102971,-9806.022374
13754.642419,-222.061783,370.102971,-9959.241474
13754.642737,-222.061783,666.185348,-10112.460574
13754.643055,0.0,518.144159,-10495.508323
13754.643373,148.041188,592.164754,-10189.070123
13754.643691,74.020594,518.144159,-10265.679673
13754.644008,0.0,444.123565,-10495.508323
13754.644326,-222.061783,148.041188,-10265.679673
13754.644644,370.102971,0.0,-10035.851024
13754.644962,0.0,0.0,-10189.070123
13754.645279,0.0,0.0,-10035.851024
13754.645597,0.0,74.020594,-10035.851024
13754.645915,148.041188,-148.041188,-10035.851024
13754.646233,0.0,-296.082377,-10418.898773
13754.64655,-296.082377,-222.061783,-10265.679673
13754.646868,-370.102971,-296.082377,-10189.070123
13754.647186,-592.164754,-222.061783,-10189.070123
13754.647504,-370.102971,444.123565,-10035.851024
13754.647821,-370.102971,74.020594,-10189.070123
13754.648139,-296.082377,444.123565,-10418.898773
13754.648457,-222.061783,518.144159,-10265.679673
13754.648775,-370.102971,518.144159,-10648.727422
13754.649092,-518.144159,592.164754,-10418.898773
13754.64941,-444.123565,148.041188,-10418.898773
13754.649728,-370.102971,296.082377,-10572.117872
13754.650046,-592.164754,296.082377,-10342.289223
13754.650363,-444.123565,592.164754,-10035.851024
13754.650681,0.0,148.041188,-9806.022374
13754.650999,0.0,74.020594,-9882.631924
13754.651317,0.0,0.0,-9882.631924
13754.651635,0.0,0.0,-9652.803275
13754.651952,222.061783,0.0,-9806.022374
13754.65227,0.0,0.0,-9882.631924
13754.652588,0.0,-222.061783,-10112.460574
13754.652906,0.0,0.0,-10035.851024
13754.653223,-148.041188,0.0,-10035.851024
13754.653541,148.041188,74.020594,-10189.070123
13754.653859,0.0,0.0,-10112.460574
13754.654177,-222.061783,222.061783,-10189.070123
13754.654494,-222.061783,370.102971,-10265.679673
13754.654812,0.0,370.102971,-9499.584175
13754.65513,0.0,370.102971,-10725.336972
13754.655448,-444.123565,296.082377,-10572.117872
13754.655765,-370.102971,148.041188,-10648.727422
13754.656083,-444.123565,-148.041188,-10418.898773
13754.656401,-888.24713,296.082377,-10265.679673
13754.656719,-518.144159,296.082377,-10572.117872
13754.657036,-148.041188,74.020594,-10342.289223
13754.657354,-296.082377,148.041188,-10495.508323
13754.657672,0.0,-296.082377,-10418.898773
13754.65799,-444.123565,74.020594,-10265.679673
13754.658308,-666.185348,-222.061783,-10112.460574
13754.658625,-518.144159,-148.041188,-10189.070123
13754.658943,-444.123565,0.0,-10035.851024
13754.659261,-518.144159,0.0,-9806.022374
13754.659579,-370.102971,74.020594,-9959.241474
13754.659896,-222.061783,296.082377,-9882.631924
13754.660214,0.0,370.102971,-9959.241474
13754.660532,0.0,518.144159,-10112.460574
13754.66085,0.0,666.185348,-10112.460574
13754.661167,74.020594,518.144159,-10418.898773
13754.661485,0.0,592.164754,-10725.336972
13754.661803,-148.041188,444.123565,-10112.460574
13754.662121,0.0,518.144159,-9729.412825
13754.662438,0.0,0.0,-10265.679673
13754.662756,0.0,222.061783,-10189.070123
13754.663074,74.020594,74.020594,-10035.851024
13754.663392,74.020594,0.0,-10265.679673
13754.663709,0.0,0.0,-10112.460574
13754.664027,-444.123565,-148.041188,-10342.289223
13754.664345,-444.123565,-592.164754,-10112.460574
13754.664663,-296.082377,-518.144159,-10418.898773
13754.664981,-370.102971,0.0,-10189.070123
13754.665298,-444.123565,0.0,-10265.679673
13754.665616,-296.082377,370.102971,-10342.289223
13754.665934,0.0,296.082377,-10495.508323
13754.666252,-296.082377,518.144159,-10495.508323
13754.666569,0.0,518.144159,-10495.508323
13754.666887,-444.123565,222.061783,-10189.070123
13754.667205,-370.102971,74.020594,-10189.070123
13754.667523,-592.164754,74.020594,-10189.070123
13754.66784,-592.164754,370.102971,-10189.070123
13754.668158,-370.102971,444.123565,-9959.241474
13754.668476,-222.061783,370.102971,-10035.851024
13754.668794,0.0,592.164754,-9729.412825
13754.669111,222.061783,148.041188,-9882.631924
13754.669429,370.102971,222.061783,-10495.508323
13754.669747,0.0,74.020594,-10035.851024
13754.670065,0.0,0.0,-10265.679673
13754.670382,0.0,0.0,-10189.070123
13754.6707,-148.041188,-148.041188,-10342.289223
13754.671018,0.0,-148.041188,-10189.070123
13754.671336,0.0,-370.102971,-10189.070123
13754.671654,74.020594,0.0,-10035.851024
13754.671971,0.0,222.061783,-9959.241474
13754.672289,0.0,444.123565,-10495.508323
13754.672607,-296.082377,148.041188,-10495.508323
13754.672925,-370.102971,148.041188,-10648.727422
13754.673242,-444.123565,0.0,-10648.727422
13754.67356,-518.144159,0.0,-10648.727422
13754.673878,-148.041188,370.102971,-9806.022374
13754.674196,-296.082377,148.041188,-10342.289223
13754.674513,-222.061783,370.102971,-10495.508323
13754.674831,-296.082377,444.123565,-10648.727422
13754.675149,-296.082377,222.061783,-10342.289223
13754.675467,-296.082377,0.0,-10495.508323
13754.675784,-370.102971,-148.041188,-10112.460574
13754.676102,-518.144159,74.020594,-10035.851024
13754.67642,-518.144159,0.0,-9959.241474
13754.676738,-148.041188,-222.061783,-9729.412825
13754.677055,-222.061783,0.0,-9959.241474
13754.677373,-296.082377,148.041188,-9806.022374
13754.677691,0.0,148.041188,-9959.241474
13754.678009,-148.041188,518.144159,-9959.241474
13754.678327,0.0,666.185348,-10112.460574
13754.678644,148.041188,222.061783,-10112.460574
13754.678962,-148.041188,444.123565,-10418.898773
13754.67928,-296.082377,370.102971,-10342.289223
13754.679598,-148.041188,148.041188,-10955.165621
13754.679915,-296.082377,222.061783,-10495.508323
13754.680233,-148.041188,296.082377,-10265.679673
13754.680551,0.0,222.061783,-10418.898773
13754.680869,222.061783,222.061783,-10189.070123
13754.681186,0.0,222.061783,-10112.460574
13754.681504,-370.102971,0.0,-10495.508323
13754.681822,-296.082377,-296.082377,-10418.898773
13754.68214,-444.123565,-518.144159,-10265.679673
13754.682457,-444.123565,-296.082377,-10112.460574
13754.682775,-222.061783,0.0,-10189.070123
13754.683093,-296.082377,222.061783,-10342.289223
13754.683411,-222.061783,222.061783,-10648.727422
13754.683728,-370.102971,74.020594,-10342.289223
13754.684046,-370.102971,444.123565,-9806.022374
13754.684364,-444.123565,296.082377,-10265.679673
13754.684682,-518.144159,74.020594,-9959.241474
13754.685,-666.185348,148.041188,-10265.679673
13754.685317,-444.123565,296.082377,-10189.070123
13754.685635,-148.041188,518.144159,-10112.460574
13754.685953,-222.061783,444.123565,-10112.460574
13754.686271,0.0,222.061783,-9806.022374
13754.686588,0.0,370.102971,-10035.851024
13754.686906,0.0,518.144159,-10035.851024
13754.687224,0.0,444.123565,-10189.070123
13754.687542,0.0,148.041188,-10265.679673
13754.687859,0.0,0.0,-10265.679673
13754.688177,-148.041188,-148.041188,-10342.289223
13754.688495,-370.102971,0.0,-10112.460574
13754.688813,0.0,-296.082377,-10112.460574
13754.68913,0.0,0.0,-10035.851024
13754.689448,0.0,0.0,-10035.851024
13754.689766,0.0,0.0,-9422.974625
13754.690084,-370.102971,0.0,-10035.851024
13754.690402,-518.144159,0.0,-10342.289223
13754.690719,-370.102971,0.0,-10265.679673
13754.691037,-666.185348,74.020594,-10725.336972
13754.691355,-222.061783,666.185348,-10878.556072
13754.691673,-444.123565,222.061783,-10725.336972
13754.69199,-148.041188,518.144159,-10572.117872
13754.692308,0.0,518.144159,-10725.336972
13754.692626,0.0,444.123565,-10725.336972
13754.692944,-296.082377,370.102971,-10648.727422
13754.693261,-370.102971,74.020594,-10342.289223
13754.693579,-518.144159,0.0,-10342.289223
13754.693897,-666.185348,0.0,-9959.241474
13754.694215,-222.061783,148.041188,-9959.241474
13754.694532,-296.082377,0.0,-9729.412825
13754.69485,0.0,0.0,-9806.022374
13754.695168,0.0,0.0,-9959.241474
13754.695486,0.0,296.082377,-9882.631924
13754.695804,0.0,444.123565,-10189.070123
13754.696121,-222.061783,222.061783,-10112.460574
13754.696439,0.0,296.082377,-10189.070123
13754.696757,0.0,222.061783,-10418.898773
13754.697075,-148.041188,222.061783,-10648.727422
13754.697392,0.0,74.020594,-10112.460574
13754.69771,-148.041188,370.102971,-10265.679673
13754.698028,-148.041188,296.082377,-10265.679673
13754.698346,0.0,296.082377,-10495.508323
13754.698663,0.0,74.020594,-10418.898773
13754.698981,74.020594,0.0,-10265.679673
13754.699299,-296.082377,-222.061783,-10572.117872
13754.699617,-370.102971,-518.144159,-10189.070123
13754.699935,-370.102971,-370.102971,-10418.898773
13754.700252,-518.144159,0.0,-10495.508323
13754.70057,-370.102971,0.0,-10418.898773
13754.700888,0.0,74.020594,-10189.070123
13754.701206,0.0,0.0,-10112.460574
13754.701523,0.0,74.020594,-10418.898773
13754.701841,-370.102971,0.0,-10342.289223
13754.702159,-592.164754,148.041188,-10342.289223
13754.702477,-740.205942,0.0,-10265.679673
13754.702794,-370.102971,222.061783,-10189.070123
13754.703112,-444.123565,370.102971,-9806.022374
13754.70343,-370.102971,592.164754,-9959.241474
13754.703748,-148.041188,740.205942,-10189.070123
13754.704065,0.0,740.205942,-10265.679673
13754.704383,0.0,592.164754,-10265.679673
13754.704701,0.0,296.082377,-10265.679673
13754.705019,370.102971,592.164754,-11568.04202
13754.705337,-222.061783,0.0,-10189.070123
13754.705654,-148.041188,0.0,-10342.289223
13754.705972,0.0,-148.041188,-10189.070123
13754.70629,0.0,0.0,-10035.851024
13754.706608,0.0,74.020594,-9882.631924
13754.706925,0.0,-296.082377,-9959.241474
13754.707243,0.0,0.0,-10265.679673
13754.707561,-444.123565,74.020594,-10189.070123
13754.707879,-518.144159,-444.123565,-10265.679673
13754.708196,-444.123565,0.0,-10342.289223
13754.708514,-592.164754,0.0,-10495.508323
13754.708832,-370.102971,0.0,-10572.117872
13754.70915,-444.123565,370.102971,-10648.727422
13754.709467,0.0,444.123565,-10572.117872
13754.709785,-222.061783,222.061783,-10955.165621
13754.710103,-296.082377,370.102971,-10342.289223
13754.710421,-296.082377,296.082377,-10418.898773
13754.710739,-370.102971,148.041188,-10572.117872
13754.711056,-444.123565,0.0,-9882.631924
13754.711374,-592.164754,-222.061783,-9882.631924
13754.711692,-296.082377,0.0,-9882.631924
13754.71201,-148.041188,0.0,-9576.193725
13754.712327,74.020594,0.0,-9652.803275
13754.712645,296.082377,444.123565,-9652.803275
13754.712963,74.020594,148.041188,-9959.241474
13754.713281,0.0,0.0,-9959.241474
13754.713598,0.0,148.041188,-10418.898773
13754.713916,0.0,148.041188,-10418.898773
13754.714234,0.0,0.0,-10342.289223
13754.714552,0.0,296.082377,-10418.898773
13754.714869,-296.082377,74.020594,-10342.289223
13754.715187,-222.061783,296.082377,-10265.679673
13754.715505,148.041188,296.082377,-10265.679673
13754.715823,-222.061783,370.102971,-10342.289223
13754.716141,-296.082377,222.061783,-10572.117872
13754.716458,-370.102971,0.0,-10342.289223
13754.716776,-296.082377,148.041188,-10648.727422
13754.717094,-222.061783,-222.061783,-10725.336972
13754.717412,-592.164754,0.0,-10648.727422
13754.717729,-370.102971,222.061783,-10418.898773
13754.718047,-222.061783,0.0,-10265.679673
13754.718365,-148.041188,370.102971,-10955.165621
13754.718683,-148.041188,74.020594,-10112.460574
13754.719,-296.082377,0.0,-10342.289223
13754.719318,-518.144159,-222.061783,-10112.460574
13754.719636,-666.185348,0.0,-9959.241474
13754.719954,-666.185348,-370.102971,-9729.412825
13754.720271,-592.164754,0.0,-9806.022374
13754.720589,-370.102971,296.082377,-9806.022374
13754.720907,-370.102971,444.123565,-9959.241474
13754.721225,296.082377,666.185348,-10265.679673
13754.721543,0.0,518.144159,-9959.241474
13754.72186,74.020594,740.205942,-10495.508323
13754.722178,0.0,444.123565,-10418.898773
13754.722496,0.0,222.061783,-10495.508323
13754.722814,0.0,222.061783,-10801.946522
13754.723131,-148.041188,0.0,-10112.460574
13754.723449,-296.082377,0.0,-10189.070123
13754.723767,0.0,0.0,-10112.460574
13754.724085,370.102971,74.020594,-9729.412825
13754.724402,0.0,0.0,-9882.631924
13754.72472,0.0,0.0,-10342.289223
13754.725038,-370.102971,-148.041188,-10189.070123
13754.725356,-444.123565,-518.144159,-10418.898773
13754.725673,-740.205942,-740.205942,-10265.679673
13754.725991,-518.144159,-444.123565,-10342.289223
13754.726309,-518.144159,0.0,-10265.679673
13754.726627,-370.102971,296.082377,-10342.289223
13754.726945,296.082377,888.24713,-10495.508323
13754.727262,-296.082377,740.205942,-10725.336972
13754.72758,-296.082377,592.164754,-10418.898773
13754.727898,-444.123565,74.020594,-10342.289223
13754.728216,-592.164754,0.0,-10495.508323
13754.728533,-888.24713,296.082377,-10418.898773
13754.728851,-518.144159,74.020594,-10265.679673
13754.729169,0.0,148.041188,-10112.460574
13754.729487,0.0,148.041188,-9806.022374
13754.729804,296.082377,148.041188,-9806.022374
13754.730122,296.082377,444.123565,-9806.022374
13754.73044,296.082377,148.041188,-9806.022374
13754.730758,74.020594,74.020594,-9806.022374
13754.731075,0.0,0.0,-9806.022374
13754.731393,-296.082377,0.0,-10189.070123
13754.731711,-296.082377,0.0,-10189.070123
13754.732029,-296.082377,0.0,-10112.460574
13754.732347,0.0,0.0,-10265.679673
13754.732664,148.041188,296.082377,-10112.460574
13754.732982,148.041188,296.082377,-10112.460574
13754.7333,148.041188,296.082377,-10342.289223
13754.733618,-222.061783,0.0,-10801.946522
13754.733935,-518.144159,74.020594,-10495.508323
13754.734253,0.0,0.0,-10418.898773
13754.734571,-444.123565,0.0,-10342.289223
13754.734889,-444.123565,296.082377,-10495.508323
13754.735206,-444.123565,370.102971,-10342.289223
13754.735524,-148.041188,296.082377,-10265.679673
13754.735842,0.0,296.082377,-10418.898773
13754.73616,-296.082377,0.0,-10648.727422
13754.736477,-444.123565,-222.061783,-10342.289223
13754.736795,-518.144159,0.0,-10342.289223
13754.737113,-370.102971,-370.102971,-10342.289223
13754.737431,-518.144159,-296.082377,-9959.241474
13754.737749,-518.144159,0.0,-9729.412825
13754.738066,-296.082377,148.041188,-9729.412825
13754.738384,0.0,370.102971,-9576.193725
13754.738702,74.020594,370.102971,-9806.022374
13754.73902,0.0,592.164754,-10035.851024
13754.739337,0.0,592.164754,-10112.460574
13754.739655,0.0,444.123565,-10495.508323
13754.739973,296.082377,592.164754,-10342.289223
13754.740291,-370.102971,444.123565,-10265.679673
13754.740608,74.020594,296.082377,-10648.727422
13754.740926,0.0,296.082377,-10572.117872
13754.741244,0.0,148.041188,-10112.460574
13754.741562,-222.061783,296.082377,-10495.508323
13754.74188,74.020594,0.0,-10342.289223
13754.742197,0.0,74.020594,-10189.070123
13754.742515,-296.082377,-222.061783,-10418.898773
13754.742833,-296.082377,-296.082377,-9882.631924
13754.743151,-370.102971,-518.144159,-10265.679673
13754.743468,-444.123565,-444.123565,-10265.679673
13754.743786,-444.123565,0.0,-10189.070123
13754.744104,-296.082377,370.102971,-9729.412825
13754.744422,0.0,296.082377,-10112.460574
13754.744739,-222.061783,296.082377,-10418.898773
13754.745057,-222.061783,296.082377,-10418.898773
13754.745375,-444.123565,296.082377,-10418.898773
13754.745693,-296.082377,296.082377,-9806.022374
13754.74601,-740.205942,370.102971,-10418.898773
13754.746328,-518.144159,222.061783,-10112.460574
13754.746646,-370.102971,296.082377,-10035.851024
13754.746964,0.0,444.123565,-9959.241474
13754.747282,296.082377,74.020594,-9806.022374
13754.747599,74.020594,296.082377,-10035.851024
13754.747917,222.061783,222.061783,-10035.851024
13754.748235,74.020594,74.020594,-10035.851024
13754.748553,592.164754,0.0,-9959.241474
13754.74887,-222.061783,0.0,-10112.460574
13754.749188,-296.082377,-148.041188,-10189.070123
13754.749506,0.0,-444.123565,-10265.679673
13754.749824,0.0,0.0,-10112.460574
13754.750141,0.0,0.0,-10265.679673
13754.750459,0.0,148.041188,-10265.679673
13754.750777,0.0,74.020594,-10265.679673
13754.751095,-370.102971,296.082377,-10265.679673
13754.751412,-666.185348,592.164754,-10265.679673
13754.75173,-444.123565,74.020594,-10112.460574
13754.752048,-518.144159,0.0,-10342.289223
13754.752366,-370.102971,148.041188,-10572.117872
13754.752684,-370.102971,518.144159,-10648.727422
13754.753001,74.020594,740.205942,-10648.727422
13754.753319,-148.041188,444.123565,-10648.727422
13754.753637,-296.082377,444.123565,-10265.679673
13754.753955,-296.082377,74.020594,-10189.070123
13754.754272,-148.041188,222.061783,-10035.851024
13754.75459,-444.123565,0.0,-10112.460574
13754.754908,-666.185348,-444.123565,-10112.460574
13754.755226,-370.102971,0.0,-10035.851024
13754.755543,-370.102971,0.0,-10035.851024
13754.755861,0.0,148.041188,-10112.460574
13754.756179,0.0,296.082377,-9806.022374
13754.756497,0.0,444.123565,-9806.022374
13754.756814,74.020594,370.102971,-10189.070123
13754.757132,0.0,592.164754,-10418.898773
13754.75745,0.0,296.082377,-10648.727422
13754.757768,-444.123565,296.082377,-10572.117872
13754.758086,-222.061783,148.041188,-10495.508323
13754.758403,0.0,74.020594,-10265.679673
13754.758721,0.0,148.041188,-10418.898773
13754.759039,74.020594,296.082377,-10342.289223
13754.759357,148.041188,370.102971,-10189.070123
13754.759674,-148.041188,148.041188,-10342.289223
13754.759992,0.0,0.0,-10878.556072
13754.76031,-370.102971,-296.082377,-10495.508323
13754.760628,-370.102971,-518.144159,-10342.289223
13754.760945,-518.144159,0.0,-10112.460574
13754.761263,-444.123565,0.0,-10189.070123
13754.761581,370.102971,0.0,-10342.289223
13754.761899,-222.061783,0.0,-10265.679673
13754.762216,-222.061783,74.020594,-10418.898773
13754.762534,-296.082377,74.020594,-10189.070123
13754.762852,-370.102971,148.041188,-9729.412825
13754.76317,-592.164754,148.041188,-10112.460574
13754.763488,-444.123565,148.041188,-10035.851024
13754.763805,-518.144159,0.0,-10265.679673
13754.764123,-592.164754,74.020594,-10112.460574
13754.764441,296.082377,444.123565,-9959.241474
13754.764759,0.0,444.123565,-10035.851024
13754.765076,148.041188,740.205942,-9806.022374
13754.765394,74.020594,666.185348,-10342.289223
13754.765712,148.041188,296.082377,-10418.898773
13754.76603,0.0,222.061783,-10265.679673
13754.766347,-148.041188,0.0,-10189.070123
13754.766665,-148.041188,0.0,-10342.289223
13754.766983,-148.041188,-296.082377,-10112.460574
13754.767301,0.0,-296.082377,-9652.803275
13754.767618,0.0,0.0,-9959.241474
13754.767936,0.0,-370.102971,-10189.070123
13754.768254,0.0,0.0,-10572.117872
13754.768572,-592.164754,0.0,-10112.460574
13754.76889,0.0,-222.061783,-10189.070123
13754.769207,-518.144159,-148.041188,-10418.898773
13754.769525,-592.164754,0.0,-10189.070123
13754.769843,-518.144159,296.082377,-10418.898773
13754.770161,-222.061783,518.144159,-10725.336972
13754.770478,-296.082377,592.164754,-10725.336972
13754.770796,-444.123565,444.123565,-10648.727422
13754.771114,-370.102971,518.144159,-10725.336972
13754.771432,-370.102971,148.041188,-9652.803275
13754.771749,-518.144159,148.041188,-10112.460574
13754.772067,-666.185348,0.0,-10189.070123
13754.772385,-370.102971,0.0,-9882.631924
13754.772703,-296.082377,0.0,-9806.022374
13754.77302,-148.041188,0.0,-9422.974625
13754.773338,74.020594,74.020594,-9652.803275
13754.773656,0.0,0.0,-9806.022374
13754.773974,0.0,74.020594,-9882.631924
13754.774292,0.0,0.0,-9729.412825
13754.774609,0.0,148.041188,-10189.070123
13754.774927,0.0,0.0,-10418.898773
13754.775245,0.0,222.061783,-10265.679673
13754.775563,0.0,148.041188,-10495.508323
13754.77588,0.0,740.205942,-10572.117872
13754.776198,0.0,740.205942,-10342.289223
13754.776516,0.0,666.185348,-10265.679673
13754.776834,0.0,222.061783,-10418.898773
13754.777151,-370.102971,74.020594,-10495.508323
13754.777469,-518.144159,0.0,-10189.070123
13754.777787,-444.123565,-296.082377,-10418.898773
13754.778105,-370.102971,-296.082377,-10342.289223
13754.778422,0.0,148.041188,-10265.679673
13754.77874,0.0,0.0,-10265.679673
13754.779058,0.0,0.0,-10342.289223
13754.779376,0.0,0.0,-10418.898773
13754.779694,-296.082377,74.020594,-10265.679673
13754.780011,-518.144159,0.0,-10342.289223
13754.780329,-444.123565,0.0,-10418.898773
13754.780647,-592.164754,0.0,-10035.851024
13754.780965,-518.144159,-148.041188,-9959.241474
13754.781282,-740.205942,370.102971,-9882.631924
13754.7816,-296.082377,148.041188,-10112.460574
13754.781918,-222.061783,518.144159,-10265.679673
13754.782236,74.020594,518.144159,-10265.679673
13754.782553,0.0,666.185348,-10112.460574
13754.782871,0.0,518.144159,-10112.460574
13754.783189,-296.082377,518.144159,-10418.898773
13754.783507,74.020594,444.123565,-10265.679673
13754.783825,-296.082377,370.102971,-10418.898773
13754.784142,0.0,74.020594,-10418.898773
13754.78446,0.0,0.0,-10035.851024
13754.784778,0.0,74.020594,-10035.851024
13754.785096,74.020594,0.0,-9959.241474
13754.785413,0.0,0.0,-10112.460574
13754.785731,-148.041188,0.0,-10189.070123
13754.786049,-814.226536,0.0,-10035.851024
13754.786367,-444.123565,-296.082377,-10265.679673
13754.786685,-592.164754,-296.082377,-10572.117872
13754.787002,-518.144159,-222.061783,-10418.898773
13754.78732,-444.123565,666.185348,-10265.679673
13754.787638,-296.082377,444.123565,-10572.117872
13754.787956,-296.082377,740.205942,-10572.117872
13754.788273,-222.061783,370.102971,-10878.556072
13754.788591,-370.102971,444.123565,-10648.727422
13754.788909,-444.123565,518.144159,-10878.556072
13754.789227,-666.185348,370.102971,-10342.289223
13754.789545,-592.164754,296.082377,-10342.289223
13754.789862,-296.082377,74.020594,-9959.241474
13754.79018,-296.082377,0.0,-9806.022374
13754.790498,0.0,0.0,-10112.460574
13754.790816,0.0,0.0,-9959.241474
13754.791134,0.0,74.020594,-9959.241474
13754.791451,0.0,0.0,-9959.241474
13754.791769,0.0,148.041188,-9729.412825
13754.792087,74.020594,0.0,-10189.070123
13754.792405,-296.082377,0.0,-10189.070123
13754.792722,-296.082377,0.0,-10112.460574
13754.79304,-148.041188,0.0,-10112.460574
13754.793358,-148.041188,0.0,-10265.679673
13754.793676,0.0,222.061783,-10342.289223
13754.793994,0.0,148.041188,-10342.289223
13754.794311,0.0,296.082377,-10495.508323
13754.794629,-74.020594,296.082377,-10035.851024
13754.794947,-296.082377,74.020594,-10572.117872
13754.795265,-370.102971,0.0,-10878.556072
13754.795583,-518.144159,74.020594,-10265.679673
13754.7959,-370.102971,222.061783,-10495.508323
13754.796218,0.0,222.061783,-10572.117872
13754.796536,0.0,296.082377,-10342.289223
13754.796854,-222.061783,74.020594,-10342.289223
13754.797171,-296.082377,-148.041188,-10189.070123
13754.797489,0.0,-518.144159,-10265.679673
13754.797807,-592.164754,0.0,-9959.241474
13754.798125,-592.164754,-296.082377,-9959.241474
13754.798443,-592.164754,-296.082377,-9959.241474
13754.79876,-444.123565,0.0,-9806.022374
13754.799078,-444.123565,0.0,-9806.022374
13754.799396,0.0,222.061783,-9959.241474
13754.799714,0.0,296.082377,-10112.460574
13754.800031,0.0,592.164754,-10112.460574
13754.800349,0.0,444.123565,-10112.460574
13754.800667,-148.041188,444.123565,-10189.070123
13754.800985,0.0,518.144159,-10418.898773
13754.801303,-296.082377,222.061783,-10495.508323
13754.80162,0.0,296.082377,-10418.898773
13754.801938,0.0,222.061783,-10112.460574
13754.802256,0.0,296.082377,-10342.289223
13754.802574,0.0,222.061783,-10342.289223
13754.802892,148.041188,0.0,-10265.679673
13754.803209,-296.082377,0.0,-10112.460574
13754.803527,-444.123565,0.0,-9959.241474
13754.803845,-296.082377,-518.144159,-10112.460574
13754.804163,-518.144159,-444.123565,-10112.460574
13754.80448,-444.123565,0.0,-10265.679673
13754.804798,-296.082377,148.041188,-10495.508323
13754.805116,-148.041188,444.123565,-10265.679673
13754.805434,-222.061783,370.102971,-10572.117872
13754.805752,-444.123565,666.185348,-10572.117872
13754.806069,-222.061783,74.020594,-10495.508323
13754.806387,-222.061783,148.041188,-10572.117872
13754.806705,-370.102971,148.041188,-10265.679673
13754.807023,-444.123565,222.061783,-10495.508323
13754.807341,-370.102971,222.061783,-9959.241474
13754.807658,-296.082377,518.144159,-9959.241474
13754.807976,-222.061783,370.102971,-9806.022374
13754.808294,0.0,222.061783,-9959.241474
13754.808612,74.020594,222.061783,-9959.241474
13754.808929,0.0,296.082377,-9806.022374
13754.809247,148.041188,0.0,-10418.898773
13754.809565,0.0,0.0,-9959.241474
13754.809883,0.0,-222.061783,-10418.898773
13754.810201,0.0,-296.082377,-10189.070123
13754.810518,-222.061783,0.0,-9882.631924
13754.810836,0.0,0.0,-9882.631924
13754.811154,0.0,0.0,-10035.851024
13754.811472,0.0,222.061783,-10189.070123
13754.811789,0.0,222.061783,-10495.508323
13754.812107,-666.185348,592.164754,-10342.289223
13754.812425,-518.144159,0.0,-10418.898773
13754.812743,-592.164754,0.0,-10725.336972
13754.813061,-370.102971,148.041188,-10418.898773
13754.813378,-370.102971,74.020594,-10342.289223
13754.813696,-148.041188,518.144159,-10572.117872
13754.814014,0.0,592.164754,-10648.727422
13754.814332,-370.102971,74.020594,-10418.898773
13754.81465,-222.061783,74.020594,-10418.898773
13754.814967,-370.102971,222.061783,-9959.241474
13754.815285,-518.144159,0.0,-9959.241474
13754.815603,-592.164754,0.0,-9959.241474
13754.815921,-370.102971,0.0,-9882.631924
13754.816238,-370.102971,0.0,-9729.412825
13754.816556,-444.123565,0.0,-9576.193725
13754.816874,0.0,148.041188,-9806.022374
13754.817192,0.0,148.041188,-9729.412825
13754.81751,-296.082377,518.144159,-9959.241474
13754.817827,0.0,444.123565,-10035.851024
13754.818145,0.0,444.123565,-10265.679673
13754.818463,-370.102971,666.185348,-10342.289223
13754.818781,0.0,222.061783,-10418.898773
13754.819099,0.0,296.082377,-10495.508323
13754.819416,0.0,222.061783,-10495.508323
13754.819734,-148.041188,296.082377,-10342.289223
13754.820052,0.0,296.082377,-10342.289223
13754.82037,0.0,148.041188,-10418.898773
13754.820687,0.0,518.144159,-10342.289223
13754.821005,-296.082377,-148.041188,-10265.679673
13754.821323,-296.082377,-518.144159,-9959.241474
13754.821641,-444.123565,-296.082377,-10035.851024
13754.821959,-370.102971,0.0,-10189.070123
13754.822276,-592.164754,0.0,-10418.898773
13754.822594,-148.041188,222.061783,-10342.289223
13754.822912,0.0,222.061783,-10342.289223
13754.82323,-222.061783,148.041188,-10418.898773
13754.823547,0.0,74.020594,-10418.898773
13754.823865,-444.123565,222.061783,-10342.289223
13754.824183,-370.102971,222.061783,-10342.289223
13754.824501,-740.205942,0.0,-10265.679673
13754.824819,-444.123565,296.082377,-10265.679673
13754.825136,-592.164754,518.144159,-10342.289223
13754.825454,0.0,444.123565,-9959.241474
13754.825772,74.020594,370.102971,-9882.631924
13754.82609,222.061783,592.164754,-10035.851024
13754.826408,0.0,74.020594,-9806.022374
13754.826725,0.0,222.061783,-10265.679673
13754.827043,0.0,0.0,-10189.070123
13754.827361,-222.061783,0.0,-10342.289223
13754.827679,0.0,0.0,-10112.460574
13754.827996,444.123565,74.020594,-9652.803275
13754.828314,74.020594,-222.061783,-9959.241474
13754.828632,0.0,0.0,-10112.460574
13754.82895,222.061783,74.020594,-10189.070123
13754.829268,-148.041188,0.0,-10189.070123
13754.829585,-740.205942,0.0,-10342.289223
13754.829903,-666.185348,0.0,-10572.117872
13754.830221,-666.185348,-148.041188,-10572.117872
13754.830539,-592.164754,0.0,-10418.898773
13754.830857,-666.185348,1036.288319,-10265.679673
13754.831174,-222.061783,592.164754,-10418.898773
13754.831492,-296.082377,666.185348,-10725.336972
13754.83181,-222.061783,592.164754,-10725.336972
13754.832128,-444.123565,444.123565,-10648.727422
13754.832445,-592.164754,-148.041188,-10495.508323
13754.832763,-740.205942,0.0,-10265.679673
13754.833081,-740.205942,0.0,-10189.070123
13754.833399,-148.041188,-296.082377,-9729.412825
13754.833717,0.0,-296.082377,-9269.755526
13754.834034,-148.041188,148.041188,-9806.022374
13754.834352,0.0,148.041188,-9576.193725
13754.83467,-148.041188,222.061783,-9729.412825
13754.834988,0.0,370.102971,-9882.631924
13754.835305,0.0,0.0,-10035.851024
13754.835623,0.0,148.041188,-10035.851024
13754.835941,-370.102971,296.082377,-10342.289223
13754.836259,-222.061783,222.061783,-10342.289223
13754.836577,0.0,74.020594,-10265.679673
13754.836894,0.0,370.102971,-10342.289223
13754.837212,0.0,444.123565,-10495.508323
13754.83753,74.020594,370.102971,-10112.460574
13754.837848,0.0,296.082377,-10418.898773
13754.838166,-370.102971,0.0,-10418.898773
13754.838483,-666.185348,0.0,-10342.289223
13754.838801,-370.102971,0.0,-10265.679673
13754.839119,-370.102971,-296.082377,-10418.898773
13754.839437,-296.082377,-222.061783,-10418.898773
13754.839754,-296.082377,0.0,-10189.070123
13754.840072,0.0,222.061783,-10112.460574
13754.84039,0.0,0.0,-10495.508323
13754.840708,-296.082377,0.0,-10189.070123
13754.841026,-370.102971,0.0,-10342.289223
13754.841343,-370.102971,0.0,-10035.851024
13754.841661,-592.164754,148.041188,-10112.460574
13754.841979,-592.164754,148.041188,-10189.070123
13754.842297,74.020594,74.020594,-9806.022374
13754.842615,-444.123565,444.123565,-9959.241474
13754.842932,74.020594,444.123565,-10035.851024
13754.84325,0.0,370.102971,-9959.241474
13754.843568,0.0,518.144159,-10189.070123
13754.843886,370.102971,296.082377,-10189.070123
13754.844203,0.0,444.123565,-10265.679673
13754.844521,0.0,444.123565,-10342.289223
13754.844839,-222.061783,74.020594,-10418.898773
13754.845157,0.0,-518.144159,-10189.070123
13754.845475,0.0,0.0,-10189.070123
13754.845792,0.0,0.0,-9882.631924
13754.84611,0.0,-296.082377,-9882.631924
13754.846428,-74.020594,0.0,-10035.851024
13754.846746,0.0,-444.123565,-10418.898773
13754.847063,-370.102971,-296.082377,-10112.460574
13754.847381,-296.082377,-296.082377,-10342.289223
13754.847699,-444.123565,0.0,-10342.289223
13754.848017,-296.082377,370.102971,-9959.241474
13754.848335,-444.123565,370.102971,-10418.898773
13754.848652,-370.102971,444.123565,-10725.336972
13754.84897,-444.123565,666.185348,-10495.508323
13754.849288,-592.164754,592.164754,-10648.727422
13754.849606,-740.205942,592.164754,-11031.775171
13754.849924,-444.123565,74.020594,-10418.898773
13754.850241,-370.102971,148.041188,-10189.070123
13754.850559,-370.102971,0.0,-10189.070123
13754.850877,74.020594,-296.082377,-9499.584175
13754.851195,-296.082377,148.041188,-9959.241474
13754.851512,0.0,0.0,-10189.070123
13754.85183,74.020594,74.020594,-9806.022374
13754.852148,0.0,222.061783,-9729.412825
13754.852466,444.123565,148.041188,-9806.022374
13754.852784,0.0,-148.041188,-9959.241474
13754.853101,0.0,0.0,-10189.070123
13754.853419,0.0,0.0,-10265.679673
13754.853737,0.0,74.020594,-9422.974625
13754.854055,-148.041188,222.061783,-10112.460574
13754.854373,0.0,296.082377,-10495.508323
13754.85469,0.0,222.061783,-10418.898773
13754.855008,0.0,74.020594,-10189.070123
13754.855326,0.0,444.123565,-10035.851024
13754.855644,-370.102971,148.041188,-10572.117872
13754.855961,-444.123565,74.020594,-10572.117872
13754.856279,-592.164754,-148.041188,-10725.336972
13754.856597,-592.164754,0.0,-10265.679673
13754.856915,-444.123565,0.0,-10572.117872
13754.857233,-148.041188,296.082377,-10495.508323
13754.85755,0.0,296.082377,-10189.070123
13754.857868,0.0,0.0,-10418.898773
13754.858186,0.0,148.041188,-9806.022374
13754.858504,-296.082377,0.0,-10189.070123
13754.858821,-370.102971,-370.102971,-10265.679673
13754.859139,-592.164754,0.0,-10035.851024
13754.859457,-444.123565,0.0,-9959.241474
13754.859775,-444.123565,148.041188,-10112.460574
13754.860093,-222.061783,222.061783,-9806.022374
13754.86041,-296.082377,518.144159,-10265.679673
13754.860728,0.0,444.123565,-10265.679673
13754.861046,0.0,962.267725,-10648.727422
13754.861364,0.0,592.164754,-10189.070123
13754.861682,0.0,222.061783,-10265.679673
13754.861999,0.0,296.082377,-10418.898773
13754.862317,-296.082377,222.061783,-10342.289223
13754.862635,0.0,148.041188,-10418.898773
13754.862953,0.0,0.0,-10189.070123
13754.86327,74.020594,74.020594,-9959.241474
13754.863588,148.041188,0.0,-10189.070123
13754.863906,0.0,0.0,-10112.460574
13754.864224,-148.041188,0.0,-10189.070123
13754.864542,-518.144159,-518.144159,-10112.460574
13754.864859,-518.144159,-518.144159,-10035.851024
13754.865177,-444.123565,0.0,-10112.460574
13754.865495,-666.185348,74.020594,-10189.070123
13754.865813,-148.041188,0.0,-10189.070123
13754.866131,0.0,592.164754,-10265.679673
13754.866448,-370.102971,666.185348,-10725.336972
13754.866766,-222.061783,888.24713,-10495.508323
13754.867084,-592.164754,444.123565,-10572.117872
13754.867402,-592.164754,222.061783,-10418.898773
13754.867719,-592.164754,222.061783,-10342.289223
13754.868037,-444.123565,148.041188,-10189.070123
13754.868355,-518.144159,148.041188,-9882.631924
13754.868673,-222.061783,74.020594,-9882.631924
13754.868991,0.0,0.0,-10112.460574
13754.869308,0.0,296.082377,-9959.241474
13754.869626,0.0,888.24713,-9422.974625
13754.869944,74.020594,0.0,-10112.460574
13754.870262,0.0,0.0,-10035.851024
13754.870579,0.0,148.041188,-10265.679673
13754.870897,0.0,-148.041188,-10189.070123
13754.871215,0.0,0.0,-10035.851024
13754.871533,-222.061783,0.0,-9959.241474
13754.871851,0.0,0.0,-10112.460574
13754.872168,0.0,296.082377,-10112.460574
13754.872486,74.020594,592.164754,-10572.117872
13754.872804,-222.061783,148.041188,-10418.898773
13754.873122,-370.102971,148.041188,-10801.946522
13754.87344,-592.164754,148.041188,-10572.117872
13754.873757,-444.123565,0.0,-10418.898773
13754.874075,-370.102971,222.061783,-10418.898773
13754.874393,-370.102971,370.102971,-10495.508323
13754.874711,-148.041188,370.102971,-10418.898773
13754.875028,-222.061783,222.061783,-10495.508323
13754.875346,0.0,222.061783,-9959.241474
13754.875664,0.0,0.0,-10572.117872
13754.875982,-296.082377,-148.041188,-10265.679673
13754.8763,-444.123565,-148.041188,-10112.460574
13754.876617,-592.164754,0.0,-9806.022374
13754.876935,-518.144159,-222.061783,-9959.241474
13754.877253,-518.144159,-148.041188,-9959.241474
13754.877571,-222.061783,0.0,-9806.022374
13754.877889,-148.041188,222.061783,-9882.631924
13754.878206,148.041188,296.082377,-9882.631924
13754.878524,-296.082377,518.144159,-9882.631924
13754.878842,0.0,444.123565,-10495.508323
13754.87916,-222.061783,518.144159,-10265.679673
13754.879477,-148.041188,444.123565,-10495.508323
13754.879795,0.0,148.041188,-10418.898773
13754.880113,0.0,148.041188,-10418.898773
13754.880431,0.0,370.102971,-10418.898773
13754.880749,0.0,222.061783,-9959.241474
13754.881066,-74.020594,518.144159,-10495.508323
13754.881384,0.0,0.0,-10189.070123
13754.881702,-148.041188,-222.061783,-10342.289223
13754.88202,-518.144159,-370.102971,-10265.679673
13754.882337,-222.061783,-296.082377,-10495.508323
13754.882655,-518.144159,-592.164754,-10035.851024
13754.882973,-444.123565,0.0,-10189.070123
13754.883291,-296.082377,74.020594,-10495.508323
13754.883609,0.0,222.061783,-10342.289223
13754.883926,-74.020594,74.020594,-10189.070123
13754.884244,-370.102971,296.082377,-10725.336972
13754.884562,-370.102971,296.082377,-10342.289223
13754.88488,-518.144159,222.061783,-10418.898773
13754.885197,-888.24713,222.061783,-10265.679673
13754.885515,-888.24713,666.185348,-10572.117872
13754.885833,-296.082377,370.102971,-10189.070123
13754.886151,-296.082377,814.226536,-9959.241474
13754.886468,0.0,518.144159,-10265.679673
13754.886786,0.0,296.082377,-10342.289223
13754.887104,0.0,518.144159,-10112.460574
13754.887422,0.0,296.082377,-10265.679673
13754.887739,222.061783,74.020594,-10112.460574
13754.888057,0.0,0.0,-10112.460574
13754.888375,370.102971,0.0,-10725.336972
13754.888693,-222.061783,-296.082377,-10189.070123
13754.88901,-74.020594,-370.102971,-10189.070123
13754.889328,0.0,0.0,-9882.631924
13754.889646,0.0,74.020594,-9959.241474
13754.889964,148.041188,74.020594,-10035.851024
13754.890282,-296.082377,222.061783,-10342.289223
13754.890599,-296.082377,0.0,-10418.898773
13754.890917,-592.164754,0.0,-10648.727422
13754.891235,-814.226536,74.020594,-11184.994271
13754.891553,-518.144159,518.144159,-10418.898773
13754.89187,-444.123565,444.123565,-10572.117872
13754.892188,0.0,518.144159,-10801.946522
13754.892506,0.0,518.144159,-10648.727422
13754.892824,-296.082377,444.123565,-10189.070123
13754.893141,-370.102971,74.020594,-10342.289223
13754.893459,-444.123565,0.0,-10265.679673
13754.893777,-666.185348,0.0,-10189.070123
13754.894095,-370.102971,-148.041188,-9882.631924
13754.894412,-296.082377,0.0,-9729.412825
13754.89473,-296.082377,0.0,-9806.022374
13754.895048,0.0,-222.061783,-9806.022374
13754.895366,0.0,148.041188,-9806.022374
13754.895684,370.102971,-222.061783,-9959.241474
13754.896001,0.0,370.102971,-9959.241474
13754.896319,0.0,0.0,-10265.679673
13754.896637,0.0,518.144159,-10112.460574
13754.896955,-222.061783,222.061783,-10418.898773
13754.897272,-370.102971,222.061783,-10189.070123
13754.89759,-296.082377,222.061783,-10189.070123
13754.897908,0.0,444.123565,-10112.460574
13754.898226,0.0,222.061783,-10265.679673
13754.898543,0.0,666.185348,-10572.117872
13754.898861,0.0,222.061783,-10342.289223
13754.899179,-370.102971,0.0,-10418.898773
13754.899497,-444.123565,0.0,-10342.289223
13754.899814,-222.061783,-518.144159,-10189.070123
13754.900132,-814.226536,-222.061783,-10418.898773
13754.90045,-370.102971,0.0,-10342.289223
13754.900768,0.0,0.0,-10418.898773
13754.901085,-370.102971,0.0,-10265.679673
13754.901403,-370.102971,74.020594,-10418.898773
13754.901721,-370.102971,222.061783,-10342.289223
13754.902039,-296.082377,0.0,-10265.679673
13754.902357,-518.144159,0.0,-10189.070123
13754.902674,-592.164754,222.061783,-10189.070123
13754.902992,-518.144159,296.082377,-10112.460574
13754.90331,-444.123565,370.102971,-9806.022374
13754.903628,-370.102971,370.102971,-10189.070123
13754.903945,0.0,666.185348,-9959.241474
13754.904263,148.041188,592.164754,-10112.460574
13754.904581,222.061783,666.185348,-10265.679673
13754.904899,74.020594,222.061783,-10418.898773
13754.905216,74.020594,0.0,-10418.898773
13754.905534,-222.061783,0.0,-10342.289223
13754.905852,0.0,0.0,-10035.851024
13754.90617,296.082377,0.0,-9729.412825
13754.906487,0.0,0.0,-10189.070123
13754.906805,0.0,-148.041188,-9959.241474
13754.907123,148.041188,-370.102971,-10189.070123
13754.907441,0.0,0.0,-9959.241474
13754.907758,0.0,0.0,-9882.631924
13754.908076,-518.144159,-148.041188,-10189.070123
13754.908394,-370.102971,-296.082377,-10648.727422
13754.908712,-592.164754,0.0,-10495.508323
13754.90903,-444.123565,370.102971,-10495.508323
13754.909347,-148.041188,222.061783,-10418.898773
13754.909665,-296.082377,592.164754,-10418.898773
13754.909983,-148.041188,666.185348,-10572.117872
13754.910301,-370.102971,518.144159,-10418.898773
13754.910618,-444.123565,222.061783,-10112.460574
13754.910936,-592.164754,222.061783,-10112.460574
13754.911254,-592.164754,0.0,-10112.460574
13754.911572,-296.082377,0.0,-9882.631924
13754.911889,-296.082377,518.144159,-10189.070123
13754.912207,-296.082377,74.020594,-9959.241474
13754.912525,0.0,74.020594,-9729.412825
13754.912843,-148.041188,222.061783,-9806.022374
13754.91316,74.020594,0.0,-9882.631924
13754.913478,148.041188,-296.082377,-10265.679673
13754.913796,0.0,0.0,-10035.851024
13754.914114,0.0,74.020594,-10342.289223
13754.914431,-148.041188,148.041188,-10342.289223
13754.914749,-222.061783,74.020594,-10342.289223
13754.915067,0.0,0.0,-10112.460574
13754.915385,0.0,444.123565,-10265.679673
13754.915703,0.0,518.144159,-10418.898773
13754.91602,0.0,296.082377,-10265.679673
13754.916338,-74.020594,296.082377,-10035.851024
13754.916656,-444.123565,74.020594,-10265.679673
13754.916974,-222.061783,-296.082377,-10572.117872
13754.917291,-370.102971,-444.123565,-10418.898773
13754.917609,-592.164754,0.0,-10418.898773
13754.917927,0.0,222.061783,-10801.946522
13754.918245,-148.041188,148.041188,-10495.508323
13754.918562,-222.061783,74.020594,-10572.117872
13754.91888,-222.061783,222.061783,-10342.289223
13754.919198,-444.123565,0.0,-9959.241474
13754.919516,-592.164754,0.0,-10342.289223
13754.919833,-592.164754,-296.082377,-10189.070123
13754.920151,-666.185348,-148.041188,-10189.070123
13754.920469,-592.164754,148.041188,-9959.241474
13754.920787,0.0,814.226536,-10342.289223
13754.921105,0.0,370.102971,-10418.898773
13754.921422,0.0,444.123565,-9959.241474
13754.92174,0.0,592.164754,-10189.070123
13754.922058,-148.041188,666.185348,-10342.289223
13754.922376,0.0,518.144159,-10189.070123
13754.922693,-222.061783,370.102971,-10342.289223
13754.923011,0.0,222.061783,-10342.289223
13754.923329,0.0,0.0,-10572.117872
13754.923647,74.020594,0.0,-9882.631924
13754.923964,0.0,0.0,-10112.460574
13754.924282,0.0,-222.061783,-9806.022374
13754.9246,0.0,0.0,-9959.241474
13754.924918,0.0,0.0,-10418.898773
13754.925235,296.082377,-518.144159,-10265.679673
13754.925553,-370.102971,-592.164754,-10265.679673
13754.925871,-666.185348,-296.082377,-10342.289223
13754.926189,-444.123565,0.0,-10189.070123
13754.926506,-518.144159,148.041188,-9806.022374
13754.926824,-296.082377,222.061783,-10495.508323
13754.927142,-296.082377,592.164754,-10342.289223
13754.92746,-370.102971,370.102971,-10725.336972
13754.927778,-370.102971,592.164754,-10878.556072
13754.928095,74.020594,444.123565,-10801.946522
13754.928413,-592.164754,370.102971,-10418.898773
13754.928731,-592.164754,444.123565,-10112.460574
13754.929049,-370.102971,148.041188,-10189.070123
13754.929366,-222.061783,74.020594,-10035.851024
13754.929684,0.0,148.041188,-10035.851024
13754.930002,0.0,148.041188,-10112.460574
13754.93032,148.041188,148.041188,-9959.241474
13754.930637,74.020594,148.041188,-9882.631924
13754.930955,370.102971,444.123565,-9806.022374
13754.931273,-148.041188,0.0,-10035.851024
13754.931591,-444.123565,-148.041188,-10112.460574
13754.931908,-296.082377,0.0,-10112.460574
13754.932226,0.0,-148.041188,-10189.070123
13754.932544,0.0,296.082377,-10112.460574
13754.932862,0.0,444.123565,-10342.289223
13754.933179,0.0,296.082377,-10189.070123
13754.933497,0.0,296.082377,-10418.898773
13754.933815,-444.123565,148.041188,-11184.994271
13754.934133,-518.144159,74.020594,-10495.508323
13754.934451,-370.102971,0.0,-10495.508323
13754.934768,-222.061783,0.0,-10418.898773
13754.935086,-222.061783,222.061783,-10495.508323
13754.935404,-592.164754,962.267725,-10035.851024
13754.935722,-296.082377,370.102971,-10418.898773
13754.936039,0.0,148.041188,-10418.898773
13754.936357,-148.041188,0.0,-10572.117872
13754.936675,-296.082377,0.0,-10342.289223
13754.936993,-592.164754,-148.041188,-10112.460574
13754.93731,-592.164754,0.0,-10035.851024
13754.937628,-592.164754,-370.102971,-9959.241474
13754.937946,-370.102971,-296.082377,-9959.241474
13754.938264,-444.123565,444.123565,-9193.145976
13754.938581,-222.061783,148.041188,-9806.022374
13754.938899,0.0,296.082377,-10189.070123
13754.939217,148.041188,518.144159,-10035.851024
13754.939535,0.0,518.144159,-9959.241474
13754.939853,0.0,296.082377,-10648.727422
13754.94017,0.0,444.123565,-10801.946522
13754.940488,0.0,0.0,-10495.508323
13754.940806,0.0,74.020594,-10495.508323
13754.941124,0.0,148.041188,-10495.508323
13754.941441,74.020594,222.061783,-10189.070123
13754.941759,0.0,370.102971,-10189.070123
13754.942077,148.041188,0.0,-10112.460574
13754.942395,0.0,0.0,-10189.070123
13754.942712,-518.144159,-148.041188,-10725.336972
13754.94303,-296.082377,-444.123565,-10418.898773
13754.943348,-370.102971,-592.164754,-10265.679673
13754.943666,-444.123565,-74.020594,-10112.460574
13754.943983,-222.061783,222.061783,-10342.289223
13754.944301,0.0,296.082377,-10418.898773
13754.944619,-148.041188,370.102971,-10418.898773
13754.944937,-370.102971,444.123565,-10418.898773
13754.945254,-518.144159,518.144159,-10418.898773
13754.945572,-370.102971,148.041188,-10801.946522
13754.94589,-666.185348,222.061783,-10342.289223
13754.946208,-592.164754,222.061783,-10189.070123
13754.946526,-370.102971,222.061783,-10035.851024
13754.946843,-296.082377,370.102971,-9806.022374
13754.947161,-148.041188,814.226536,-9806.022374
13754.947479,74.020594,444.123565,-9959.241474
13754.947797,0.0,444.123565,-10189.070123
13754.948114,74.020594,296.082377,-10189.070123
13754.948432,0.0,148.041188,-10112.460574
13754.94875,0.0,0.0,-9959.241474
13754.949068,-296.082377,0.0,-10189.070123
13754.949385,0.0,-222.061783,-10418.898773
13754.949703,0.0,-296.082377,-9959.241474
13754.950021,0.0,0.0,-10035.851024
13754.950339,0.0,0.0,-9806.022374
13754.950656,0.0,0.0,-10265.679673
13754.950974,0.0,0.0,-10342.289223
13754.951292,-444.123565,0.0,-10418.898773
13754.95161,0.0,0.0,-11031.775171
13754.951927,-444.123565,0.0,-10572.117872
13754.952245,-444.123565,148.041188,-10572.117872
13754.952563,-296.082377,444.123565,-10495.508323
13754.952881,-444.123565,666.185348,-10725.336972
13754.953199,-222.061783,592.164754,-10189.070123
13754.953516,-444.123565,148.041188,-10495.508323
13754.953834,-296.082377,74.020594,-10418.898773
13754.954152,-370.102971,0.0,-10342.289223
13754.95447,-296.082377,-222.061783,-10189.070123
13754.954787,-444.123565,0.0,-10265.679673
13754.955105,-296.082377,0.0,-9806.022374
13754.955423,-370.102971,0.0,-9806.022374
13754.955741,-370.102971,0.0,-10035.851024
13754.956058,0.0,-296.082377,-9576.193725
13754.956376,0.0,148.041188,-9959.241474
13754.956694,222.061783,370.102971,-9882.631924
13754.957012,74.020594,370.102971,-10189.070123
13754.957329,148.041188,518.144159,-10418.898773
13754.957647,74.020594,370.102971,-10955.165621
13754.957965,-296.082377,592.164754,-10418.898773
13754.958283,-296.082377,296.082377,-10418.898773
13754.958601,0.0,222.061783,-10189.070123
13754.958918,0.0,370.102971,-10342.289223
13754.959236,0.0,148.041188,-10648.727422
13754.959554,0.0,0.0,-10418.898773
13754.959872,0.0,148.041188,-10265.679673
13754.960189,-296.082377,0.0,-10112.460574
13754.960507,0.0,-666.185348,-10801.946522
13754.960825,-370.102971,-296.082377,-10418.898773
13754.961143,-296.082377,-148.041188,-10342.289223
13754.96146,-148.041188,-296.082377,-10418.898773
13754.961778,0.0,0.0,-10418.898773
13754.962096,74.020594,0.0,-10725.336972
13754.962414,-518.144159,370.102971,-10418.898773
13754.962731,0.0,0.0,-10265.679673
13754.963049,-370.102971,74.020594,-10265.679673
13754.963367,-222.061783,148.041188,-10189.070123
13754.963685,-740.205942,0.0,-10189.070123
13754.964002,-592.164754,296.082377,-10189.070123
13754.96432,-296.082377,296.082377,-10112.460574
13754.964638,0.0,666.185348,-10112.460574
13754.964956,592.164754,592.164754,-9959.241474
13754.965274,74.020594,592.164754,-9882.631924
13754.965591,74.020594,444.123565,-10112.460574
13754.965909,-148.041188,74.020594,-10189.070123
13754.966227,0.0,0.0,-10418.898773
13754.966545,-370.102971,0.0,-10265.679673
13754.966862,-296.082377,0.0,-10035.851024
13754.96718,0.0,-296.082377,-10265.679673
13754.967498,0.0,0.0,-10035.851024
13754.967816,222.061783,0.0,-9576.193725
13754.968133,-148.041188,0.0,-10112.460574
13754.968451,-296.082377,0.0,-10418.898773
13754.968769,-740.205942,-148.041188,-10342.289223
13754.969087,-518.144159,0.0,-10495.508323
13754.969404,-370.102971,-370.102971,-10189.070123
13754.969722,-444.123565,0.0,-10265.679673
13754.97004,-444.123565,444.123565,-10342.289223
13754.970358,-222.061783,592.164754,-10648.727422
13754.970675,-296.082377,1036.288319,-10878.556072
13754.970993,-148.041188,444.123565,-10725.336972
13754.971311,-222.061783,444.123565,-10801.946522
13754.971629,-222.061783,0.0,-10495.508323
13754.971947,-518.144159,0.0,-10035.851024
13754.972264,-592.164754,740.205942,-10265.679673
13754.972582,-222.061783,-148.041188,-9806.022374
13754.9729,-518.144159,0.0,-9806.022374
13754.973218,-148.041188,74.020594,-9729.412825
13754.973535,0.0,74.020594,-9806.022374
13754.973853,0.0,74.020594,-9806.022374
13754.974171,0.0,222.061783,-10112.460574
13754.974489,0.0,148.041188,-10035.851024
13754.974806,0.0,0.0,-10112.460574
13754.975124,-444.123565,444.123565,-10035.851024
13754.975442,-370.102971,0.0,-10265.679673
13754.97576,0.0,74.020594,-10418.898773
13754.976077,-148.041188,370.102971,-10418.898773
13754.976395,0.0,518.144159,-10495.508323
13754.976713,0.0,370.102971,-10265.679673
13754.977031,0.0,518.144159,-10418.898773
13754.977348,-370.102971,148.041188,-10418.898773
13754.977666,-518.144159,-444.123565,-10418.898773
13754.977984,-444.123565,-296.082377,-10342.289223
13754.978302,-444.123565,-222.061783,-10265.679673
13754.97862,-222.061783,0.0,-10112.460574
13754.978937,-148.041188,0.0,-10342.289223
13754.979255,148.041188,0.0,-10342.289223
13754.979573,-296.082377,148.041188,-9959.241474
13754.979891,-296.082377,74.020594,-10495.508323
13754.980208,-814.226536,0.0,-10265.679673
13754.980526,-740.205942,0.0,-10189.070123
13754.980844,-740.205942,0.0,-10035.851024
13754.981162,-370.102971,148.041188,-10112.460574
13754.981479,-148.041188,370.102971,-9959.241474
13754.981797,-296.082377,296.082377,-9882.631924
13754.982115,74.020594,222.061783,-10112.460574
13754.982433,74.020594,222.061783,-9806.022374
13754.98275,0.0,666.185348,-10189.070123
13754.983068,-74.020594,518.144159,-10418.898773
13754.983386,0.0,444.123565,-10265.679673
13754.983704,0.0,222.061783,-10189.070123
13754.984022,0.0,222.061783,-10189.070123
13754.984339,0.0,74.020594,-10342.289223
13754.984657,0.0,0.0,-9882.631924
13754.984975,0.0,0.0,-9806.022374
13754.985293,222.061783,148.041188,-9806.022374
13754.985611,0.0,-148.041188,-9882.631924
13754.985928,-296.082377,-222.061783,-10418.898773
13754.986246,-296.082377,0.0,-9959.241474
13754.986564,-370.102971,-296.082377,-10342.289223
13754.986882,74.020594,-222.061783,-10418.898773
13754.987199,-222.061783,0.0,-10189.070123
13754.987517,-444.123565,74.020594,-10648.727422
13754.987835,-370.102971,444.123565,-10495.508323
13754.988153,-370.102971,370.102971,-10495.508323
13754.988471,-444.123565,518.144159,-10572.117872
13754.988788,-444.123565,444.123565,-10495.508323
13754.989106,-222.061783,222.061783,-10342.289223
13754.989424,-444.123565,296.082377,-10342.289223
13754.989742,-1110.308913,0.0,-9806.022374
13754.99006,-444.123565,0.0,-9882.631924
13754.990377,-222.061783,148.041188,-9959.241474
13754.990695,0.0,0.0,-9806.022374
13754.991013,148.041188,0.0,-9882.631924
13754.991331,296.082377,74.020594,-9806.022374
13754.991649,148.041188,148.041188,-9806.022374
13754.991966,0.0,0.0,-10035.851024
13754.992284,0.0,74.020594,-10265.679673
13754.992602,-592.164754,74.020594,-9806.022374
13754.99292,0.0,-222.061783,-10035.851024
13754.993238,148.041188,-222.061783,-10112.460574
13754.993555,0.0,148.041188,-10189.070123
13754.993873,0.0,296.082377,-10189.070123
13754.994191,0.0,592.164754,-10572.117872
13754.994509,0.0,296.082377,-10648.727422
13754.994826,-518.144159,222.061783,-10572.117872
13754.995144,-296.082377,148.041188,-10725.336972
13754.995462,-370.102971,74.020594,-9806.022374
13754.99578,-370.102971,0.0,-10572.117872
13754.996098,-148.041188,74.020594,-10495.508323
13754.996415,-296.082377,592.164754,-10342.289223
13754.996733,0.0,370.102971,-10495.508323
13754.997051,0.0,148.041188,-10572.117872
13754.997369,-148.041188,74.020594,-10189.070123
13754.997687,-518.144159,-296.082377,-10342.289223
13754.998004,-592.164754,-148.041188,-10035.851024
13754.998322,-592.164754,-222.061783,-9882.631924
13754.99864,-444.123565,-222.061783,-10112.460574
13754.998958,-518.144159,74.020594,-9806.022374
13754.999276,-222.061783,444.123565,-10189.070123
13754.999593,0.0,370.102971,-9959.241474
13754.999911,148.041188,666.185348,-10265.679673
13755.000229,0.0,740.205942,-9882.631924
13755.000547,-222.061783,518.144159,-10265.679673
13755.000865,0.0,222.061783,-10265.679673
13755.001182,0.0,222.061783,-10418.898773
13755.0015,148.041188,296.082377,-10495.508323
13755.001818,0.0,296.082377,-10265.679673
13755.002136,74.020594,370.102971,-10265.679673
13755.002454,74.020594,74.020594,-10342.289223
13755.002771,0.0,0.0,-10265.679673
13755.003089,-222.061783,296.082377,-10572.117872
13755.003407,-370.102971,-222.061783,-10265.679673
13755.003725,-518.144159,-296.082377,-10112.460574
13755.004042,-444.123565,-518.144159,-10112.460574
13755.00436,-370.102971,0.0,-10112.460574
13755.004678,-370.102971,0.0,-10495.508323
13755.004996,-222.061783,148.041188,-10418.898773
13755.005314,0.0,222.061783,-10495.508323
13755.005631,-296.082377,370.102971,-10801.946522
13755.005949,-222.061783,296.082377,-10801.946522
13755.006267,-592.164754,148.041188,-10495.508323
13755.006585,-222.061783,148.041188,-10342.289223
13755.006903,-592.164754,148.041188,-10418.898773
13755.00722,-666.185348,222.061783,-9959.241474
13755.007538,74.020594,740.205942,-10035.851024
13755.007856,-222.061783,370.102971,-9882.631924
13755.008174,0.0,370.102971,-10035.851024
13755.008492,0.0,222.061783,-9959.241474
13755.008809,148.041188,370.102971,-9806.022374
13755.009127,0.0,222.061783,-9882.631924
13755.009445,148.041188,0.0,-10035.851024
13755.009763,74.020594,0.0,-10112.460574
13755.010081,-148.041188,-222.061783,-10265.679673
13755.010398,-222.061783,0.0,-9499.584175
13755.010716,0.0,0.0,-10189.070123
13755.011034,0.0,74.020594,-10035.851024
13755.011352,-222.061783,148.041188,-9959.241474
13755.011669,0.0,0.0,-9959.241474
13755.011987,-444.123565,148.041188,-10112.460574
13755.012305,-370.102971,74.020594,-10418.898773
13755.012623,-370.102971,74.020594,-10495.508323
13755.012941,-518.144159,148.041188,-10189.070123
13755.013258,-444.123565,592.164754,-10878.556072
13755.013576,-444.123565,222.061783,-10572.117872
13755.013894,0.0,222.061783,-10495.508323
13755.014212,-222.061783,296.082377,-10495.508323
13755.01453,-296.082377,888.24713,-10495.508323
13755.014847,-222.061783,0.0,-10342.289223
13755.015165,-370.102971,0.0,-10112.460574
13755.015483,-222.061783,0.0,-10035.851024
13755.015801,-666.185348,0.0,-9806.022374
13755.016119,-1036.288319,0.0,-9576.193725
13755.016436,-296.082377,-296.082377,-10035.851024
13755.016754,-222.061783,0.0,-9882.631924
13755.017072,0.0,222.061783,-10035.851024
13755.01739,222.061783,666.185348,-9806.022374
13755.017708,148.041188,370.102971,-9959.241474
13755.018025,0.0,222.061783,-10342.289223
13755.018343,-148.041188,592.164754,-10265.679673
13755.018661,-222.061783,518.144159,-10572.117872
13755.018979,0.0,592.164754,-10418.898773
13755.019297,-222.061783,296.082377,-10572.117872
13755.019614,0.0,518.144159,-10265.679673
13755.019932,0.0,222.061783,-10189.070123
13755.02025,0.0,0.0,-10189.070123
13755.020568,74.020594,0.0,-10572.117872
13755.020885,-148.041188,-148.041188,-10265.679673
13755.021203,-444.123565,-296.082377,-10572.117872
13755.021521,-444.123565,-296.082377,-10418.898773
13755.021839,-740.205942,0.0,-10035.851024
13755.022157,-518.144159,0.0,-10189.070123
13755.022474,-296.082377,0.0,-10342.289223
13755.022792,-370.102971,370.102971,-10112.460574
13755.02311,-296.082377,148.041188,-10265.679673
13755.023428,-148.041188,0.0,-10265.679673
13755.023746,-518.144159,0.0,-10418.898773
13755.024063,-592.164754,0.0,-10342.289223
13755.024381,-740.205942,0.0,-10189.070123
13755.024699,-666.185348,370.102971,-10112.460574
13755.025017,-370.102971,370.102971,-10035.851024
13755.025335,-148.041188,370.102971,-9959.241474
13755.025652,74.020594,444.123565,-10189.070123
13755.02597,74.020594,444.123565,-9959.241474
13755.026288,0.0,444.123565,-10035.851024
13755.026606,0.0,148.041188,-10189.070123
13755.026924,74.020594,74.020594,-10418.898773
13755.027241,-148.041188,0.0,-10112.460574
13755.027559,-148.041188,0.0,-10418.898773
13755.027877,0.0,-148.041188,-9882.631924
13755.028195,-222.061783,-296.082377,-9959.241474
13755.028512,148.041188,-148.041188,-9959.241474
13755.02883,0.0,0.0,-10189.070123
13755.029148,-296.082377,0.0,-10112.460574
13755.029466,-444.123565,0.0,-10265.679673
13755.029784,-666.185348,0.0,-10495.508323
13755.030101,-444.123565,-148.041188,-10572.117872
13755.030419,-444.123565,296.082377,-10189.070123
13755.030737,-518.144159,222.061783,-10801.946522
13755.031055,-592.164754,444.123565,-10572.117872
13755.031373,-148.041188,518.144159,-10648.727422
13755.03169,0.0,518.144159,-10495.508323
13755.032008,0.0,148.041188,-10342.289223
13755.032326,-148.041188,74.020594,-10342.289223
13755.032644,-592.164754,0.0,-10112.460574
13755.032962,-444.123565,-148.041188,-10189.070123
13755.033279,-296.082377,-222.061783,-10418.898773
13755.033597,-148.041188,-148.041188,-9576.193725
13755.033915,-296.082377,74.020594,-9652.803275
13755.034233,-148.041188,0.0,-9652.803275
13755.034551,0.0,0.0,-9806.022374
13755.034868,0.0,296.082377,-10035.851024
13755.035186,0.0,74.020594,-9959.241474
13755.035504,-148.041188,0.0,-10342.289223
13755.035822,0.0,370.102971,-10112.460574
13755.036139,-148.041188,148.041188,-9959.241474
13755.036457,0.0,222.061783,-10495.508323
13755.036775,0.0,370.102971,-10342.289223
13755.037093,-148.041188,296.082377,-10418.898773
13755.037411,0.0,148.041188,-10572.117872
13755.037728,222.061783,222.061783,-10955.165621
13755.038046,-222.061783,74.020594,-10648.727422
13755.038364,-518.144159,0.0,-10342.289223
13755.038682,-518.144159,0.0,-10418.898773
13755.039,-370.102971,-222.061783,-9499.584175
13755.039317,-370.102971,0.0,-10112.460574
13755.039635,-296.082377,0.0,-10112.460574
13755.039953,-148.041188,74.020594,-10112.460574
13755.040271,0.0,74.020594,-10648.727422
13755.040589,0.0,0.0,-10112.460574
13755.040906,-444.123565,148.041188,-10112.460574
13755.041224,-222.061783,0.0,-10189.070123
13755.041542,-518.144159,0.0,-10495.508323
13755.04186,-370.102971,370.102971,-9806.022374
13755.042178,-518.144159,74.020594,-9882.631924
13755.042495,-444.123565,222.061783,-10035.851024
13755.042813,-296.082377,370.102971,-9882.631924
13755.043131,0.0,518.144159,-9959.241474
13755.043449,-148.041188,592.164754,-10342.289223
13755.043767,74.020594,518.144159,-10342.289223
13755.044084,74.020594,222.061783,-10418.898773
13755.044402,0.0,148.041188,-10418.898773
13755.04472,0.0,296.082377,-10418.898773
13755.045038,0.0,0.0,-10342.289223
13755.045355,0.0,0.0,-10112.460574
13755.045673,0.0,0.0,-9959.241474
13755.045991,74.020594,0.0,-10189.070123
13755.046309,592.164754,0.0,-9806.022374
13755.046627,0.0,-296.082377,-9959.241474
13755.046944,-444.123565,-296.082377,-10342.289223
13755.047262,-592.164754,-222.061783,-10112.460574
13755.04758,-444.123565,0.0,-10189.070123
13755.047898,-370.102971,0.0,-10265.679673
13755.048216,-296.082377,0.0,-10342.289223
13755.048533,-296.082377,444.123565,-10418.898773
13755.048851,0.0,740.205942,-10572.117872
13755.049169,-592.164754,1036.288319,-10648.727422
13755.049487,-370.102971,518.144159,-10725.336972
13755.049805,-444.123565,148.041188,-10725.336972
13755.050122,-370.102971,0.0,-10342.289223
13755.05044,-592.164754,148.041188,-10035.851024
13755.050758,-518.144159,148.041188,-10112.460574
13755.051076,-296.082377,0.0,-9729.412825
13755.051394,-222.061783,0.0,-9652.803275
13755.051711,0.0,222.061783,-9729.412825
13755.052029,222.061783,592.164754,-10342.289223
13755.052347,74.020594,0.0,-10035.851024
13755.052665,0.0,-296.082377,-9959.241474
13755.052982,74.020594,0.0,-9959.241474
13755.0533,-148.041188,222.061783,-9499.584175
13755.053618,0.0,-148.041188,-10342.289223
13755.053936,0.0,0.0,-10112.460574
13755.054254,0.0,222.061783,-10418.898773
13755.054571,-148.041188,296.082377,-10112.460574
13755.054889,0.0,666.185348,-10342.289223
13755.055207,0.0,148.041188,-10418.898773
13755.055525,-370.102971,148.041188,-10572.117872
13755.055843,-296.082377,0.0,-10725.336972
13755.05616,-592.164754,-148.041188,-10572.117872
13755.056478,-666.185348,0.0,-10725.336972
13755.056796,-296.082377,296.082377,-10495.508323
13755.057114,0.0,74.020594,-10572.117872
13755.057432,0.0,296.082377,-10342.289223
13755.057749,0.0,0.0,-10418.898773
13755.058067,-222.061783,0.0,-10418.898773
13755.058385,-518.144159,0.0,-10189.070123
13755.058703,-740.205942,-148.041188,-10112.460574
13755.059021,-666.185348,0.0,-10265.679673
13755.059338,-444.123565,0.0,-9806.022374
13755.059656,-370.102971,0.0,-9959.241474
13755.059974,0.0,296.082377,-9806.022374
13755.060292,0.0,444.123565,-9806.022374
13755.06061,0.0,444.123565,-9959.241474
13755.060927,0.0,518.144159,-10112.460574
13755.061245,0.0,444.123565,-10265.679673
13755.061563,0.0,666.185348,-10418.898773
13755.061881,0.0,518.144159,-10265.679673
13755.062198,-222.061783,444.123565,-10265.679673
13755.062516,0.0,74.020594,-10418.898773
13755.062834,-148.041188,148.041188,-10112.460574
13755.063152,0.0,0.0,-10189.070123
13755.06347,-370.102971,296.082377,-10189.070123
13755.063787,0.0,0.0,-10342.289223
13755.064105,0.0,0.0,-9959.241474
13755.064423,-296.082377,-148.041188,-10189.070123
13755.064741,-592.164754,-370.102971,-10189.070123
13755.065059,-592.164754,-444.123565,-9959.241474
13755.065376,-740.205942,-148.041188,-10342.289223
13755.065694,-592.164754,222.061783,-10342.289223
13755.066012,-518.144159,444.123565,-10342.289223
13755.06633,-296.082377,814.226536,-11031.775171
13755.066648,-370.102971,592.164754,-10648.727422
13755.066965,-222.061783,296.082377,-10572.117872
13755.067283,-370.102971,296.082377,-10572.117872
13755.067601,-666.185348,222.061783,-10572.117872
13755.067919,-888.24713,222.061783,-10572.117872
13755.068237,-518.144159,370.102971,-10112.460574
13755.068554,-370.102971,222.061783,-9959.241474
13755.068872,0.0,296.082377,-9806.022374
13755.06919,296.082377,666.185348,-9499.584175
13755.069508,148.041188,148.041188,-9806.022374
13755.069825,0.0,148.041188,-9806.022374
13755.070143,0.0,0.0,-10112.460574
13755.070461,0.0,0.0,-9959.241474
13755.070779,-296.082377,0.0,-10112.460574
13755.071097,-222.061783,0.0,-10342.289223
13755.071414,74.020594,-296.082377,-10035.851024
13755.071732,-148.041188,0.0,-9959.241474
13755.07205,0.0,74.020594,-10342.289223
13755.072368,0.0,0.0,-10265.679673
13755.072686,-222.061783,370.102971,-10342.289223
13755.073003,-518.144159,222.061783,-10572.117872
13755.073321,-666.185348,0.0,-10572.117872
13755.073639,0.0,0.0,-10342.289223
13755.073957,-370.102971,148.041188,-10572.117872
13755.074275,-296.082377,0.0,-10495.508323
13755.074592,-222.061783,296.082377,-10648.727422
13755.07491,0.0,444.123565,-10572.117872
13755.075228,-296.082377,222.061783,-10495.508323
13755.075546,-296.082377,0.0,-10112.460574
13755.075864,-370.102971,-148.041188,-10342.289223
13755.076181,-222.061783,-296.082377,-10112.460574
13755.076499,-740.205942,-222.061783,-10342.289223
13755.076817,-592.164754,-296.082377,-9729.412825
13755.077135,-444.123565,0.0,-9806.022374
13755.077453,-370.102971,0.0,-9806.022374
13755.07777,0.0,370.102971,-9806.022374
13755.078088,0.0,222.061783,-9882.631924
13755.078406,0.0,518.144159,-10035.851024
13755.078724,0.0,444.123565,-10342.289223
13755.079041,0.0,518.144159,-10572.117872
13755.079359,0.0,666.185348,-10418.898773
13755.079677,-148.041188,370.102971,-10725.336972
13755.079995,-148.041188,370.102971,-10572.117872
13755.080313,0.0,148.041188,-10265.679673
13755.08063,0.0,370.102971,-9269.755526
13755.080948,-148.041188,222.061783,-10265.679673
13755.081266,148.041188,0.0,-10112.460574
13755.081584,0.0,-148.041188,-10342.289223
13755.081902,-296.082377,0.0,-10189.070123
13755.082219,-740.205942,-666.185348,-9576.193725
13755.082537,-518.144159,-518.144159,-10265.679673
13755.082855,-296.082377,-370.102971,-10035.851024
13755.083173,-444.123565,0.0,-10035.851024
13755.083491,0.0,222.061783,-10648.727422
13755.083808,-148.041188,296.082377,-10112.460574
13755.084126,-222.061783,222.061783,-10648.727422
13755.084444,-222.061783,148.041188,-10342.289223
13755.084762,-592.164754,222.061783,-10189.070123
13755.08508,-444.123565,370.102971,-10035.851024
13755.085397,-518.144159,0.0,-10035.851024
13755.085715,-592.164754,148.041188,-9959.241474
13755.086033,-296.082377,370.102971,-10265.679673
13755.086351,0.0,296.082377,-9959.241474
13755.086668,444.123565,444.123565,-10265.679673
13755.086986,0.0,296.082377,-9959.241474
13755.087304,0.0,370.102971,-9959.241474
13755.087622,74.020594,0.0,-10265.679673
13755.087939,0.0,0.0,-10035.851024
13755.088257,0.0,0.0,-10112.460574
13755.088575,0.0,-222.061783,-10112.460574
13755.088893,0.0,-222.061783,-10035.851024
13755.089211,0.0,-296.082377,-10112.460574
13755.089528,0.0,148.041188,-9806.022374
13755.089846,-222.061783,74.020594,-10035.851024
13755.090164,-222.061783,148.041188,-10418.898773
13755.090482,-444.123565,0.0,-10342.289223
13755.090799,-444.123565,0.0,-10495.508323
13755.091117,-518.144159,444.123565,-10572.117872
13755.091435,-592.164754,296.082377,-10572.117872
13755.091753,-370.102971,370.102971,-10418.898773
13755.09207,-148.041188,444.123565,-10572.117872
13755.092388,-296.082377,444.123565,-10572.117872
13755.092706,-444.123565,370.102971,-10572.117872
13755.093024,-148.041188,370.102971,-10495.508323
13755.093341,-296.082377,0.0,-10265.679673
13755.093659,-518.144159,0.0,-10189.070123
13755.093977,-222.061783,-222.061783,-9959.241474
13755.094295,-296.082377,0.0,-10189.070123
13755.094613,-370.102971,0.0,-9882.631924
13755.09493,0.0,0.0,-9882.631924
13755.095248,-148.041188,0.0,-9346.365076
13755.095566,0.0,148.041188,-9806.022374
13755.095884,0.0,296.082377,-10035.851024
13755.096201,0.0,74.020594,-9959.241474
13755.096519,0.0,296.082377,-10342.289223
13755.096837,74.020594,296.082377,-10725.336972
13755.097155,0.0,444.123565,-10342.289223
13755.097472,74.020594,222.061783,-10112.460574
13755.09779,0.0,296.082377,-10572.117872
13755.098108,74.020594,222.061783,-10495.508323
13755.098426,0.0,296.082377,-10418.898773
13755.098744,-148.041188,148.041188,-10418.898773
13755.099061,-444.123565,296.082377,-10265.679673
13755.099379,-222.061783,0.0,-10189.070123
13755.099697,-370.102971,-592.164754,-10418.898773
13755.100015,-296.082377,-148.041188,-10112.460574
13755.100332,-296.082377,-370.102971,-10112.460574
13755.10065,-518.144159,0.0,-10342.289223
13755.100968,-296.082377,74.020594,-10418.898773
13755.101286,-296.082377,0.0,-10648.727422
13755.101603,-296.082377,222.061783,-10572.117872
13755.101921,-222.061783,74.020594,-10418.898773
13755.102239,-370.102971,0.0,-10189.070123
13755.102557,-666.185348,444.123565,-10265.679673
13755.102875,-592.164754,148.041188,-10112.460574
13755.103192,-444.123565,148.041188,-10112.460574
13755.10351,-370.102971,444.123565,-9806.022374
13755.103828,-148.041188,518.144159,-10112.460574
13755.104146,0.0,1110.308913,-10189.070123
13755.104463,0.0,518.144159,-10265.679673
13755.104781,74.020594,148.041188,-10189.070123
13755.105099,0.0,444.123565,-10112.460574
13755.105417,0.0,222.061783,-10342.289223
13755.105734,74.020594,222.061783,-10955.165621
13755.106052,0.0,0.0,-10112.460574
13755.10637,0.0,0.0,-10035.851024
13755.106688,0.0,-148.041188,-9806.022374
13755.107005,0.0,0.0,-9959.241474
13755.107323,0.0,148.041188,-9882.631924
13755.107641,-222.061783,0.0,-10112.460574
13755.107959,-444.123565,0.0,-10418.898773
13755.108277,-518.144159,-148.041188,-10418.898773
13755.108594,-518.144159,-222.061783,-10265.679673
13755.108912,-592.164754,222.061783,-10572.117872
13755.10923,-444.123565,222.061783,-10342.289223
13755.109548,0.0,444.123565,-10495.508323
13755.109865,-296.082377,518.144159,-10725.336972
13755.110183,-444.123565,1036.288319,-9882.631924
13755.110501,-444.123565,518.144159,-10648.727422
13755.110819,-666.185348,74.020594,-10418.898773
13755.111136,-518.144159,148.041188,-10112.460574
13755.111454,-370.102971,-222.061783,-10189.070123
13755.111772,-370.102971,-222.061783,-9806.022374
13755.11209,0.0,0.0,-9806.022374
13755.112408,74.020594,0.0,-9806.022374
13755.112725,222.061783,74.020594,-9882.631924
13755.113043,74.020594,296.082377,-10342.289223
13755.113361,0.0,222.061783,-10035.851024
13755.113679,0.0,0.0,-10265.679673
13755.113996,0.0,0.0,-10112.460574
13755.114314,0.0,74.020594,-10112.460574
13755.114632,-148.041188,0.0,-10495.508323
13755.11495,0.0,0.0,-10418.898773
13755.115267,-148.041188,296.082377,-10342.289223
13755.115585,0.0,370.102971,-10112.460574
13755.115903,0.0,592.164754,-10342.289223
13755.116221,0.0,148.041188,-10342.289223
13755.116538,-444.123565,296.082377,-10495.508323
13755.116856,-148.041188,0.0,-10418.898773
13755.117174,-444.123565,0.0,-10495.508323
13755.117492,0.0,0.0,-10648.727422
13755.11781,-444.123565,0.0,-10418.898773
13755.118127,-222.061783,0.0,-10418.898773
13755.118445,-296.082377,0.0,-10189.070123
13755.118763,-222.061783,0.0,-10189.070123
13755.119081,0.0,0.0,-10418.898773
13755.119398,-296.082377,0.0,-10265.679673
13755.119716,-592.164754,-222.061783,-9882.631924
13755.120034,-740.205942,-148.041188,-9882.631924
13755.120352,-370.102971,0.0,-9576.193725
13755.120669,-592.164754,148.041188,-9729.412825
13755.120987,-370.102971,222.061783,-9959.241474
13755.121305,0.0,518.144159,-10189.070123
13755.121623,0.0,592.164754,-10265.679673
13755.121941,222.061783,592.164754,-10725.336972
13755.122258,0.0,666.185348,-10495.508323
13755.122576,0.0,518.144159,-10418.898773
13755.122894,-222.061783,222.061783,-10189.070123
13755.123212,-222.061783,444.123565,-10189.070123
13755.123529,148.041188,0.0,-10418.898773
13755.123847,0.0,0.0,-10418.898773
13755.124165,0.0,0.0,-10035.851024
13755.124483,0.0,-148.041188,-10342.289223
13755.1248,0.0,0.0,-10112.460574
13755.125118,-148.041188,0.0,-10035.851024
13755.125436,-444.123565,-148.041188,-10418.898773
13755.125754,-592.164754,-222.061783,-10495.508323
13755.126071,-444.123565,-148.041188,-10265.679673
13755.126389,-592.164754,0.0,-10265.679673
13755.126707,-444.123565,74.020594,-10572.117872
13755.127025,-222.061783,444.123565,-10418.898773
13755.127343,-370.102971,518.144159,-10418.898773
13755.12766,0.0,444.123565,-10648.727422
13755.127978,0.0,296.082377,-10648.727422
13755.128296,-370.102971,296.082377,-10265.679673
13755.128614,-518.144159,222.061783,-10189.070123
13755.128931,-666.185348,148.041188,-10035.851024
13755.129249,-740.205942,370.102971,-9806.022374
13755.129567,-296.082377,74.020594,-9959.241474
13755.129885,-222.061783,148.041188,-9806.022374
13755.130202,0.0,222.061783,-9806.022374
13755.13052,222.061783,0.0,-9959.241474
13755.130838,74.020594,0.0,-9959.241474
13755.131156,0.0,148.041188,-10035.851024
13755.131474,0.0,0.0,-10112.460574
13755.131791,-222.061783,0.0,-10265.679673
13755.132109,296.082377,-296.082377,-10495.508323
13755.132427,0.0,0.0,-10112.460574
13755.132745,0.0,222.061783,-10342.289223
13755.133062,-222.061783,222.061783,-10495.508323
13755.13338,-148.041188,444.123565,-10265.679673
13755.133698,-148.041188,148.041188,-10035.851024
13755.134016,-370.102971,296.082377,-10265.679673
13755.134333,-370.102971,0.0,-10648.727422
13755.134651,-444.123565,0.0,-10725.336972
13755.134969,-444.123565,814.226536,-10572.117872
13755.135287,-444.123565,148.041188,-10418.898773
13755.135604,0.0,444.123565,-10265.679673
13755.135922,-296.082377,222.061783,-10572.117872
13755.13624,0.0,296.082377,-10572.117872
13755.136558,-296.082377,222.061783,-10801.946522
13755.136876,-444.123565,-148.041188,-10189.070123
13755.137193,-740.205942,0.0,-10035.851024
13755.137511,-740.205942,-148.041188,-9806.022374
13755.137829,-370.102971,0.0,-9576.193725
13755.138147,-444.123565,0.0,-9806.022374
13755.138464,-222.061783,222.061783,-9806.022374
13755.138782,0.0,518.144159,-9729.412825
13755.1391,0.0,296.082377,-10112.460574
13755.139418,148.041188,888.24713,-9959.241474
13755.139735,222.061783,592.164754,-10418.898773
13755.140053,0.0,518.144159,-10342.289223
13755.140371,0.0,444.123565,-10342.289223
13755.140689,-222.061783,444.123565,-9269.755526
13755.141007,-148.041188,148.041188,-10342.289223
13755.141324,-148.041188,296.082377,-10189.070123
13755.141642,0.0,74.020594,-10189.070123
13755.14196,0.0,0.0,-10112.460574
13755.142278,0.0,444.123565,-9959.241474
13755.142595,-222.061783,-222.061783,-10418.898773
13755.142913,-444.123565,-444.123565,-10112.460574
13755.143231,-444.123565,-296.082377,-10265.679673
13755.143549,-518.144159,-296.082377,-10342.289223
13755.143866,-222.061783,0.0,-10495.508323
13755.144184,0.0,74.020594,-10189.070123
13755.144502,-148.041188,222.061783,-10342.289223
13755.14482,-296.082377,148.041188,-10265.679673
13755.145137,148.041188,222.061783,-10648.727422
13755.145455,-740.205942,444.123565,-10495.508323
13755.145773,-666.185348,74.020594,-10342.289223
13755.146091,-740.205942,296.082377,-10265.679673
13755.146409,-518.144159,518.144159,-10189.070123
13755.146726,-518.144159,518.144159,-10035.851024
13755.147044,0.0,148.041188,-10112.460574
13755.147362,74.020594,222.061783,-9959.241474
13755.14768,0.0,296.082377,-10035.851024
13755.147997,0.0,296.082377,-9882.631924
13755.148315,148.041188,74.020594,-10189.070123
13755.148633,0.0,148.041188,-10342.289223
13755.148951,0.0,-222.061783,-10342.289223
13755.149268,0.0,-148.041188,-10035.851024
13755.149586,74.020594,74.020594,-10112.460574
13755.149904,-222.061783,-148.041188,-10112.460574
13755.150222,0.0,148.041188,-10112.460574
13755.15054,-148.041188,0.0,-10112.460574
13755.150857,0.0,0.0,-10265.679673
13755.151175,-148.041188,74.020594,-10112.460574
13755.151493,-592.164754,0.0,-10648.727422
13755.151811,-370.102971,-370.102971,-10572.117872
13755.152128,-444.123565,0.0,-10342.289223
13755.152446,-148.041188,518.144159,-10112.460574
13755.152764,-370.102971,444.123565,-10572.117872
13755.153082,-148.041188,296.082377,-10648.727422
13755.153399,-296.082377,296.082377,-10572.117872
13755.153717,-296.082377,148.041188,-10725.336972
13755.154035,-518.144159,444.123565,-10189.070123
13755.154353,-296.082377,0.0,-10112.460574
13755.154671,-222.061783,0.0,-9959.241474
13755.154988,-370.102971,-222.061783,-9959.241474
13755.155306,-296.082377,0.0,-9959.241474
13755.155624,-444.123565,-222.061783,-9806.022374
13755.155942,0.0,0.0,-9729.412825
13755.156259,0.0,74.020594,-9882.631924
13755.156577,74.020594,222.061783,-9959.241474
13755.156895,222.061783,222.061783,-9269.755526
13755.157213,0.0,296.082377,-10112.460574
13755.15753,0.0,518.144159,-10418.898773
13755.157848,-296.082377,370.102971,-10572.117872
13755.158166,0.0,296.082377,-10572.117872
13755.158484,-148.041188,148.041188,-10265.679673
13755.158801,0.0,370.102971,-10265.679673
13755.159119,0.0,296.082377,-9959.241474
13755.159437,222.061783,296.082377,-10342.289223
13755.159755,74.020594,518.144159,-10342.289223
13755.160073,-444.123565,0.0,-10342.289223
13755.16039,-444.123565,-296.082377,-10418.898773
13755.160708,-592.164754,-370.102971,-10342.289223
13755.161026,-296.082377,-222.061783,-10189.070123
13755.161344,-592.164754,0.0,-10189.070123
13755.161661,-148.041188,74.020594,-10495.508323
13755.161979,0.0,148.041188,-10418.898773
13755.162297,-370.102971,222.061783,-10189.070123
13755.162615,-296.082377,74.020594,-9959.241474
13755.162932,-444.123565,0.0,-10342.289223
13755.16325,-666.185348,148.041188,-10189.070123
13755.163568,-666.185348,0.0,-10495.508323
13755.163886,-518.144159,222.061783,-10189.070123
13755.164204,-296.082377,518.144159,-9959.241474
13755.164521,-222.061783,518.144159,-10112.460574
13755.164839,0.0,518.144159,-9806.022374
13755.165157,0.0,370.102971,-9959.241474
13755.165475,0.0,666.185348,-9959.241474
13755.165792,0.0,296.082377,-10418.898773
13755.16611,-148.041188,74.020594,-10189.070123
13755.166428,-222.061783,148.041188,-10342.289223
13755.166746,0.0,0.0,-10189.070123
13755.167063,74.020594,0.0,-9806.022374
13755.167381,0.0,0.0,-10189.070123
13755.167699,148.041188,0.0,-9806.022374
13755.168017,0.0,0.0,-10112.460574
13755.168334,74.020594,-370.102971,-10418.898773
13755.168652,-370.102971,-222.061783,-10189.070123
13755.16897,-592.164754,-370.102971,-10495.508323
13755.169288,-518.144159,0.0,-10035.851024
13755.169606,-370.102971,0.0,-10572.117872
13755.169923,-814.226536,296.082377,-10648.727422
13755.170241,-296.082377,666.185348,-10725.336972
13755.170559,0.0,666.185348,-10878.556072
13755.170877,-222.061783,296.082377,-10495.508323
13755.171194,-222.061783,370.102971,-10572.117872
13755.171512,-222.061783,0.0,-10725.336972
13755.17183,-444.123565,0.0,-10112.460574
13755.172148,-518.144159,0.0,-10342.289223
13755.172465,0.0,0.0,-9882.631924
13755.172783,-222.061783,74.020594,-9652.803275
13755.173101,-222.061783,0.0,-9882.631924
13755.173419,74.020594,0.0,-9882.631924
13755.173737,0.0,-148.041188,-9806.022374
13755.174054,0.0,0.0,-10035.851024
13755.174372,0.0,0.0,-9652.803275
13755.17469,0.0,148.041188,-10035.851024
13755.175008,0.0,296.082377,-10112.460574
13755.175325,-222.061783,370.102971,-10112.460574
13755.175643,-222.061783,222.061783,-10112.460574
13755.175961,-148.041188,222.061783,-10035.851024
13755.176279,0.0,296.082377,-10495.508323
13755.176596,0.0,370.102971,-10265.679673
13755.176914,0.0,444.123565,-10495.508323
13755.177232,0.0,148.041188,-10112.460574
13755.17755,-370.102971,74.020594,-10418.898773
13755.177867,-148.041188,-370.102971,-10342.289223
13755.178185,-444.123565,0.0,-10495.508323
13755.178503,-370.102971,74.020594,-10342.289223
13755.178821,-444.123565,74.020594,-10265.679673
13755.179139,-296.082377,0.0,-10342.289223
13755.179456,0.0,74.020594,-10189.070123
13755.179774,-296.082377,0.0,-10265.679673
13755.180092,-370.102971,0.0,-10035.851024
13755.18041,-444.123565,0.0,-10112.460574
13755.180727,-592.164754,0.0,-10189.070123
13755.181045,-592.164754,0.0,-10112.460574
13755.181363,-370.102971,296.082377,-10112.460574
13755.181681,0.0,1036.288319,-10648.727422
13755.181998,-222.061783,370.102971,-9882.631924
13755.182316,0.0,296.082377,-10112.460574
13755.182634,-222.061783,814.226536,-10035.851024
13755.182952,74.020594,518.144159,-10035.851024
13755.18327,-370.102971,444.123565,-10265.679673
13755.183587,0.0,370.102971,-10495.508323
13755.183905,0.0,444.123565,-10342.289223
13755.184223,74.020594,296.082377,-10265.679673
13755.184541,444.123565,222.061783,-10112.460574
13755.184858,0.0,0.0,-10189.070123
13755.185176,0.0,-148.041188,-10189.070123
13755.185494,74.020594,0.0,-10112.460574
13755.185812,0.0,0.0,-10112.460574
13755.18613,-444.123565,0.0,-10495.508323
13755.186447,-370.102971,-148.041188,-10342.289223
13755.186765,-592.164754,-296.082377,-10265.679673
13755.187083,-444.123565,-148.041188,-10342.289223
13755.187401,-444.123565,148.041188,-10112.460574
13755.187718,-370.102971,370.102971,-10725.336972
13755.188036,-370.102971,814.226536,-10572.117872
13755.188354,-370.102971,592.164754,-10342.289223
13755.188672,-518.144159,518.144159,-10572.117872
13755.18899,-222.061783,-148.041188,-10648.727422
13755.189307,-518.144159,148.041188,-10495.508323
13755.189625,-518.144159,222.061783,-10265.679673
13755.189943,-296.082377,296.082377,-10189.070123
13755.190261,-222.061783,148.041188,-9806.022374
13755.190578,-148.041188,296.082377,-9729.412825
13755.190896,0.0,222.061783,-9806.022374
13755.191214,74.020594,0.0,-10035.851024
13755.191532,0.0,222.061783,-9806.022374
13755.19185,0.0,148.041188,-10265.679673
13755.192167,0.0,0.0,-10035.851024
13755.192485,-296.082377,0.0,-10112.460574
13755.192803,-148.041188,-222.061783,-10189.070123
13755.193121,0.0,-148.041188,-10418.898773
13755.193439,0.0,148.041188,-10112.460574
13755.193756,0.0,296.082377,-9959.241474
13755.194074,0.0,296.082377,-10342.289223
13755.194392,0.0,296.082377,-10342.289223
13755.19471,-296.082377,592.164754,-10878.556072
13755.195027,-666.185348,222.061783,-10572.117872
13755.195345,-518.144159,0.0,-10648.727422
13755.195663,-592.164754,0.0,-10572.117872
13755.195981,-296.082377,0.0,-10418.898773
13755.196299,148.041188,148.041188,-10418.898773
13755.196616,0.0,148.041188,-10572.117872
13755.196934,-148.041188,148.041188,-10418.898773
13755.197252,-296.082377,148.041188,-10418.898773
13755.19757,-296.082377,74.020594,-10342.289223
13755.197887,-518.144159,0.0,-9806.022374
13755.198205,-592.164754,-296.082377,-10035.851024
13755.198523,-518.144159,-296.082377,-9882.631924
13755.198841,-222.061783,0.0,-10112.460574
13755.199159,-296.082377,148.041188,-10265.679673
13755.199476,0.0,444.123565,-9806.022374
13755.199794,-148.041188,518.144159,-10035.851024
13755.200112,0.0,518.144159,-10189.070123
13755.20043,148.041188,814.226536,-9959.241474
13755.200748,-148.041188,666.185348,-10725.336972
13755.201065,148.041188,444.123565,-10572.117872
13755.201383,0.0,222.061783,-10648.727422
13755.201701,0.0,148.041188,-10189.070123
13755.202019,148.041188,0.0,-9882.631924
13755.202336,0.0,148.041188,-10265.679673
13755.202654,0.0,0.0,-9959.241474
13755.202972,0.0,0.0,-10189.070123
13755.20329,-370.102971,-222.061783,-10112.460574
13755.203608,-592.164754,0.0,-9806.022374
13755.203925,-370.102971,-592.164754,-10189.070123
13755.204243,-296.082377,-296.082377,-10035.851024
13755.204561,-444.123565,0.0,-10112.460574
13755.204879,-222.061783,74.020594,-10112.460574
13755.205196,148.041188,518.144159,-11108.384721
13755.205514,-222.061783,222.061783,-10495.508323
13755.205832,-444.123565,518.144159,-10648.727422
13755.20615,-444.123565,296.082377,-10495.508323
13755.206468,-444.123565,222.061783,-10265.679673
13755.206785,-592.164754,0.0,-9959.241474
13755.207103,-666.185348,148.041188,-10418.898773
13755.207421,-592.164754,444.123565,-10265.679673
13755.207739,-296.082377,296.082377,-9959.241474
13755.208057,-222.061783,370.102971,-10035.851024
13755.208374,0.0,222.061783,-9806.022374
13755.208692,0.0,518.144159,-9959.241474
13755.20901,74.020594,222.061783,-9959.241474
13755.209328,0.0,0.0,-10035.851024
13755.209645,148.041188,0.0,-9652.803275
13755.209963,-148.041188,0.0,-10265.679673
13755.210281,0.0,-148.041188,-10112.460574
13755.210599,0.0,0.0,-9959.241474
13755.210917,0.0,-148.041188,-10189.070123
13755.211234,-74.020594,-222.061783,-10112.460574
13755.211552,0.0,222.061783,-10342.289223
13755.21187,-222.061783,74.020594,-10418.898773
13755.212188,-592.164754,0.0,-10572.117872
13755.212505,0.0,0.0,-10112.460574
13755.212823,-592.164754,0.0,-10572.117872
13755.213141,-518.144159,148.041188,-10342.289223
13755.213459,-296.082377,222.061783,-10418.898773
13755.213777,0.0,518.144159,-10648.727422
13755.214094,0.0,444.123565,-10801.946522
13755.214412,-370.102971,444.123565,-10495.508323
13755.21473,-296.082377,74.020594,-10418.898773
13755.215048,-370.102971,0.0,-10035.851024
13755.215366,-370.102971,-222.061783,-9269.755526
13755.215683,-592.164754,0.0,-9806.022374
13755.216001,-296.082377,0.0,-9882.631924
13755.216319,-296.082377,0.0,-9652.803275
13755.216637,-148.041188,0.0,-9729.412825
13755.216954,0.0,148.041188,-9882.631924
13755.217272,0.0,148.041188,-9806.022374
13755.21759,-148.041188,222.061783,-10035.851024
13755.217908,0.0,296.082377,-10189.070123
13755.218226,-148.041188,592.164754,-10189.070123
13755.218543,-296.082377,296.082377,-10572.117872
13755.218861,-222.061783,370.102971,-10572.117872
13755.219179,-148.041188,370.102971,-10265.679673
13755.219497,-148.041188,296.082377,-10342.289223
13755.219814,0.0,518.144159,-10725.336972
13755.220132,0.0,148.041188,-10265.679673
13755.22045,0.0,222.061783,-10495.508323
13755.220768,-370.102971,74.020594,-10342.289223
13755.221086,-518.144159,-296.082377,-10265.679673
13755.221403,-518.144159,-370.102971,-10342.289223
13755.221721,-592.164754,-370.102971,-10418.898773
13755.222039,-444.123565,0.0,-10112.460574
13755.222357,-222.061783,74.020594,-10189.070123
13755.222675,0.0,222.061783,-10648.727422
13755.222992,0.0,222.061783,-10265.679673
13755.22331,-296.082377,148.041188,-10265.679673
13755.223628,-518.144159,148.041188,-10418.898773
13755.223946,-666.185348,148.041188,-10265.679673
13755.224263,-740.205942,148.041188,-10189.070123
13755.224581,-592.164754,370.102971,-10265.679673
13755.224899,-296.082377,518.144159,-10035.851024
13755.225217,-222.061783,592.164754,-10112.460574
13755.225535,222.061783,370.102971,-10189.070123
13755.225852,-222.061783,518.144159,-9882.631924
13755.22617,0.0,444.123565,-10035.851024
13755.226488,0.0,296.082377,-10189.070123
13755.226806,0.0,296.082377,-10035.851024
13755.227123,-148.041188,296.082377,-10112.460574
13755.227441,0.0,148.041188,-10265.679673
13755.227759,0.0,0.0,-10189.070123
13755.228077,0.0,-222.061783,-10112.460574
13755.228395,222.061783,-296.082377,-9806.022374
13755.228712,0.0,0.0,-10112.460574
13755.22903,-148.041188,74.020594,-10035.851024
13755.229348,-518.144159,74.020594,-10342.289223
13755.229666,-296.082377,0.0,-10265.679673
13755.229984,-296.082377,74.020594,-10495.508323
13755.230301,-370.102971,0.0,-10342.289223
13755.230619,-518.144159,296.082377,-10725.336972
13755.230937,-370.102971,296.082377,-10648.727422
13755.231255,-148.041188,666.185348,-11108.384721
13755.231572,-222.061783,518.144159,-10725.336972
13755.23189,-370.102971,444.123565,-10878.556072
13755.232208,-444.123565,222.061783,-10418.898773
13755.232526,-370.102971,0.0,-10189.070123
13755.232844,-740.205942,370.102971,-10495.508323
13755.233161,-296.082377,-148.041188,-9959.241474
13755.233479,-148.041188,0.0,-9959.241474
13755.233797,-370.102971,148.041188,-9959.241474
13755.234115,-148.041188,222.061783,-9499.584175
13755.234432,0.0,0.0,-9882.631924
13755.23475,0.0,148.041188,-9806.022374
13755.235068,74.020594,148.041188,-9729.412825
13755.235386,0.0,74.020594,-10342.289223
13755.235704,-296.082377,518.144159,-10112.460574
13755.236021,0.0,148.041188,-10495.508323
13755.236339,-148.041188,296.082377,-10342.289223
13755.236657,0.0,74.020594,-10342.289223
13755.236975,0.0,592.164754,-10112.460574
13755.237293,-148.041188,370.102971,-10265.679673
13755.23761,-148.041188,296.082377,-10342.289223
13755.237928,0.0,222.061783,-10572.117872
13755.238246,-518.144159,0.0,-10418.898773
13755.238564,0.0,-148.041188,-10878.556072
13755.238881,-370.102971,-148.041188,-10342.289223
13755.239199,-296.082377,-370.102971,-10265.679673
13755.239517,-370.102971,0.0,-10112.460574
13755.239835,0.0,222.061783,-9652.803275
13755.240153,-296.082377,74.020594,-10112.460574
13755.24047,-592.164754,0.0,-10495.508323
13755.240788,-296.082377,74.020594,-10418.898773
13755.241106,-518.144159,0.0,-9959.241474
13755.241424,-370.102971,-370.102971,-9806.022374
13755.241741,-296.082377,0.0,-10035.851024
13755.242059,-518.144159,296.082377,-9882.631924
13755.242377,-444.123565,370.102971,-10035.851024
13755.242695,-666.185348,888.24713,-10342.289223
13755.243013,0.0,518.144159,-10112.460574
13755.24333,0.0,814.226536,-10189.070123
13755.243648,0.0,740.205942,-10189.070123
13755.243966,0.0,370.102971,-10112.460574
13755.244284,148.041188,0.0,-10112.460574
13755.244602,-148.041188,0.0,-10418.898773
13755.244919,0.0,74.020594,-10418.898773
13755.245237,0.0,-296.082377,-10342.289223
13755.245555,0.0,222.061783,-9882.631924
13755.245873,148.041188,-222.061783,-9959.241474
13755.24619,148.041188,0.0,-10265.679673
13755.246508,148.041188,0.0,-10189.070123
13755.246826,-148.041188,-222.061783,-10495.508323
13755.247144,-444.123565,0.0,-11031.775171
13755.247462,-592.164754,-518.144159,-10418.898773
13755.247779,-592.164754,0.0,-10265.679673
13755.248097,-370.102971,148.041188,-10035.851024
13755.248415,-296.082377,370.102971,-10035.851024
13755.248733,-148.041188,740.205942,-10801.946522
13755.24905,-222.061783,444.123565,-10648.727422
13755.249368,-592.164754,444.123565,-10801.946522
13755.249686,-518.144159,222.061783,-10495.508323
13755.250004,-296.082377,592.164754,-10725.336972
13755.250322,-518.144159,222.061783,-10189.070123
13755.250639,-518.144159,74.020594,-9806.022374
13755.250957,0.0,0.0,-9882.631924
13755.251275,-148.041188,0.0,-9806.022374
13755.251593,0.0,0.0,-9959.241474
13755.251911,0.0,0.0,-9806.022374
13755.252228,74.020594,0.0,-10112.460574
13755.252546,0.0,0.0,-9729.412825
13755.252864,0.0,370.102971,-9346.365076
13755.253182,0.0,0.0,-9882.631924
13755.253499,0.0,0.0,-10265.679673
13755.253817,0.0,222.061783,-10265.679673
13755.254135,-222.061783,222.061783,-10189.070123
13755.254453,-296.082377,148.041188,-10189.070123
13755.254771,0.0,518.144159,-10495.508323
13755.255088,0.0,444.123565,-10418.898773
13755.255406,-296.082377,148.041188,-10495.508323
13755.255724,-518.144159,0.0,-10035.851024
13755.256042,-296.082377,0.0,-10418.898773
13755.256359,-444.123565,0.0,-10572.117872
13755.256677,-518.144159,296.082377,-10265.679673
13755.256995,-370.102971,74.020594,-10572.117872
13755.257313,0.0,222.061783,-10572.117872
13755.257631,-222.061783,74.020594,-10418.898773
13755.257948,-148.041188,74.020594,-10495.508323
13755.258266,-444.123565,0.0,-10418.898773
13755.258584,-518.144159,-296.082377,-9806.022374
13755.258902,-444.123565,0.0,-10189.070123
13755.25922,-666.185348,0.0,-9882.631924
13755.259537,-592.164754,-222.061783,-9806.022374
13755.259855,-518.144159,74.020594,-9882.631924
13755.260173,-444.123565,222.061783,-9959.241474
13755.260491,0.0,370.102971,-10112.460574
13755.260808,0.0,444.123565,-10112.460574
13755.261126,0.0,666.185348,-10265.679673
13755.261444,148.041188,518.144159,-10265.679673
13755.261762,0.0,296.082377,-10342.289223
13755.26208,0.0,444.123565,-10418.898773
13755.262397,0.0,148.041188,-10265.679673
13755.262715,0.0,148.041188,-10418.898773
13755.263033,-370.102971,370.102971,-10189.070123
13755.263351,74.020594,-222.061783,-10189.070123
13755.263668,0.0,0.0,-10189.070123
13755.263986,0.0,0.0,-10265.679673
13755.264304,-296.082377,0.0,-10189.070123
13755.264622,-518.144159,-296.082377,-10189.070123
13755.26494,-444.123565,-444.123565,-10418.898773
13755.265257,-592.164754,-148.041188,-10112.460574
13755.265575,-296.082377,0.0,-10189.070123
13755.265893,222.061783,222.061783,-10495.508323
13755.266211,-148.041188,592.164754,-10495.508323
13755.266529,-444.123565,222.061783,-10265.679673
13755.266846,-370.102971,444.123565,-10572.117872
13755.267164,-444.123565,222.061783,-10418.898773
13755.267482,-518.144159,222.061783,-10418.898773
13755.2678,-518.144159,370.102971,-10418.898773
13755.268117,-518.144159,370.102971,-10342.289223
13755.268435,-296.082377,222.061783,-9959.241474
13755.268753,222.061783,370.102971,-10189.070123
13755.269071,0.0,296.082377,-10342.289223
13755.269389,74.020594,222.061783,-10035.851024
13755.269706,0.0,148.041188,-10035.851024
13755.270024,0.0,296.082377,-9039.926876
13755.270342,74.020594,0.0,-10035.851024
13755.27066,0.0,-148.041188,-10189.070123
13755.270977,0.0,0.0,-10189.070123
13755.271295,0.0,0.0,-10035.851024
13755.271613,-296.082377,0.0,-10572.117872
13755.271931,0.0,222.061783,-10189.070123
13755.272249,74.020594,0.0,-9959.241474
13755.272566,-222.061783,296.082377,-10342.289223
13755.272884,-296.082377,370.102971,-10418.898773
13755.273202,-370.102971,0.0,-10495.508323
13755.27352,-666.185348,-74.020594,-10572.117872
13755.273838,-592.164754,148.041188,-10495.508323
13755.274155,-370.102971,296.082377,-10572.117872
13755.274473,-518.144159,370.102971,-11644.65157
13755.274791,0.0,592.164754,-10572.117872
13755.275109,0.0,370.102971,-10725.336972
13755.275426,-370.102971,222.061783,-10189.070123
13755.275744,-222.061783,-296.082377,-10112.460574
13755.276062,-296.082377,-148.041188,-10189.070123
13755.27638,-518.144159,0.0,-9806.022374
13755.276698,-518.144159,-370.102971,-9806.022374
13755.277015,-370.102971,0.0,-9729.412825
13755.277333,-222.061783,0.0,-9806.022374
13755.277651,0.0,148.041188,-9882.631924
13755.277969,0.0,222.061783,-9959.241474
13755.278286,0.0,666.185348,-10035.851024
13755.278604,74.020594,222.061783,-10418.898773
13755.278922,0.0,296.082377,-10418.898773
13755.27924,0.0,370.102971,-10648.727422
13755.279558,-148.041188,74.020594,-10495.508323
13755.279875,0.0,0.0,-10265.679673
13755.280193,-222.061783,148.041188,-10189.070123
13755.280511,0.0,222.061783,-10265.679673
13755.280829,0.0,296.082377,-10112.460574
13755.281147,222.061783,222.061783,-10418.898773
13755.281464,0.0,0.0,-10495.508323
13755.281782,-296.082377,-518.144159,-10495.508323
13755.2821,-370.102971,-518.144159,-10342.289223
13755.282418,-592.164754,-444.123565,-10418.898773
13755.282735,-444.123565,0.0,-10112.460574
13755.283053,-592.164754,74.020594,-10265.679673
13755.283371,-148.041188,222.061783,-10418.898773
13755.283689,0.0,148.041188,-10648.727422
13755.284007,-148.041188,148.041188,-10342.289223
13755.284324,-444.123565,148.041188,-10495.508323
13755.284642,-666.185348,444.123565,-10572.117872
13755.28496,-666.185348,444.123565,-10342.289223
13755.285278,-592.164754,370.102971,-10342.289223
13755.285595,-518.144159,370.102971,-10265.679673
13755.285913,0.0,444.123565,-10342.289223
13755.286231,0.0,370.102971,-10189.070123
13755.286549,0.0,222.061783,-10112.460574
13755.286867,0.0,518.144159,-9882.631924
13755.287184,0.0,592.164754,-10265.679673
13755.287502,0.0,222.061783,-10112.460574
13755.28782,0.0,0.0,-10495.508323
13755.288138,0.0,0.0,-10342.289223
13755.288455,0.0,-296.082377,-10112.460574
13755.288773,-296.082377,0.0,-9729.412825
13755.289091,-148.041188,0.0,-10112.460574
13755.289409,74.020594,74.020594,-10112.460574
13755.289726,-222.061783,0.0,-10035.851024
13755.290044,0.0,0.0,-10418.898773
13755.290362,-370.102971,0.0,-11031.775171
13755.29068,-592.164754,222.061783,-10572.117872
13755.290997,-518.144159,74.020594,-10189.070123
13755.291315,-296.082377,0.0,-10572.117872
13755.291633,-444.123565,222.061783,-10572.117872
13755.291951,-370.102971,444.123565,-10572.117872
13755.292269,-296.082377,370.102971,-10648.727422
13755.292586,-444.123565,518.144159,-10572.117872
13755.292904,0.0,222.061783,-10418.898773
13755.293222,-296.082377,592.164754,-10801.946522
13755.29354,-296.082377,0.0,-10265.679673
13755.293857,-444.123565,0.0,-10112.460574
13755.294175,-148.041188,-148.041188,-9959.241474
13755.294493,-296.082377,0.0,-9959.241474
13755.294811,-592.164754,0.0,-10112.460574
13755.295128,-148.041188,0.0,-9729.412825
13755.295446,0.0,0.0,-9806.022374
13755.295764,0.0,222.061783,-9806.022374
13755.296082,74.020594,296.082377,-9729.412825
13755.296399,74.020594,222.061783,-10495.508323
13755.296717,0.0,296.082377,-10495.508323
13755.297035,-222.061783,444.123565,-10495.508323
13755.297353,-148.041188,296.082377,-10418.898773
13755.297671,0.0,222.061783,-10189.070123
13755.297988,-148.041188,444.123565,-10342.289223
13755.298306,0.0,444.123565,-10418.898773
13755.298624,0.0,296.082377,-10189.070123
13755.298942,0.0,740.205942,-10572.117872
13755.299259,-296.082377,0.0,-10495.508323
13755.299577,-592.164754,-444.123565,-10112.460574
13755.299895,-592.164754,-370.102971,-10189.070123
13755.300213,-370.102971,0.0,-10265.679673
13755.30053,-222.061783,222.061783,-10572.117872
13755.300848,-296.082377,296.082377,-10112.460574
13755.301166,-148.041188,148.041188,-10342.289223
13755.301484,-296.082377,148.041188,-10342.289223
13755.301801,-444.123565,74.020594,-10265.679673
13755.302119,-592.164754,0.0,-10342.289223
13755.302437,-592.164754,0.0,-10342.289223
13755.302755,-740.205942,74.020594,-9959.241474
13755.303072,-518.144159,222.061783,-10189.070123
13755.30339,0.0,888.24713,-10801.946522
13755.303708,0.0,518.144159,-10035.851024
13755.304026,0.0,740.205942,-9882.631924
13755.304344,0.0,592.164754,-10035.851024
13755.304661,0.0,518.144159,-10265.679673
13755.304979,296.082377,148.041188,-10265.679673
13755.305297,0.0,222.061783,-10418.898773
13755.305615,0.0,0.0,-10418.898773
13755.305932,0.0,0.0,-10265.679673
13755.30625,0.0,-148.041188,-10189.070123
13755.306568,-148.041188,0.0,-10189.070123
13755.306886,0.0,-222.061783,-10035.851024
13755.307203,0.0,0.0,-10189.070123
13755.307521,0.0,-148.041188,-10112.460574
13755.307839,-370.102971,74.020594,-10725.336972
13755.308157,-370.102971,-370.102971,-10265.679673
13755.308474,-592.164754,-222.061783,-10265.679673
13755.308792,-666.185348,0.0,-10495.508323
13755.30911,-370.102971,296.082377,-10572.117872
13755.309428,-148.041188,444.123565,-11031.775171
13755.309746,-370.102971,592.164754,-10801.946522
13755.310063,-296.082377,592.164754,-10801.946522
13755.310381,-444.123565,518.144159,-10725.336972
13755.310699,-222.061783,148.041188,-10495.508323
13755.311017,-518.144159,296.082377,-10112.460574
13755.311334,-666.185348,74.020594,-10112.460574
13755.311652,-296.082377,74.020594,-9882.631924
13755.31197,-370.102971,0.0,-9806.022374
13755.312288,-592.164754,444.123565,-9959.241474
13755.312605,0.0,148.041188,-9806.022374
13755.312923,0.0,0.0,-9576.193725
13755.313241,0.0,148.041188,-9806.022374
13755.313559,444.123565,148.041188,-9882.631924
13755.313876,0.0,148.041188,-10112.460574
13755.314194,-148.041188,-148.041188,-10265.679673
13755.314512,-222.061783,74.020594,-10418.898773
13755.31483,0.0,148.041188,-10495.508323
13755.315148,0.0,222.061783,-9959.241474
13755.315465,0.0,296.082377,-10418.898773
13755.315783,0.0,148.041188,-10112.460574
13755.316101,-296.082377,222.061783,-10418.898773
13755.316419,-296.082377,222.061783,-10418.898773
13755.316736,-296.082377,-148.041188,-10418.898773
13755.317054,-444.123565,-296.082377,-10418.898773
13755.317372,-296.082377,-148.041188,-10265.679673
13755.31769,-370.102971,222.061783,-10265.679673
13755.318007,0.0,296.082377,-10342.289223
13755.318325,0.0,222.061783,-10189.070123
13755.318643,0.0,0.0,-10418.898773
13755.318961,-148.041188,0.0,-10572.117872
13755.319278,-592.164754,-74.020594,-10189.070123
13755.319596,-592.164754,-148.041188,-10265.679673
13755.319914,-666.185348,0.0,-10035.851024
13755.320232,-444.123565,0.0,-10112.460574
13755.32055,-296.082377,296.082377,-9959.241474
13755.320867,-592.164754,0.0,-9882.631924
13755.321185,0.0,370.102971,-9806.022374
13755.321503,0.0,592.164754,-9882.631924
13755.321821,0.0,666.185348,-10342.289223
13755.322138,0.0,592.164754,-10265.679673
13755.322456,0.0,444.123565,-10725.336972
13755.322774,0.0,370.102971,-10342.289223
13755.323092,-148.041188,74.020594,-10342.289223
13755.323409,0.0,0.0,-10265.679673
13755.323727,-370.102971,592.164754,-10112.460574
13755.324045,74.020594,0.0,-10035.851024
13755.324363,0.0,0.0,-10189.070123
13755.32468,0.0,0.0,-10418.898773
13755.324998,-222.061783,0.0,-10035.851024
13755.325316,-370.102971,-296.082377,-10189.070123
13755.325634,-518.144159,-370.102971,-10112.460574
13755.325951,-518.144159,-148.041188,-10035.851024
13755.326269,-296.082377,0.0,-10265.679673
13755.326587,-370.102971,148.041188,-9882.631924
13755.326905,-222.061783,518.144159,-10572.117872
13755.327223,-296.082377,444.123565,-10648.727422
13755.32754,-296.082377,518.144159,-10878.556072
13755.327858,-370.102971,148.041188,-10418.898773
13755.328176,-740.205942,148.041188,-10342.289223
13755.328494,-518.144159,222.061783,-10342.289223
13755.328811,-222.061783,74.020594,-10265.679673
13755.329129,-444.123565,148.041188,-10189.070123
13755.329447,0.0,814.226536,-9959.241474
13755.329765,-148.041188,0.0,-10035.851024
13755.330082,0.0,74.020594,-9806.022374
13755.3304,0.0,296.082377,-9806.022374
13755.330718,74.020594,74.020594,-9806.022374
13755.331036,-148.041188,74.020594,-9882.631924
13755.331353,0.0,74.020594,-10189.070123
13755.331671,0.0,0.0,-10035.851024
13755.331989,-148.041188,0.0,-10112.460574
13755.332307,-74.020594,148.041188,-9959.241474
13755.332625,0.0,0.0,-10342.289223
13755.332942,0.0,370.102971,-10112.460574
13755.33326,0.0,370.102971,-10418.898773
13755.333578,0.0,296.082377,-10495.508323
13755.333896,-296.082377,222.061783,-10572.117872
13755.334213,-518.144159,0.0,-10648.727422
13755.334531,-592.164754,0.0,-10801.946522
13755.334849,-518.144159,0.0,-10418.898773
13755.335167,-148.041188,666.185348,-10801.946522
13755.335484,-222.061783,296.082377,-10342.289223
13755.335802,0.0,518.144159,-10342.289223
13755.33612,0.0,148.041188,-10572.117872
13755.336438,-296.082377,0.0,-10572.117872
13755.336755,-888.24713,222.061783,-10342.289223
13755.337073,-444.123565,0.0,-9959.241474
13755.337391,-740.205942,0.0,-10035.851024
13755.337709,-444.123565,0.0,-9806.022374
13755.338027,-222.061783,0.0,-9882.631924
13755.338344,-148.041188,74.020594,-9959.241474
13755.338662,0.0,222.061783,-10035.851024
13755.33898,0.0,296.082377,-9959.241474
13755.339298,74.020594,666.185348,-10035.851024
13755.339615,-222.061783,740.205942,-10418.898773
13755.339933,0.0,444.123565,-10495.508323
13755.340251,-296.082377,518.144159,-10342.289223
13755.340569,-222.061783,148.041188,-10342.289223
13755.340886,0.0,296.082377,-10035.851024
13755.341204,0.0,444.123565,-10265.679673
13755.341522,74.020594,296.082377,-10265.679673
13755.34184,0.0,0.0,-10112.460574
13755.342157,0.0,148.041188,-10112.460574
13755.342475,-296.082377,0.0,-10725.336972
13755.342793,-296.082377,-518.144159,-10342.289223
13755.343111,-370.102971,-592.164754,-10265.679673
13755.343428,-518.144159,-444.123565,-10418.898773
13755.343746,-296.082377,0.0,-9652.803275
13755.344064,-148.041188,0.0,-10495.508323
13755.344382,-222.061783,74.020594,-10342.289223
13755.3447,-222.061783,370.102971,-10265.679673
13755.345017,-148.041188,296.082377,-10418.898773
13755.345335,-296.082377,0.0,-10342.289223
13755.345653,-518.144159,444.123565,-10265.679673
13755.345971,-740.205942,222.061783,-10342.289223
13755.346288,-666.185348,222.061783,-10035.851024
13755.346606,-296.082377,296.082377,-9346.365076
13755.346924,-222.061783,444.123565,-10112.460574
13755.347242,0.0,296.082377,-9959.241474
13755.347559,0.0,296.082377,-10112.460574
13755.347877,222.061783,296.082377,-9959.241474
13755.348195,370.102971,0.0,-10265.679673
13755.348513,0.0,74.020594,-10342.289223
13755.34883,0.0,148.041188,-10035.851024
13755.349148,-296.082377,-148.041188,-10112.460574
13755.349466,0.0,0.0,-10112.460574
13755.349784,0.0,-370.102971,-9959.241474
13755.350102,0.0,0.0,-10035.851024
13755.350419,0.0,148.041188,-10112.460574
13755.350737,0.0,0.0,-10265.679673
13755.351055,-592.164754,444.123565,-9499.584175
13755.351373,-444.123565,74.020594,-10418.898773
13755.35169,-518.144159,0.0,-10418.898773
13755.352008,-518.144159,-148.041188,-10725.336972
13755.352326,-592.164754,518.144159,-10418.898773
13755.352644,-444.123565,222.061783,-10495.508323
13755.352961,-222.061783,592.164754,-10495.508323
13755.353279,0.0,444.123565,-10572.117872
13755.353597,-222.061783,444.123565,-10725.336972
13755.353915,-592.164754,444.123565,-10801.946522
13755.354232,-592.164754,0.0,-10342.289223
13755.35455,-518.144159,0.0,-9959.241474
13755.354868,-666.185348,0.0,-9882.631924
13755.355186,-296.082377,-148.041188,-9959.241474
13755.355504,0.0,0.0,-10035.851024
13755.355821,0.0,0.0,-10035.851024
13755.356139,74.020594,222.061783,-9959.241474
13755.356457,0.0,296.082377,-9806.022374
13755.356775,444.123565,444.123565,-9959.241474
13755.357092,0.0,148.041188,-10265.679673
13755.35741,-148.041188,296.082377,-10648.727422
13755.357728,-222.061783,296.082377,-10572.117872
13755.358046,-296.082377,74.020594,-10418.898773
13755.358363,-370.102971,518.144159,-10495.508323
13755.358681,0.0,444.123565,-10035.851024
13755.358999,0.0,296.082377,-10189.070123
13755.359317,0.0,222.061783,-10418.898773
13755.359634,148.041188,518.144159,-10265.679673
13755.359952,-296.082377,0.0,-10572.117872
13755.36027,-222.061783,-222.061783,-10495.508323
13755.360588,-518.144159,-222.061783,-10342.289223
13755.360905,-370.102971,-222.061783,-10265.679673
13755.361223,0.0,0.0,-10189.070123
13755.361541,-296.082377,0.0,-10189.070123
13755.361859,0.0,148.041188,-10572.117872
13755.362177,-296.082377,0.0,-10265.679673
13755.362494,-370.102971,-148.041188,-10265.679673
13755.362812,-518.144159,148.041188,-10342.289223
13755.36313,-666.185348,0.0,-10189.070123
13755.363448,-592.164754,222.061783,-10112.460574
13755.363765,-592.164754,0.0,-10342.289223
13755.364083,-666.185348,74.020594,-10342.289223
13755.364401,-370.102971,222.061783,-10035.851024
13755.364719,0.0,592.164754,-10035.851024
13755.365036,0.0,444.123565,-10112.460574
13755.365354,148.041188,814.226536,-9652.803275
13755.365672,0.0,666.185348,-10418.898773
13755.36599,0.0,148.041188,-10112.460574
13755.366307,0.0,0.0,-10189.070123
13755.366625,0.0,0.0,-10265.679673
13755.366943,0.0,-222.061783,-10572.117872
13755.367261,0.0,-296.082377,-10112.460574
13755.367579,0.0,0.0,-10112.460574
13755.367896,0.0,0.0,-10035.851024
13755.368214,0.0,148.041188,-9959.241474
13755.368532,-296.082377,0.0,-10342.289223
13755.36885,-592.164754,-222.061783,-10495.508323
13755.369167,-666.185348,-222.061783,-10265.679673
13755.369485,-740.205942,0.0,-10342.289223
13755.369803,-222.061783,296.082377,-10801.946522
13755.370121,-444.123565,370.102971,-10648.727422
13755.370438,-222.061783,666.185348,-10648.727422
13755.370756,0.0,740.205942,-10725.336972
13755.371074,-148.041188,370.102971,-10648.727422
13755.371392,-148.041188,148.041188,-10418.898773
13755.371709,-592.164754,296.082377,-10572.117872
13755.372027,-592.164754,148.041188,-10189.070123
13755.372345,-518.144159,0.0,-9882.631924
13755.372663,-592.164754,0.0,-9346.365076
13755.372981,-222.061783,0.0,-9652.803275
13755.373298,0.0,0.0,-9729.412825
13755.373616,0.0,0.0,-9806.022374
13755.373934,0.0,74.020594,-9729.412825
13755.374252,74.020594,0.0,-9729.412825
13755.374569,0.0,0.0,-10265.679673
13755.374887,0.0,74.020594,-10342.289223
13755.375205,-148.041188,0.0,-10265.679673
13755.375523,0.0,444.123565,-10189.070123
13755.37584,-148.041188,148.041188,-10189.070123
13755.376158,0.0,222.061783,-10265.679673
13755.376476,0.0,296.082377,-10342.289223
13755.376794,148.041188,444.123565,-10495.508323
13755.377111,-296.082377,370.102971,-10418.898773
13755.377429,-370.102971,0.0,-10495.508323
13755.377747,-370.102971,-148.041188,-10265.679673
13755.378065,-370.102971,-370.102971,-10418.898773
13755.378382,-370.102971,-444.123565,-9806.022374
13755.3787,-148.041188,0.0,-10189.070123
13755.379018,0.0,74.020594,-10572.117872
13755.379336,-148.041188,296.082377,-10342.289223
13755.379654,-370.102971,222.061783,-10342.289223
13755.379971,0.0,148.041188,-10572.117872
13755.380289,-444.123565,0.0,-10418.898773
13755.380607,-444.123565,-148.041188,-10112.460574
13755.380925,-444.123565,0.0,-9959.241474
13755.381242,-444.123565,0.0,-9959.241474
13755.38156,-444.123565,370.102971,-10112.460574
13755.381878,-296.082377,666.185348,-10035.851024
13755.382196,0.0,444.123565,-9882.631924
13755.382513,0.0,592.164754,-9959.241474
13755.382831,148.041188,814.226536,-10112.460574
13755.383149,0.0,518.144159,-10342.289223
13755.383467,0.0,370.102971,-10572.117872
13755.383784,-148.041188,370.102971,-10342.289223
13755.384102,0.0,148.041188,-9959.241474
13755.38442,0.0,0.0,-10112.460574
13755.384738,0.0,74.020594,-10265.679673
13755.385056,0.0,148.041188,-10035.851024
13755.385373,148.041188,0.0,-10265.679673
13755.385691,-444.123565,0.0,-10418.898773
13755.386009,-296.082377,-444.123565,-10342.289223
13755.386327,-518.144159,-666.185348,-10342.289223
13755.386644,-814.226536,-370.102971,-10112.460574
13755.386962,-518.144159,0.0,-10189.070123
13755.38728,-444.123565,0.0,-10495.508323
13755.387598,-370.102971,444.123565,-10418.898773
13755.387915,-296.082377,666.185348,-10495.508323
13755.388233,-444.123565,518.144159,-10418.898773
13755.388551,0.0,296.082377,-10878.556072
13755.388869,-296.082377,370.102971,-10495.508323
13755.389186,-370.102971,148.041188,-10572.117872
13755.389504,-518.144159,74.020594,-10342.289223
13755.389822,-444.123565,296.082377,-10265.679673
13755.39014,-296.082377,148.041188,-10112.460574
13755.390457,-296.082377,0.0,-9806.022374
13755.390775,0.0,222.061783,-9882.631924
13755.391093,74.020594,0.0,-9499.584175
13755.391411,370.102971,370.102971,-8886.707777
13755.391729,74.020594,222.061783,-9882.631924
13755.392046,74.020594,0.0,-10189.070123
13755.392364,-296.082377,0.0,-10189.070123
13755.392682,-222.061783,0.0,-10035.851024
13755.393,-296.082377,-222.061783,-9729.412825
13755.393317,0.0,0.0,-10189.070123
13755.393635,0.0,296.082377,-10342.289223
13755.393953,0.0,518.144159,-10342.289223
13755.394271,222.061783,740.205942,-11108.384721
13755.394588,-296.082377,296.082377,-10265.679673
13755.394906,-296.082377,222.061783,-10572.117872
13755.395224,-592.164754,74.020594,-10342.289223
13755.395542,-592.164754,0.0,-10572.117872
13755.395859,-296.082377,74.020594,-10572.117872
13755.396177,-444.123565,148.041188,-10648.727422
13755.396495,-222.061783,74.020594,-10342.289223
13755.396813,-222.061783,148.041188,-10418.898773
13755.39713,-148.041188,74.020594,-10418.898773
13755.397448,-222.061783,0.0,-10265.679673
13755.397766,-518.144159,0.0,-10342.289223
13755.398084,-518.144159,0.0,-10112.460574
13755.398402,-444.123565,-296.082377,-10112.460574
13755.398719,0.0,-222.061783,-9806.022374
13755.399037,-370.102971,0.0,-9882.631924
13755.399355,-296.082377,222.061783,-9959.241474
13755.399673,0.0,296.082377,-9959.241474
13755.39999,0.0,370.102971,-10035.851024
13755.400308,-222.061783,740.205942,-9959.241474
13755.400626,0.0,518.144159,-10189.070123
13755.400944,0.0,518.144159,-10418.898773
13755.401261,0.0,370.102971,-10342.289223
13755.401579,-444.123565,148.041188,-9959.241474
13755.401897,-222.061783,0.0,-10265.679673
13755.402215,-296.082377,222.061783,-10189.070123
13755.402532,-222.061783,0.0,-10265.679673
13755.40285,0.0,74.020594,-10112.460574
13755.403168,0.0,0.0,-10189.070123
13755.403486,-222.061783,-222.061783,-10418.898773
13755.403803,-296.082377,-444.123565,-10265.679673
13755.404121,-592.164754,-370.102971,-10112.460574
13755.404439,-592.164754,-296.082377,-9959.241474
13755.404757,-518.144159,0.0,-10112.460574
13755.405075,-296.082377,222.061783,-10112.460574
13755.405392,-222.061783,518.144159,-10418.898773
13755.40571,-296.082377,518.144159,-10342.289223
13755.406028,-370.102971,0.0,-10035.851024
13755.406346,-592.164754,222.061783,-10572.117872
13755.406663,-592.164754,222.061783,-10189.070123
13755.406981,-814.226536,296.082377,-10342.289223
13755.407299,-518.144159,444.123565,-10112.460574
13755.407617,-370.102971,74.020594,-9806.022374
13755.407934,-222.061783,444.123565,-9806.022374
13755.408252,0.0,222.061783,-9882.631924
13755.40857,0.0,148.041188,-9959.241474
13755.408888,148.041188,222.061783,-9729.412825
13755.409205,74.020594,296.082377,-10265.679673
13755.409523,148.041188,0.0,-10189.070123
13755.409841,0.0,0.0,-9959.241474
13755.410159,0.0,-222.061783,-10342.289223
13755.410476,-148.041188,-370.102971,-10112.460574
13755.410794,0.0,-148.041188,-10035.851024
13755.411112,0.0,0.0,-9806.022374
13755.41143,-148.041188,296.082377,-10035.851024
13755.411748,-222.061783,518.144159,-10189.070123
13755.412065,-296.082377,296.082377,-10572.117872
13755.412383,-518.144159,0.0,-10572.117872
13755.412701,-518.144159,-296.082377,-10495.508323
13755.413019,-518.144159,0.0,-10495.508323
13755.413336,-296.082377,0.0,-10495.508323
13755.413654,-444.123565,222.061783,-10495.508323
13755.413972,-148.041188,666.185348,-10418.898773
13755.41429,0.0,518.144159,-10801.946522
13755.414607,148.041188,148.041188,-10725.336972
13755.414925,-370.102971,74.020594,-10342.289223
13755.415243,-222.061783,0.0,-9959.241474
13755.415561,-518.144159,-296.082377,-9959.241474
13755.415878,-592.164754,-148.041188,-9806.022374
13755.416196,-444.123565,-222.061783,-10189.070123
13755.416514,-444.123565,74.020594,-9882.631924
13755.416832,0.0,0.0,-9652.803275
13755.417149,-148.041188,370.102971,-9652.803275
13755.417467,0.0,740.205942,-9269.755526
13755.417785,74.020594,296.082377,-10035.851024
13755.418103,148.041188,370.102971,-10418.898773
13755.418421,-296.082377,444.123565,-10265.679673
13755.418738,-592.164754,518.144159,-10572.117872
13755.419056,74.020594,740.205942,-10878.556072
13755.419374,0.0,222.061783,-10265.679673
13755.419692,0.0,296.082377,-10189.070123
13755.420009,0.0,518.144159,-10112.460574
13755.420327,0.0,148.041188,-9652.803275
13755.420645,0.0,0.0,-10112.460574
13755.420963,-740.205942,74.020594,-10495.508323
13755.42128,-740.205942,-592.164754,-10342.289223
13755.421598,-444.123565,-444.123565,-10189.070123
13755.421916,-518.144159,0.0,-10572.117872
13755.422234,0.0,0.0,-10265.679673
13755.422551,-222.061783,148.041188,-10112.460574
13755.422869,-370.102971,222.061783,-10572.117872
13755.423187,-370.102971,148.041188,-10648.727422
13755.423505,-370.102971,74.020594,-10265.679673
13755.423822,-370.102971,0.0,-10418.898773
13755.42414,-518.144159,222.061783,-10418.898773
13755.424458,-592.164754,296.082377,-10112.460574
13755.424776,-518.144159,0.0,-9959.241474
13755.425094,-370.102971,296.082377,-10189.070123
13755.425411,-296.082377,518.144159,-10342.289223
13755.425729,0.0,296.082377,-9959.241474
13755.426047,148.041188,518.144159,-10112.460574
13755.426365,148.041188,740.205942,-10035.851024
13755.426682,148.041188,148.041188,-10189.070123
13755.427,0.0,74.020594,-10189.070123
13755.427318,-148.041188,0.0,-10189.070123
13755.427636,-148.041188,-444.123565,-9193.145976
13755.427953,0.0,-296.082377,-10035.851024
13755.428271,0.0,0.0,-10035.851024
13755.428589,222.061783,-222.061783,-10112.460574
13755.428907,148.041188,0.0,-10189.070123
13755.429224,-148.041188,0.0,-10265.679673
13755.429542,-370.102971,0.0,-10342.289223
13755.42986,-592.164754,-148.041188,-10265.679673
13755.430178,-592.164754,0.0,-10342.289223
13755.430495,-444.123565,518.144159,-10035.851024
13755.430813,-296.082377,296.082377,-10648.727422
13755.431131,-296.082377,518.144159,-10418.898773
13755.431449,0.0,740.205942,-10648.727422
13755.431767,-444.123565,370.102971,-10725.336972
13755.432084,-444.123565,518.144159,-10265.679673
13755.432402,-370.102971,222.061783,-10189.070123
13755.43272,-518.144159,-148.041188,-10189.070123
13755.433038,-444.123565,0.0,-10035.851024
13755.433355,-370.102971,0.0,-10112.460574
13755.433673,-296.082377,0.0,-9882.631924
13755.433991,-222.061783,0.0,-9652.803275
13755.434309,0.0,74.020594,-9806.022374
13755.434626,0.0,222.061783,-9806.022374
13755.434944,-296.082377,222.061783,-9806.022374
13755.435262,0.0,222.061783,-10035.851024
13755.43558,0.0,74.020594,-10342.289223
13755.435897,-296.082377,0.0,-10342.289223
13755.436215,-222.061783,888.24713,-10878.556072
13755.436533,0.0,148.041188,-10495.508323
13755.436851,0.0,296.082377,-10112.460574
13755.437168,0.0,296.082377,-10265.679673
13755.437486,0.0,222.061783,-10495.508323
13755.437804,0.0,0.0,-10418.898773
13755.438122,-74.020594,148.041188,-10342.289223
13755.43844,-444.123565,0.0,-10342.289223
13755.438757,0.0,-296.082377,-10342.289223
13755.439075,-592.164754,-222.061783,-9882.631924
13755.439393,-148.041188,0.0,-10265.679673
13755.439711,-296.082377,0.0,-10495.508323
13755.440028,-222.061783,0.0,-10342.289223
13755.440346,-148.041188,0.0,-10418.898773
13755.440664,296.082377,296.082377,-10265.679673
13755.440982,-370.102971,0.0,-10342.289223
13755.441299,-370.102971,0.0,-10112.460574
13755.441617,-518.144159,0.0,-10189.070123
13755.441935,-518.144159,0.0,-9959.241474
13755.442253,-518.144159,222.061783,-10035.851024
13755.44257,-370.102971,296.082377,-10112.460574
13755.442888,-296.082377,370.102971,-9806.022374
13755.443206,-222.061783,592.164754,-10035.851024
13755.443524,370.102971,444.123565,-9882.631924
13755.443841,0.0,666.185348,-10342.289223
13755.444159,0.0,444.123565,-10265.679673
13755.444477,0.0,296.082377,-10265.679673
13755.444795,-148.041188,0.0,-10342.289223
13755.445113,0.0,0.0,-10189.070123
13755.44543,0.0,74.020594,-10189.070123
13755.445748,74.020594,0.0,-10112.460574
13755.446066,74.020594,0.0,-10112.460574
13755.446384,592.164754,370.102971,-10495.508323
13755.446701,0.0,-148.041188,-9959.241474
13755.447019,-370.102971,0.0,-10189.070123
13755.447337,-518.144159,-370.102971,-10112.460574
13755.447655,-592.164754,-444.123565,-10265.679673
13755.447972,-444.123565,0.0,-10342.289223
13755.44829,-518.144159,222.061783,-10725.336972
13755.448608,-148.041188,518.144159,-10418.898773
13755.448926,-148.041188,592.164754,-10572.117872
13755.449243,-518.144159,666.185348,-11031.775171
13755.449561,-296.082377,518.144159,-10572.117872
13755.449879,-518.144159,148.041188,-10418.898773
13755.450197,-518.144159,222.061783,-10342.289223
13755.450514,-666.185348,148.041188,-9882.631924
13755.450832,-592.164754,74.020594,-10265.679673
13755.45115,-222.061783,148.041188,-9959.241474
13755.451468,-148.041188,74.020594,-9652.803275
13755.451786,0.0,0.0,-9806.022374
13755.452103,0.0,444.123565,-10112.460574
13755.452421,148.041188,0.0,-9882.631924
13755.452739,-74.020594,0.0,-10112.460574
13755.453057,-148.041188,0.0,-10112.460574
13755.453374,-148.041188,0.0,-10265.679673
13755.453692,-296.082377,-296.082377,-10112.460574
13755.45401,0.0,0.0,-10035.851024
13755.454328,0.0,370.102971,-10189.070123
13755.454645,0.0,370.102971,-10189.070123
13755.454963,0.0,370.102971,-10112.460574
13755.455281,0.0,222.061783,-10801.946522
13755.455599,-296.082377,0.0,-10648.727422
13755.455916,-666.185348,74.020594,-10648.727422
13755.456234,-518.144159,-222.061783,-10495.508323
13755.456552,-370.102971,0.0,-10418.898773
13755.45687,-370.102971,296.082377,-10495.508323
13755.457187,0.0,222.061783,-10418.898773
13755.457505,0.0,222.061783,-10418.898773
13755.457823,-296.082377,0.0,-10112.460574
13755.458141,222.061783,-222.061783,-10265.679673
13755.458459,-518.144159,-296.082377,-10342.289223
13755.458776,-518.144159,-296.082377,-10189.070123
13755.459094,-518.144159,-444.123565,-9959.241474
13755.459412,-444.123565,0.0,-9806.022374
13755.45973,-74.020594,296.082377,-9806.022374
13755.460047,0.0,296.082377,-9882.631924
13755.460365,74.020594,444.123565,-10035.851024
13755.460683,0.0,444.123565,-10112.460574
13755.461001,0.0,592.164754,-10189.070123
13755.461318,-296.082377,148.041188,-10189.070123
13755.461636,-148.041188,444.123565,-10495.508323
13755.461954,-296.082377,74.020594,-10572.117872
13755.462272,0.0,0.0,-10418.898773
13755.462589,0.0,0.0,-10265.679673
13755.462907,0.0,0.0,-10189.070123
13755.463225,0.0,296.082377,-9959.241474
13755.463543,74.020594,0.0,-10112.460574
13755.46386,0.0,0.0,-10189.070123
13755.464178,0.0,0.0,-10572.117872
13755.464496,-444.123565,-370.102971,-10189.070123
13755.464814,-592.164754,-740.205942,-10112.460574
13755.465132,-592.164754,-370.102971,-10342.289223
13755.465449,-592.164754,0.0,-10112.460574
13755.465767,-148.041188,370.102971,-10801.946522
13755.466085,0.0,370.102971,-10495.508323
13755.466403,-222.061783,370.102971,-10189.070123
13755.46672,-296.082377,444.123565,-10342.289223
13755.467038,-296.082377,74.020594,-10495.508323
13755.467356,-962.267725,74.020594,-10418.898773
13755.467674,-444.123565,296.082377,-10418.898773
13755.467991,-518.144159,296.082377,-10189.070123
13755.468309,-296.082377,74.020594,-10112.460574
13755.468627,-148.041188,222.061783,-9193.145976
13755.468945,-222.061783,518.144159,-10112.460574
13755.469262,74.020594,74.020594,-9959.241474
13755.46958,74.020594,222.061783,-9959.241474
13755.469898,148.041188,0.0,-9882.631924
13755.470216,0.0,-74.020594,-9882.631924
13755.470533,0.0,0.0,-10189.070123
13755.470851,-148.041188,-222.061783,-10342.289223
13755.471169,0.0,-222.061783,-10112.460574
13755.471487,0.0,-222.061783,-10112.460574
13755.471804,0.0,74.020594,-10265.679673
13755.472122,0.0,222.061783,-10112.460574
13755.47244,0.0,296.082377,-10495.508323
13755.472758,0.0,296.082377,-10572.117872
13755.473076,-518.144159,296.082377,-10572.117872
13755.473393,-296.082377,222.061783,-10418.898773
13755.473711,-518.144159,0.0,-10801.946522
13755.474029,-518.144159,148.041188,-10495.508323
13755.474347,-518.144159,370.102971,-10648.727422
13755.474664,-370.102971,444.123565,-10418.898773
13755.474982,-592.164754,518.144159,-10648.727422
13755.4753,0.0,0.0,-10495.508323
13755.475618,0.0,0.0,-10495.508323
13755.475935,-296.082377,-148.041188,-10342.289223
13755.476253,-518.144159,0.0,-10265.679673
13755.476571,-518.144159,74.020594,-9882.631924
13755.476889,-444.123565,0.0,-9806.022374
13755.477206,-592.164754,0.0,-9806.022374
13755.477524,0.0,148.041188,-9882.631924
13755.477842,0.0,222.061783,-9652.803275
13755.47816,148.041188,296.082377,-9422.974625
13755.478477,0.0,518.144159,-10189.070123
13755.478795,-222.061783,592.164754,-10112.460574
13755.479113,0.0,296.082377,-10495.508323
13755.479431,-296.082377,444.123565,-10418.898773
13755.479749,370.102971,592.164754,-10265.679673
13755.480066,0.0,222.061783,-10418.898773
13755.480384,0.0,370.102971,-10418.898773
13755.480702,0.0,296.082377,-10189.070123
13755.48102,0.0,148.041188,-10572.117872
13755.481337,0.0,0.0,-10495.508323
13755.481655,-370.102971,0.0,-10342.289223
13755.481973,-296.082377,-444.123565,-10342.289223
13755.482291,-370.102971,-592.164754,-10189.070123
13755.482608,-444.123565,-518.144159,-10189.070123
13755.482926,-592.164754,0.0,-10265.679673
13755.483244,-222.061783,0.0,-10265.679673
13755.483562,-222.061783,296.082377,-10495.508323
13755.483879,-370.102971,444.123565,-10265.679673
13755.484197,0.0,444.123565,-10572.117872
13755.484515,-370.102971,148.041188,-10342.289223
13755.484833,-518.144159,148.041188,-10495.508323
13755.48515,-592.164754,148.041188,-10035.851024
13755.485468,-592.164754,148.041188,-9959.241474
13755.485786,-518.144159,296.082377,-10035.851024
13755.486104,-444.123565,370.102971,-10265.679673
13755.486422,-148.041188,518.144159,-10189.070123
13755.486739,0.0,370.102971,-9806.022374
13755.487057,0.0,1036.288319,-10189.070123
13755.487375,0.0,444.123565,-9882.631924
13755.487693,0.0,148.041188,-10112.460574
13755.48801,0.0,0.0,-10342.289223
13755.488328,-148.041188,-222.061783,-10342.289223
13755.488646,0.0,0.0,-10189.070123
13755.488964,0.0,-296.082377,-9882.631924
13755.489281,-148.041188,148.041188,-9882.631924
13755.489599,0.0,0.0,-10189.070123
13755.489917,370.102971,0.0,-9959.241474
13755.490235,0.0,222.061783,-10418.898773
13755.490552,-296.082377,74.020594,-10572.117872
13755.49087,-592.164754,0.0,-10418.898773
13755.491188,-740.205942,0.0,-10648.727422
13755.491506,-740.205942,296.082377,-11031.775171
13755.491823,-518.144159,444.123565,-10572.117872
13755.492141,0.0,444.123565,-10495.508323
13755.492459,0.0,666.185348,-10418.898773
13755.492777,148.041188,222.061783,-10189.070123
13755.493094,-222.061783,148.041188,-10418.898773
13755.493412,-518.144159,-148.041188,-10265.679673
13755.49373,-370.102971,0.0,-10265.679673
13755.494048,-518.144159,0.0,-9959.241474
13755.494365,-222.061783,-222.061783,-9729.412825
13755.494683,-296.082377,-148.041188,-9806.022374
13755.495001,0.0,0.0,-9729.412825
13755.495319,0.0,0.0,-9882.631924
13755.495637,-148.041188,-222.061783,-9729.412825
13755.495954,74.020594,444.123565,-10035.851024
13755.496272,0.0,148.041188,-10342.289223
13755.49659,0.0,296.082377,-10342.289223
13755.496908,-296.082377,370.102971,-10572.117872
13755.497225,-444.123565,148.041188,-10265.679673
13755.497543,-148.041188,296.082377,-10418.898773
13755.497861,0.0,222.061783,-10112.460574
13755.498179,74.020594,296.082377,-10189.070123
13755.498496,592.164754,592.164754,-9806.022374
13755.498814,74.020594,370.102971,-10342.289223
13755.499132,-296.082377,0.0,-10495.508323
13755.49945,-444.123565,-148.041188,-10418.898773
13755.499767,-740.205942,-444.123565,-10035.851024
13755.500085,-518.144159,-444.123565,-10189.070123
13755.500403,-592.164754,0.0,-10342.289223
13755.500721,0.0,148.041188,-10495.508323
13755.501038,0.0,222.061783,-10342.289223
13755.501356,-148.041188,370.102971,-10495.508323
13755.501674,-296.082377,74.020594,-10265.679673
13755.501992,-740.205942,74.020594,-10189.070123
13755.502309,-518.144159,0.0,-10342.289223
13755.502627,-888.24713,814.226536,-9882.631924
13755.502945,-518.144159,222.061783,-10035.851024
13755.503263,-296.082377,148.041188,-9959.241474
13755.50358,-222.061783,518.144159,-9959.241474
13755.503898,0.0,518.144159,-10035.851024
13755.504216,518.144159,592.164754,-10878.556072
13755.504534,148.041188,666.185348,-10265.679673
13755.504851,0.0,592.164754,-10342.289223
13755.505169,0.0,148.041188,-10572.117872
13755.505487,-370.102971,74.020594,-10035.851024
13755.505805,148.041188,0.0,-10112.460574
13755.506122,0.0,-296.082377,-10112.460574
13755.50644,74.020594,0.0,-9882.631924
13755.506758,74.020594,148.041188,-10342.289223
13755.507076,0.0,0.0,-9576.193725
13755.507394,0.0,-148.041188,-10189.070123
13755.507711,-296.082377,-222.061783,-10265.679673
13755.508029,-518.144159,-296.082377,-10418.898773
13755.508347,-518.144159,-222.061783,-10342.289223
13755.508665,-222.061783,-148.041188,-10955.165621
13755.508982,0.0,296.082377,-10572.117872
13755.5093,-296.082377,370.102971,-10495.508323
13755.509618,-296.082377,740.205942,-10725.336972
13755.509936,0.0,740.205942,-11184.994271
13755.510253,-444.123565,518.144159,-10725.336972
13755.510571,-444.123565,296.082377,-10801.946522
13755.510889,-370.102971,222.061783,-10418.898773
13755.511207,-222.061783,0.0,-10112.460574
13755.511524,-222.061783,0.0,-9882.631924
13755.511842,-296.082377,-222.061783,-9882.631924
13755.51216,-296.082377,0.0,-10035.851024
13755.512478,-148.041188,74.020594,-9806.022374
13755.512795,-444.123565,370.102971,-9422.974625
13755.513113,0.0,222.061783,-9806.022374
13755.513431,0.0,0.0,-9959.241474
13755.513749,0.0,0.0,-10112.460574
13755.514066,0.0,74.020594,-10265.679673
13755.514384,0.0,74.020594,-10495.508323
13755.514702,0.0,74.020594,-10342.289223
13755.51502,0.0,222.061783,-10342.289223
13755.515337,0.0,370.102971,-10342.289223
13755.515655,444.123565,222.061783,-9959.241474
13755.515973,0.0,444.123565,-10495.508323
13755.516291,-148.041188,296.082377,-10418.898773
13755.516608,-370.102971,148.041188,-10495.508323
13755.516926,-296.082377,-222.061783,-10418.898773
13755.517244,-518.144159,0.0,-10495.508323
13755.517562,-370.102971,0.0,-10265.679673
13755.517879,-296.082377,222.061783,-10342.289223
13755.518197,0.0,148.041188,-10495.508323
13755.518515,148.041188,-518.144159,-9806.022374
13755.518833,-222.061783,0.0,-10418.898773
13755.519151,-444.123565,74.020594,-10495.508323
13755.519468,-592.164754,-148.041188,-9959.241474
13755.519786,-592.164754,-148.041188,-10112.460574
13755.520104,-518.144159,0.0,-10342.289223
13755.520422,-518.144159,74.020594,-9959.241474
13755.520739,-444.123565,74.020594,-9882.631924
13755.521057,0.0,370.102971,-9959.241474
13755.521375,0.0,592.164754,-9959.241474
13755.521693,-148.041188,518.144159,-9882.631924
13755.52201,0.0,740.205942,-10265.679673
13755.522328,0.0,592.164754,-10418.898773
13755.522646,74.020594,518.144159,-9806.022374
13755.522964,0.0,296.082377,-10418.898773
13755.523281,-222.061783,0.0,-10342.289223
13755.523599,0.0,0.0,-10265.679673
13755.523917,0.0,0.0,-10035.851024
13755.524235,-296.082377,296.082377,-9729.412825
13755.524552,0.0,74.020594,-10189.070123
13755.52487,0.0,0.0,-10189.070123
13755.525188,-370.102971,-296.082377,-10418.898773
13755.525506,-518.144159,-666.185348,-10112.460574
13755.525823,-444.123565,-370.102971,-10495.508323
13755.526141,-592.164754,-296.082377,-10189.070123
13755.526459,-518.144159,222.061783,-10265.679673
13755.526777,-370.102971,592.164754,-10572.117872
13755.527094,370.102971,518.144159,-11261.603821
13755.527412,-370.102971,592.164754,-10725.336972
13755.52773,-370.102971,444.123565,-10418.898773
13755.528048,-444.123565,222.061783,-10342.289223
13755.528365,-148.041188,0.0,-10495.508323
13755.528683,-518.144159,0.0,-10342.289223
13755.529001,-740.205942,296.082377,-10035.851024
13755.529319,-296.082377,0.0,-10189.070123
13755.529636,-148.041188,0.0,-9806.022374
13755.529954,148.041188,74.020594,-9806.022374
13755.530272,0.0,148.041188,-9882.631924
13755.53059,0.0,148.041188,-9959.241474
13755.530908,0.0,148.041188,-10342.289223
13755.531225,74.020594,-222.061783,-9806.022374
13755.531543,0.0,0.0,-10189.070123
13755.531861,0.0,0.0,-10342.289223
13755.532179,0.0,-148.041188,-10035.851024
13755.532496,0.0,0.0,-9959.241474
13755.532814,-592.164754,518.144159,-10112.460574
13755.533132,0.0,518.144159,-10189.070123
13755.53345,0.0,222.061783,-10418.898773
13755.533767,0.0,148.041188,-10572.117872
13755.534085,-444.123565,518.144159,-11031.775171
13755.534403,-592.164754,0.0,-10418.898773
13755.534721,-518.144159,0.0,-10342.289223
13755.535038,-370.102971,148.041188,-10418.898773
13755.535356,-444.123565,148.041188,-10342.289223
13755.535674,-296.082377,888.24713,-11031.775171
13755.535992,-148.041188,296.082377,-10265.679673
13755.536309,-148.041188,0.0,-10342.289223
13755.536627,0.0,-296.082377,-10495.508323
13755.536945,-222.061783,370.102971,-9652.803275
13755.537263,-370.102971,0.0,-9959.241474
13755.53758,-592.164754,-148.041188,-9882.631924
13755.537898,-370.102971,0.0,-9806.022374
13755.538216,0.0,148.041188,-9806.022374
13755.538534,-592.164754,222.061783,-9729.412825
13755.538851,0.0,444.123565,-9882.631924
13755.539169,0.0,518.144159,-9882.631924
13755.539487,0.0,592.164754,-10035.851024
13755.539805,74.020594,888.24713,-9729.412825
13755.540122,-222.061783,592.164754,-10112.460574
13755.54044,-222.061783,296.082377,-10418.898773
13755.540758,0.0,222.061783,-10418.898773
13755.541076,0.0,148.041188,-10265.679673
13755.541393,74.020594,296.082377,-10418.898773
13755.541711,74.020594,0.0,-10189.070123
13755.542029,0.0,74.020594,-10112.460574
13755.542347,0.0,0.0,-10265.679673
13755.542665,0.0,0.0,-11184.994271
13755.542982,-370.102971,-296.082377,-10342.289223
13755.5433,-518.144159,-444.123565,-10035.851024
13755.543618,-518.144159,-296.082377,-10035.851024
13755.543936,-444.123565,0.0,-10189.070123
13755.544253,-444.123565,444.123565,-10035.851024
13755.544571,-222.061783,222.061783,-10112.460574
13755.544889,-148.041188,222.061783,-10418.898773
13755.545207,-296.082377,296.082377,-10725.336972
13755.545524,222.061783,-148.041188,-9806.022374
13755.545842,-592.164754,148.041188,-10265.679673
13755.54616,-518.144159,222.061783,-10265.679673
13755.546478,-518.144159,296.082377,-10112.460574
13755.546795,-518.144159,296.082377,-10189.070123
13755.547113,-518.144159,444.123565,-9882.631924
13755.547431,0.0,370.102971,-9882.631924
13755.547749,148.041188,444.123565,-9959.241474
13755.548066,74.020594,444.123565,-9959.241474
13755.548384,-296.082377,370.102971,-9576.193725
13755.548702,0.0,0.0,-10418.898773
13755.54902,0.0,-222.061783,-10112.460574
13755.549337,0.0,-148.041188,-10189.070123
13755.549655,0.0,0.0,-9959.241474
13755.549973,0.0,0.0,-10035.851024
13755.550291,148.041188,0.0,-10342.289223
13755.550608,0.0,0.0,-10112.460574
13755.550926,-148.041188,296.082377,-10035.851024
13755.551244,222.061783,-666.185348,-10342.289223
13755.551562,-370.102971,-148.041188,-10572.117872
13755.551879,-592.164754,0.0,-10725.336972
13755.552197,-592.164754,0.0,-10418.898773
13755.552515,-444.123565,148.041188,-10648.727422
13755.552833,-370.102971,296.082377,-10725.336972
13755.55315,-222.061783,592.164754,-10495.508323
13755.553468,-148.041188,740.205942,-10572.117872
13755.553786,-296.082377,296.082377,-10418.898773
13755.554104,0.0,-740.205942,-10418.898773
13755.554422,-518.144159,-148.041188,-10265.679673
13755.554739,-518.144159,-148.041188,-9959.241474
13755.555057,-444.123565,-296.082377,-9959.241474
13755.555375,-296.082377,0.0,-9806.022374
13755.555693,-148.041188,-296.082377,-9806.022374
13755.55601,-148.041188,74.020594,-9806.022374
13755.556328,0.0,0.0,-9806.022374
13755.556646,0.0,296.082377,-9959.241474
13755.556964,-222.061783,740.205942,-10418.898773
13755.557281,0.0,370.102971,-10572.117872
13755.557599,0.0,592.164754,-10418.898773
13755.557917,-296.082377,296.082377,-10725.336972
13755.558235,0.0,222.061783,-10418.898773
13755.558552,-148.041188,148.041188,-10189.070123
13755.55887,-148.041188,370.102971,-10265.679673
13755.559188,74.020594,296.082377,-10189.070123
13755.559506,0.0,222.061783,-10189.070123
13755.559823,0.0,0.0,-10495.508323
13755.560141,-370.102971,0.0,-10342.289223
13755.560459,-296.082377,-296.082377,-10342.289223
13755.560777,-296.082377,-370.102971,-10112.460574
13755.561094,-444.123565,0.0,-9959.241474
13755.561412,-444.123565,0.0,-10112.460574
13755.56173,-296.082377,222.061783,-10189.070123
13755.562048,-148.041188,222.061783,-10265.679673
13755.562365,-296.082377,222.061783,-10572.117872
13755.562683,-518.144159,296.082377,-10495.508323
13755.563001,-518.144159,0.0,-10342.289223
13755.563319,-444.123565,0.0,-10035.851024
13755.563636,-444.123565,74.020594,-10265.679673
13755.563954,-370.102971,148.041188,-10725.336972
13755.564272,-444.123565,370.102971,-10189.070123
13755.56459,0.0,518.144159,-10112.460574
13755.564907,0.0,444.123565,-9959.241474
13755.565225,74.020594,592.164754,-9806.022374
13755.565543,222.061783,666.185348,-10112.460574
13755.565861,0.0,222.061783,-10112.460574
13755.566179,0.0,0.0,-10265.679673
13755.566496,-148.041188,74.020594,-10342.289223
13755.566814,0.0,148.041188,-9499.584175
13755.567132,0.0,0.0,-10265.679673
13755.56745,148.041188,0.0,-9959.241474
13755.567767,148.041188,-148.041188,-9959.241474
13755.568085,148.041188,0.0,-9882.631924
13755.568403,-370.102971,0.0,-10189.070123
13755.568721,-370.102971,-148.041188,-10418.898773
13755.569038,-444.123565,-222.061783,-10265.679673
13755.569356,-518.144159,-148.041188,-10189.070123
13755.569674,-296.082377,222.061783,-10189.070123
13755.569992,-370.102971,296.082377,-10265.679673
13755.570309,-148.041188,592.164754,-10572.117872
13755.570627,-148.041188,592.164754,-10572.117872
13755.570945,-296.082377,518.144159,-10725.336972
13755.571263,-148.041188,370.102971,-10648.727422
13755.57158,-592.164754,222.061783,-10648.727422
13755.571898,-518.144159,74.020594,-10495.508323
13755.572216,-666.185348,0.0,-10035.851024
13755.572534,-888.24713,296.082377,-9576.193725
13755.572851,-148.041188,0.0,-9806.022374
13755.573169,0.0,0.0,-9959.241474
13755.573487,0.0,222.061783,-9652.803275
13755.573805,0.0,74.020594,-9806.022374
13755.574122,0.0,222.061783,-9882.631924
13755.57444,0.0,0.0,-9959.241474
13755.574758,0.0,74.020594,-10189.070123
13755.575076,-148.041188,74.020594,-10342.289223
13755.575393,74.020594,296.082377,-10189.070123
13755.575711,0.0,222.061783,-10418.898773
13755.576029,-222.061783,370.102971,-10418.898773
13755.576347,0.0,296.082377,-10265.679673
13755.576664,74.020594,296.082377,-10265.679673
13755.576982,0.0,296.082377,-10725.336972
13755.5773,0.0,296.082377,-10418.898773
13755.577618,-370.102971,74.020594,-10495.508323
13755.577936,-518.144159,0.0,-10495.508323
13755.578253,-296.082377,-444.123565,-9882.631924
13755.578571,-148.041188,74.020594,-10265.679673
13755.578889,-370.102971,0.0,-10189.070123
13755.579207,-370.102971,148.041188,-10342.289223
13755.579524,-74.020594,74.020594,-9882.631924
13755.579842,-740.205942,148.041188,-10189.070123
13755.58016,-296.082377,0.0,-10265.679673
13755.580478,-296.082377,-148.041188,-10112.460574
13755.580795,-296.082377,148.041188,-10112.460574
13755.581113,-1036.288319,222.061783,-9806.022374
13755.581431,-518.144159,0.0,-10035.851024
13755.581749,-296.082377,444.123565,-9959.241474
13755.582066,-296.082377,148.041188,-9959.241474
13755.582384,0.0,518.144159,-10418.898773
13755.582702,0.0,888.24713,-10265.679673
13755.58302,0.0,666.185348,-10265.679673
13755.583337,74.020594,222.061783,-10342.289223
13755.583655,0.0,370.102971,-10418.898773
13755.583973,74.020594,0.0,-10342.289223
13755.584291,-148.041188,148.041188,-10342.289223
13755.584608,0.0,0.0,-10112.460574
13755.584926,0.0,-148.041188,-10189.070123
13755.585244,0.0,0.0,-9652.803275
13755.585562,148.041188,0.0,-9959.241474
13755.585879,0.0,-222.061783,-10342.289223
13755.586197,-296.082377,-444.123565,-10112.460574
13755.586515,-518.144159,-222.061783,-10495.508323
13755.586833,-740.205942,-370.102971,-10265.679673
13755.58715,-592.164754,0.0,-10112.460574
13755.587468,-444.123565,370.102971,-10418.898773
13755.587786,-148.041188,518.144159,-10418.898773
13755.588104,74.020594,666.185348,-9882.631924
13755.588421,-444.123565,518.144159,-10648.727422
13755.588739,-370.102971,518.144159,-10725.336972
13755.589057,-444.123565,370.102971,-10342.289223
13755.589375,-518.144159,296.082377,-10265.679673
13755.589693,-222.061783,296.082377,-9652.803275
13755.59001,-296.082377,74.020594,-10112.460574
13755.590328,-296.082377,74.020594,-10035.851024
13755.590646,0.0,0.0,-9806.022374
13755.590964,0.0,0.0,-9882.631924
13755.591281,148.041188,296.082377,-9652.803275
13755.591599,148.041188,74.020594,-9959.241474
13755.591917,0.0,0.0,-10035.851024
13755.592235,0.0,0.0,-10112.460574
13755.592552,0.0,0.0,-10035.851024
13755.59287,-148.041188,74.020594,-10035.851024
13755.593188,0.0,0.0,-10035.851024
13755.593506,-222.061783,296.082377,-10189.070123
13755.593824,-74.020594,296.082377,-10265.679673
13755.594141,0.0,518.144159,-9806.022374
13755.594459,0.0,296.082377,-10418.898773
13755.594777,-592.164754,370.102971,-10725.336972
13755.595095,-444.123565,148.041188,-10495.508323
13755.595412,-370.102971,0.0,-10342.289223
13755.59573,-296.082377,0.0,-10265.679673
13755.596048,-296.082377,74.020594,-10418.898773
13755.596366,-296.082377,0.0,-10265.679673
13755.596683,-148.041188,222.061783,-10112.460574
13755.597001,-148.041188,296.082377,-10189.070123
13755.597319,-296.082377,74.020594,-10189.070123
13755.597637,-222.061783,0.0,-10112.460574
13755.597954,-370.102971,0.0,-10342.289223
13755.598272,-666.185348,-148.041188,-9959.241474
13755.59859,-222.061783,0.0,-10495.508323
13755.598908,-296.082377,0.0,-10112.460574
13755.599226,-296.082377,222.061783,-9806.022374
13755.599543,-222.061783,370.102971,-10035.851024
13755.599861,0.0,444.123565,-10035.851024
13755.600179,0.0,370.102971,-10189.070123
13755.600497,0.0,444.123565,-10035.851024
13755.600814,-148.041188,666.185348,-10495.508323
13755.601132,0.0,444.123565,-10495.508323
13755.60145,0.0,148.041188,-11414.82292
13755.601768,0.0,74.020594,-10572.117872
13755.602085,0.0,0.0,-10495.508323
13755.602403,-148.041188,0.0,-10189.070123
13755.602721,0.0,74.020594,-10112.460574
13755.603039,222.061783,0.0,-9652.803275
13755.603357,0.0,0.0,-10112.460574
13755.603674,-222.061783,-148.041188,-10342.289223
13755.603992,-370.102971,-592.164754,-10342.289223
13755.60431,-444.123565,-296.082377,-9729.412825
13755.604628,-592.164754,0.0,-10189.070123
13755.604945,-592.164754,0.0,-10189.070123
13755.605263,0.0,370.102971,-10418.898773
13755.605581,-296.082377,444.123565,-10418.898773
13755.605899,0.0,592.164754,-10955.165621
13755.606216,-370.102971,222.061783,-10801.946522
13755.606534,-444.123565,0.0,-10418.898773
13755.606852,-518.144159,222.061783,-10342.289223
13755.60717,-444.123565,148.041188,-10112.460574
13755.607487,-592.164754,222.061783,-9882.631924
13755.607805,-296.082377,296.082377,-10189.070123
13755.608123,-222.061783,222.061783,-10112.460574
13755.608441,74.020594,148.041188,-10112.460574
13755.608759,0.0,296.082377,-10035.851024
13755.609076,148.041188,666.185348,-10189.070123
13755.609394,0.0,74.020594,-10035.851024
13755.609712,0.0,0.0,-10189.070123
13755.61003,-148.041188,-222.061783,-10112.460574
13755.610347,0.0,-296.082377,-10035.851024
13755.610665,-222.061783,-222.061783,-10112.460574
13755.610983,0.0,74.020594,-9882.631924
13755.611301,0.0,148.041188,-10112.460574
13755.611618,0.0,222.061783,-10189.070123
13755.611936,-370.102971,518.144159,-10495.508323
13755.612254,-444.123565,0.0,-10725.336972
13755.612572,-296.082377,0.0,-10495.508323
13755.612889,-740.205942,74.020594,-10572.117872
13755.613207,-518.144159,222.061783,-10418.898773
13755.613525,-518.144159,518.144159,-10648.727422
13755.613843,-370.102971,444.123565,-10648.727422
13755.614161,-296.082377,370.102971,-10572.117872
13755.614478,-444.123565,444.123565,-10572.117872
13755.614796,0.0,0.0,-10035.851024
13755.615114,-222.061783,0.0,-9959.241474
13755.615432,-370.102971,0.0,-9959.241474
13755.615749,-444.123565,0.0,-9959.241474
13755.616067,-370.102971,0.0,-9806.022374
13755.616385,0.0,-222.061783,-9806.022374
13755.616703,-370.102971,0.0,-9806.022374
13755.61702,-148.041188,222.061783,-9882.631924
13755.617338,0.0,148.041188,-9882.631924
13755.617656,0.0,296.082377,-9806.022374
13755.617974,0.0,444.123565,-10342.289223
13755.618292,0.0,592.164754,-10495.508323
13755.618609,0.0,296.082377,-10648.727422
13755.618927,0.0,444.123565,-10418.898773
13755.619245,-148.041188,148.041188,-9729.412825
13755.619563,0.0,296.082377,-10572.117872
13755.61988,0.0,222.061783,-10418.898773
13755.620198,-222.061783,0.0,-10265.679673
13755.620516,0.0,0.0,-10572.117872
13755.620834,-222.061783,74.020594,-10572.117872
13755.621151,-296.082377,0.0,-10418.898773
13755.621469,-222.061783,-370.102971,-10572.117872
13755.621787,-222.061783,-592.164754,-10035.851024
13755.622105,-222.061783,-74.020594,-10265.679673
13755.622422,-296.082377,0.0,-10189.070123
13755.62274,-222.061783,74.020594,-10189.070123
13755.623058,-444.123565,222.061783,-10495.508323
13755.623376,-296.082377,222.061783,-10418.898773
13755.623694,0.0,0.0,-10342.289223
13755.624011,-592.164754,148.041188,-10342.289223
13755.624329,-740.205942,222.061783,-10189.070123
13755.624647,-666.185348,74.020594,-10418.898773
13755.624965,-592.164754,444.123565,-10112.460574
13755.625282,-296.082377,592.164754,-10265.679673
13755.6256,0.0,518.144159,-10035.851024
13755.625918,74.020594,296.082377,-9882.631924
13755.626236,0.0,444.123565,-10189.070123
13755.626553,148.041188,296.082377,-10265.679673
13755.626871,0.0,74.020594,-10572.117872
13755.627189,74.020594,74.020594,-10112.460574
13755.627507,0.0,148.041188,-10035.851024
13755.627824,0.0,-148.041188,-10112.460574
13755.628142,0.0,-296.082377,-10189.070123
13755.62846,0.0,-222.061783,-10035.851024
13755.628778,0.0,0.0,-9959.241474
13755.629096,0.0,0.0,-9959.241474
13755.629413,148.041188,222.061783,-10342.289223
13755.629731,-296.082377,0.0,-10418.898773
13755.630049,-444.123565,74.020594,-10189.070123
13755.630367,-444.123565,0.0,-10572.117872
13755.630684,-444.123565,222.061783,-10648.727422
13755.631002,-444.123565,740.205942,-10725.336972
13755.63132,-222.061783,518.144159,-10878.556072
13755.631638,-296.082377,592.164754,-10801.946522
13755.631955,-518.144159,592.164754,-10725.336972
13755.632273,-296.082377,296.082377,-10189.070123
13755.632591,-370.102971,0.0,-10342.289223
13755.632909,-592.164754,222.061783,-10265.679673
13755.633227,-444.123565,0.0,-10112.460574
13755.633544,-222.061783,-222.061783,-9806.022374
13755.633862,0.0,296.082377,-9269.755526
13755.63418,-222.061783,296.082377,-9882.631924
13755.634498,0.0,74.020594,-9806.022374
13755.634815,0.0,74.020594,-9729.412825
13755.635133,0.0,296.082377,-9806.022374
13755.635451,0.0,370.102971,-10035.851024
13755.635769,0.0,370.102971,-10265.679673
13755.636086,-222.061783,296.082377,-10342.289223
13755.636404,-370.102971,148.041188,-10418.898773
13755.636722,74.020594,296.082377,-10418.898773
13755.63704,-222.061783,444.123565,-10342.289223
13755.637357,0.0,444.123565,-10265.679673
13755.637675,0.0,370.102971,-10418.898773
13755.637993,148.041188,518.144159,-10418.898773
13755.638311,-444.123565,148.041188,-10418.898773
13755.638629,-296.082377,-222.061783,-10342.289223
13755.638946,-592.164754,-296.082377,-10265.679673
13755.639264,-296.082377,-370.102971,-10265.679673
13755.639582,-518.144159,-296.082377,-10112.460574
13755.6399,0.0,0.0,-10495.508323
13755.640217,0.0,0.0,-10265.679673
13755.640535,-370.102971,222.061783,-10265.679673
13755.640853,-370.102971,0.0,-10342.289223
13755.641171,74.020594,-370.102971,-10878.556072
13755.641488,-222.061783,0.0,-10189.070123
13755.641806,-592.164754,148.041188,-9882.631924
13755.642124,-592.164754,148.041188,-10189.070123
13755.642442,-444.123565,222.061783,-10035.851024
13755.642759,-592.164754,444.123565,-9959.241474
13755.643077,0.0,370.102971,-10035.851024
13755.643395,0.0,592.164754,-9806.022374
13755.643713,0.0,740.205942,-10112.460574
13755.644031,0.0,148.041188,-9882.631924
13755.644348,0.0,370.102971,-10035.851024
13755.644666,0.0,148.041188,-10342.289223
13755.644984,-148.041188,0.0,-10189.070123
13755.645302,0.0,-222.061783,-10189.070123
13755.645619,0.0,0.0,-10342.289223
13755.645937,0.0,0.0,-10265.679673
13755.646255,0.0,0.0,-10035.851024
13755.646573,-222.061783,0.0,-9882.631924
13755.64689,0.0,0.0,-9959.241474
13755.647208,-222.061783,0.0,-10265.679673
13755.647526,-370.102971,-370.102971,-10112.460574
13755.647844,-592.164754,0.0,-10265.679673
13755.648162,-592.164754,148.041188,-10495.508323
13755.648479,-592.164754,666.185348,-10112.460574
13755.648797,0.0,592.164754,-10342.289223
13755.649115,-148.041188,592.164754,-10648.727422
13755.649433,-222.061783,666.185348,-10801.946522
13755.64975,-222.061783,370.102971,-10648.727422
13755.650068,-296.082377,148.041188,-10648.727422
13755.650386,-444.123565,296.082377,-10342.289223
13755.650704,-666.185348,148.041188,-10112.460574
13755.651021,-518.144159,0.0,-9959.241474
13755.651339,-222.061783,0.0,-8733.488677
13755.651657,0.0,0.0,-9806.022374
13755.651975,0.0,0.0,-9882.631924
13755.652292,0.0,0.0,-9806.022374
13755.65261,0.0,74.020594,-9806.022374
13755.652928,-444.123565,518.144159,-9882.631924
13755.653246,0.0,0.0,-9959.241474
13755.653564,-222.061783,74.020594,-10112.460574
13755.653881,0.0,0.0,-10265.679673
13755.654199,-222.061783,148.041188,-9576.193725
13755.654517,0.0,444.123565,-10035.851024
13755.654835,-222.061783,296.082377,-10572.117872
13755.655152,-74.020594,444.123565,-10342.289223
13755.65547,0.0,148.041188,-10572.117872
13755.655788,-296.082377,148.041188,-10265.679673
13755.656106,-370.102971,74.020594,-10495.508323
13755.656423,-592.164754,-296.082377,-10342.289223
13755.656741,-592.164754,0.0,-10189.070123
13755.657059,-444.123565,74.020594,-10495.508323
13755.657377,-296.082377,444.123565,-10035.851024
13755.657694,0.0,148.041188,-10265.679673
13755.658012,0.0,0.0,-10648.727422
13755.65833,-222.061783,222.061783,-10265.679673
13755.658648,-740.205942,0.0,-10035.851024
13755.658966,-592.164754,-296.082377,-10265.679673
13755.659283,-666.185348,-74.020594,-10112.460574
13755.659601,-296.082377,0.0,-9882.631924
13755.659919,-296.082377,222.061783,-9806.022374
13755.660237,0.0,370.102971,-9882.631924
13755.660554,0.0,370.102971,-10189.070123
13755.660872,0.0,444.123565,-9882.631924
13755.66119,0.0,592.164754,-10112.460574
13755.661508,0.0,592.164754,-9729.412825
13755.661825,222.061783,74.020594,-10342.289223
13755.662143,0.0,148.041188,-10418.898773
13755.662461,-296.082377,148.041188,-10418.898773
13755.662779,-148.041188,0.0,-10418.898773
13755.663097,0.0,296.082377,-10035.851024
13755.663414,-148.041188,148.041188,-9959.241474
13755.663732,148.041188,0.0,-10112.460574
13755.66405,0.0,148.041188,-10035.851024
13755.664368,-296.082377,0.0,-10189.070123
13755.664685,-444.123565,-370.102971,-10112.460574
13755.665003,-592.164754,-592.164754,-10342.289223
13755.665321,-444.123565,-444.123565,-10189.070123
13755.665639,-444.123565,0.0,-10265.679673
13755.665956,-296.082377,666.185348,-10572.117872
13755.666274,-296.082377,518.144159,-10418.898773
13755.666592,-370.102971,592.164754,-10495.508323
13755.66691,-370.102971,444.123565,-10572.117872
13755.667227,-296.082377,222.061783,-10572.117872
13755.667545,-222.061783,370.102971,-10189.070123
13755.667863,-814.226536,148.041188,-10112.460574
13755.668181,-592.164754,74.020594,-10342.289223
13755.668499,-222.061783,0.0,-10035.851024
13755.668816,-148.041188,370.102971,-10035.851024
13755.669134,0.0,222.061783,-9806.022374
13755.669452,148.041188,148.041188,-9729.412825
13755.66977,296.082377,370.102971,-9806.022374
13755.670087,148.041188,0.0,-9806.022374
13755.670405,-296.082377,148.041188,-10265.679673
13755.670723,0.0,74.020594,-10112.460574
13755.671041,-370.102971,0.0,-10265.679673
13755.671358,0.0,0.0,-10189.070123
13755.671676,0.0,0.0,-9959.241474
13755.671994,148.041188,222.061783,-10112.460574
13755.672312,0.0,518.144159,-10418.898773
13755.672629,-222.061783,370.102971,-10495.508323
13755.672947,-296.082377,148.041188,-10648.727422
13755.673265,-666.185348,-148.041188,-9959.241474
13755.673583,-518.144159,0.0,-10572.117872
13755.673901,-370.102971,0.0,-10495.508323
13755.674218,-444.123565,222.061783,-10495.508323
13755.674536,-296.082377,296.082377,-10495.508323
13755.674854,222.061783,444.123565,-10418.898773
13755.675172,-370.102971,592.164754,-10418.898773
13755.675489,-296.082377,148.041188,-10572.117872
13755.675807,-222.061783,0.0,-10189.070123
13755.676125,-296.082377,-148.041188,-10035.851024
13755.676443,-666.185348,-296.082377,-10112.460574
13755.67676,-370.102971,-222.061783,-9959.241474
13755.677078,-296.082377,-296.082377,-9959.241474
13755.677396,-370.102971,0.0,-9729.412825
13755.677714,-370.102971,518.144159,-9652.803275
13755.678032,0.0,222.061783,-10112.460574
13755.678349,0.0,666.185348,-10035.851024
13755.678667,0.0,370.102971,-10112.460574
13755.678985,0.0,592.164754,-10418.898773
13755.679303,0.0,518.144159,-10495.508323
13755.67962,0.0,444.123565,-10342.289223
13755.679938,0.0,296.082377,-10418.898773
13755.680256,0.0,74.020594,-10418.898773
13755.680574,444.123565,0.0,-9499.584175
13755.680891,74.020594,74.020594,-10265.679673
13755.681209,0.0,0.0,-10189.070123
13755.681527,0.0,148.041188,-10342.289223
13755.681845,-222.061783,0.0,-10035.851024
13755.682162,-296.082377,-666.185348,-10342.289223
13755.68248,-518.144159,-444.123565,-10112.460574
13755.682798,-518.144159,-370.102971,-10189.070123
13755.683116,-444.123565,0.0,-10265.679673
13755.683434,-296.082377,370.102971,-10418.898773
13755.683751,-296.082377,222.061783,-10418.898773
13755.684069,-222.061783,444.123565,-10265.679673
13755.684387,-222.061783,296.082377,-10495.508323
13755.684705,-370.102971,296.082377,-10418.898773
13755.685022,-592.164754,74.020594,-10189.070123
13755.68534,-666.185348,222.061783,-10342.289223
13755.685658,-592.164754,296.082377,-10035.851024
13755.685976,-444.123565,518.144159,-10189.070123
13755.686293,-222.061783,518.144159,-9806.022374
13755.686611,0.0,444.123565,-9959.241474
13755.686929,222.061783,444.123565,-10035.851024
13755.687247,148.041188,74.020594,-10035.851024
13755.687564,0.0,148.041188,-10112.460574
13755.687882,0.0,148.041188,-10189.070123
13755.6882,-148.041188,148.041188,-10035.851024
13755.688518,0.0,0.0,-10112.460574
13755.688836,0.0,0.0,-10189.070123
13755.689153,0.0,-222.061783,-10035.851024
13755.689471,0.0,0.0,-9882.631924
13755.689789,0.0,74.020594,-10189.070123
13755.690107,-296.082377,222.061783,-10189.070123
13755.690424,-444.123565,0.0,-10189.070123
13755.690742,-666.185348,222.061783,-9729.412825
13755.69106,-592.164754,0.0,-10265.679673
13755.691378,-592.164754,0.0,-10342.289223
13755.691695,-370.102971,296.082377,-10495.508323
13755.692013,-370.102971,444.123565,-10725.336972
13755.692331,222.061783,740.205942,-10189.070123
13755.692649,-296.082377,370.102971,-10418.898773
13755.692966,-370.102971,296.082377,-10648.727422
13755.693284,-296.082377,0.0,-10342.289223
13755.693602,-296.082377,-148.041188,-10265.679673
13755.69392,-370.102971,-296.082377,-10112.460574
13755.694237,-444.123565,-148.041188,-10035.851024
13755.694555,-518.144159,-148.041188,-9806.022374
13755.694873,-518.144159,0.0,-9652.803275
13755.695191,-370.102971,-148.041188,-9806.022374
13755.695509,0.0,74.020594,-9806.022374
13755.695826,0.0,296.082377,-10035.851024
13755.696144,148.041188,222.061783,-10189.070123
13755.696462,0.0,222.061783,-10342.289223
13755.69678,-592.164754,518.144159,-10801.946522
13755.697097,-148.041188,370.102971,-10418.898773
13755.697415,0.0,222.061783,-10342.289223
13755.697733,0.0,444.123565,-10418.898773
13755.698051,148.041188,370.102971,-9806.022374
13755.698368,74.020594,0.0,-10418.898773
13755.698686,74.020594,74.020594,-10342.289223
13755.699004,0.0,74.020594,-10418.898773
13755.699322,-222.061783,-222.061783,-10418.898773
13755.699639,296.082377,-370.102971,-10035.851024
13755.699957,-444.123565,-370.102971,-10035.851024
13755.700275,-444.123565,-370.102971,-10189.070123
13755.700593,-222.061783,0.0,-10572.117872
13755.70091,0.0,0.0,-10342.289223
13755.701228,-296.082377,222.061783,-10265.679673
13755.701546,-296.082377,0.0,-10342.289223
13755.701864,-444.123565,222.061783,-10495.508323
13755.702181,-814.226536,222.061783,-10189.070123
13755.702499,0.0,0.0,-10495.508323
13755.702817,-740.205942,148.041188,-9959.241474
13755.703135,-592.164754,296.082377,-9959.241474
13755.703452,-444.123565,296.082377,-10112.460574
13755.70377,-296.082377,592.164754,-9882.631924
13755.704088,-148.041188,518.144159,-10342.289223
13755.704406,0.0,518.144159,-9882.631924
13755.704724,74.020594,370.102971,-10189.070123
13755.705041,0.0,370.102971,-10418.898773
13755.705359,0.0,222.061783,-9729.412825
13755.705677,0.0,0.0,-9959.241474
13755.705995,-222.061783,0.0,-9959.241474
13755.706312,0.0,-222.061783,-10035.851024
13755.70663,0.0,-222.061783,-9959.241474
13755.706948,0.0,-148.041188,-9959.241474
13755.707266,0.0,-370.102971,-9806.022374
13755.707583,-148.041188,0.0,-10265.679673
13755.707901,-444.123565,74.020594,-10112.460574
13755.708219,-370.102971,148.041188,-10342.289223
13755.708537,-444.123565,-222.061783,-10265.679673
13755.708854,-370.102971,0.0,-10495.508323
13755.709172,-296.082377,148.041188,-10572.117872
13755.70949,-222.061783,370.102971,-10572.117872
13755.709808,-222.061783,592.164754,-10648.727422
13755.710125,-444.123565,666.185348,-10572.117872
13755.710443,-296.082377,444.123565,-10725.336972
13755.710761,-370.102971,222.061783,-10495.508323
13755.711079,-592.164754,0.0,-10189.070123
13755.711396,-222.061783,222.061783,-10342.289223
13755.711714,-444.123565,0.0,-9882.631924
13755.712032,-370.102971,0.0,-9652.803275
13755.71235,-296.082377,74.020594,-9729.412825
13755.712667,0.0,148.041188,-9882.631924
13755.712985,74.020594,74.020594,-10265.679673
13755.713303,0.0,518.144159,-10112.460574
13755.713621,0.0,296.082377,-9806.022374
13755.713939,74.020594,222.061783,-10035.851024
13755.714256,0.0,148.041188,-10418.898773
13755.714574,-222.061783,148.041188,-10648.727422
13755.714892,0.0,222.061783,-10265.679673
13755.71521,-148.041188,222.061783,-10265.679673
13755.715527,0.0,370.102971,-10495.508323
13755.715845,-296.082377,444.123565,-10572.117872
13755.716163,-148.041188,296.082377,-10725.336972
13755.716481,-370.102971,444.123565,-10342.289223
13755.716798,-222.061783,74.020594,-10418.898773
13755.717116,-370.102971,0.0,-10112.460574
13755.717434,-370.102971,-148.041188,-10572.117872
13755.717752,-296.082377,0.0,-10495.508323
13755.718069,-370.102971,0.0,-10418.898773
13755.718387,-222.061783,0.0,-10418.898773
13755.718705,-148.041188,0.0,-10265.679673
13755.719023,-148.041188,444.123565,-9882.631924
13755.71934,-222.061783,222.061783,-10112.460574
13755.719658,-296.082377,-222.061783,-10342.289223
13755.719976,-592.164754,74.020594,-10112.460574
13755.720294,-518.144159,74.020594,-10265.679673
13755.720611,-296.082377,0.0,-10112.460574
13755.720929,-296.082377,222.061783,-9806.022374
13755.721247,-222.061783,592.164754,-9806.022374
13755.721565,0.0,518.144159,-9882.631924
13755.721882,0.0,592.164754,-9806.022374
13755.7222,74.020594,592.164754,-10035.851024
13755.722518,148.041188,444.123565,-10342.289223
13755.722836,0.0,222.061783,-10495.508323
13755.723154,-222.061783,222.061783,-10342.289223
13755.723471,0.0,370.102971,-10648.727422
13755.723789,-148.041188,-222.061783,-10189.070123
13755.724107,0.0,0.0,-10189.070123
13755.724425,148.041188,0.0,-10035.851024
13755.724742,74.020594,0.0,-10265.679673
13755.72506,0.0,148.041188,-10265.679673
13755.725378,-296.082377,-148.041188,-10189.070123
13755.725696,-592.164754,-370.102971,-10265.679673
13755.726013,-740.205942,-444.123565,-10342.289223
13755.726331,-814.226536,296.082377,-10418.898773
13755.726649,-518.144159,74.020594,-10572.117872
13755.726967,-296.082377,296.082377,-10418.898773
13755.727284,0.0,592.164754,-10572.117872
13755.727602,-296.082377,666.185348,-10725.336972
13755.72792,-518.144159,370.102971,-10725.336972
13755.728238,-592.164754,296.082377,-10648.727422
13755.728555,-444.123565,0.0,-10495.508323
13755.728873,-592.164754,74.020594,-10265.679673
13755.729191,-370.102971,222.061783,-9959.241474
13755.729509,-370.102971,0.0,-9959.241474
13755.729826,-222.061783,74.020594,-9806.022374
13755.730144,148.041188,222.061783,-9806.022374
13755.730462,148.041188,0.0,-9729.412825
13755.73078,296.082377,0.0,-9806.022374
13755.731097,148.041188,222.061783,-10112.460574
13755.731415,74.020594,74.020594,-10189.070123
13755.731733,-148.041188,0.0,-10265.679673
13755.732051,148.041188,0.0,-9806.022374
13755.732369,-148.041188,0.0,-10189.070123
13755.732686,-148.041188,0.0,-10035.851024
13755.733004,0.0,444.123565,-10265.679673
13755.733322,0.0,444.123565,-10189.070123
13755.73364,148.041188,518.144159,-10265.679673
13755.733957,-222.061783,222.061783,-10418.898773
13755.734275,-444.123565,148.041188,-10495.508323
13755.734593,-592.164754,0.0,-10418.898773
13755.734911,-666.185348,-666.185348,-10572.117872
13755.735228,-296.082377,0.0,-10572.117872
13755.735546,-222.061783,296.082377,-10342.289223
13755.735864,74.020594,370.102971,-10725.336972
13755.736182,-148.041188,0.0,-10189.070123
13755.736499,0.0,0.0,-10495.508323
13755.736817,-370.102971,-148.041188,-10342.289223
13755.737135,-518.144159,-222.061783,-10265.679673
13755.737453,-518.144159,-222.061783,-10112.460574
13755.73777,-592.164754,222.061783,-9806.022374
13755.738088,-518.144159,74.020594,-9652.803275
13755.738406,0.0,74.020594,-10035.851024
13755.738724,0.0,296.082377,-9806.022374
13755.739041,-148.041188,370.102971,-10112.460574
13755.739359,222.061783,370.102971,-10342.289223
13755.739677,0.0,518.144159,-10418.898773
13755.739995,-74.020594,518.144159,-10342.289223
13755.740312,0.0,444.123565,-10418.898773
13755.74063,0.0,814.226536,-11184.994271
13755.740948,-222.061783,74.020594,-10189.070123
13755.741266,-148.041188,74.020594,-10189.070123
13755.741583,0.0,0.0,-10112.460574
13755.741901,0.0,222.061783,-10112.460574
13755.742219,814.226536,0.0,-9806.022374
13755.742537,0.0,0.0,-10265.679673
13755.742855,-296.082377,-222.061783,-10342.289223
13755.743172,-518.144159,-370.102971,-10495.508323
13755.74349,-592.164754,-740.205942,-10035.851024
13755.743808,-444.123565,-222.061783,-10418.898773
13755.744126,-296.082377,148.041188,-10189.070123
13755.744443,-148.041188,444.123565,-10495.508323
13755.744761,0.0,296.082377,-10495.508323
13755.745079,0.0,592.164754,-10112.460574
13755.745397,-296.082377,296.082377,-10495.508323
13755.745714,-592.164754,222.061783,-10418.898773
13755.746032,-518.144159,0.0,-10418.898773
13755.74635,-666.185348,296.082377,-10189.070123
13755.746668,-518.144159,222.061783,-10495.508323
13755.746985,-222.061783,148.041188,-10035.851024
13755.747303,0.0,148.041188,-10035.851024
13755.747621,74.020594,148.041188,-9959.241474
13755.747939,518.144159,296.082377,-9193.145976
13755.748256,148.041188,222.061783,-9882.631924
13755.748574,74.020594,148.041188,-10189.070123
13755.748892,0.0,0.0,-10265.679673
13755.74921,-148.041188,0.0,-10342.289223
13755.749527,-296.082377,-222.061783,-10342.289223
13755.749845,0.0,-370.102971,-10112.460574
13755.750163,0.0,-148.041188,-10189.070123
13755.750481,0.0,222.061783,-10035.851024
13755.750798,0.0,518.144159,-11261.603821
13755.751116,-148.041188,370.102971,-10342.289223
13755.751434,-296.082377,148.041188,-10648.727422
13755.751752,-518.144159,0.0,-10572.117872
13755.75207,-592.164754,0.0,-10725.336972
13755.752387,-296.082377,148.041188,-10495.508323
13755.752705,-296.082377,74.020594,-10572.117872
13755.753023,-370.102971,592.164754,-10648.727422
13755.753341,-296.082377,518.144159,-10495.508323
13755.753658,-518.144159,592.164754,-9882.631924
13755.753976,-518.144159,0.0,-10495.508323
13755.754294,-296.082377,74.020594,-10189.070123
13755.754612,-370.102971,0.0,-9959.241474
13755.754929,-444.123565,-370.102971,-10035.851024
13755.755247,-740.205942,-666.185348,-10035.851024
13755.755565,-518.144159,-148.041188,-9806.022374
13755.755883,-296.082377,0.0,-9959.241474
13755.7562,0.0,222.061783,-9729.412825
13755.756518,222.061783,74.020594,-9806.022374
13755.756836,148.041188,222.061783,-9882.631924
13755.757154,0.0,370.102971,-10418.898773
13755.757471,-222.061783,444.123565,-10342.289223
13755.757789,-370.102971,444.123565,-10495.508323
13755.758107,0.0,148.041188,-10342.289223
13755.758425,-222.061783,148.041188,-10418.898773
13755.758742,0.0,370.102971,-10265.679673
13755.75906,0.0,518.144159,-10265.679673
13755.759378,0.0,518.144159,-9882.631924
13755.759696,0.0,148.041188,-10265.679673
13755.760013,-222.061783,0.0,-10112.460574
13755.760331,-370.102971,0.0,-10265.679673
13755.760649,-518.144159,-444.123565,-10265.679673
13755.760967,-518.144159,-148.041188,-10648.727422
13755.761285,-222.061783,-148.041188,-10265.679673
13755.761602,-296.082377,0.0,-10112.460574
13755.76192,0.0,222.061783,-10265.679673
13755.762238,-148.041188,296.082377,-10342.289223
13755.762556,-222.061783,222.061783,-10495.508323
13755.762873,-444.123565,222.061783,-10418.898773
13755.763191,-592.164754,148.041188,-10342.289223
13755.763509,-740.205942,296.082377,-10342.289223
13755.763827,-740.205942,740.205942,-10725.336972
13755.764144,-444.123565,296.082377,-10265.679673
13755.764462,-370.102971,444.123565,-9882.631924
13755.76478,0.0,518.144159,-10035.851024
13755.765098,0.0,518.144159,-10035.851024
13755.765415,0.0,666.185348,-10189.070123
13755.765733,74.020594,370.102971,-9959.241474
13755.766051,74.020594,0.0,-10418.898773
13755.766369,0.0,0.0,-10342.289223
13755.766686,0.0,518.144159,-10572.117872
13755.767004,0.0,-296.082377,-10189.070123
13755.767322,0.0,-148.041188,-10189.070123
13755.76764,0.0,-148.041188,-10265.679673
13755.767957,0.0,0.0,-9959.241474
13755.768275,0.0,-296.082377,-10265.679673
13755.768593,-222.061783,0.0,-10418.898773
13755.768911,-592.164754,0.0,-10265.679673
13755.769228,-370.102971,-222.061783,-10495.508323
13755.769546,0.0,0.0,-10418.898773
13755.769864,-518.144159,222.061783,-10648.727422
13755.770182,-518.144159,370.102971,-10418.898773
13755.7705,-296.082377,592.164754,-10418.898773
13755.770817,0.0,814.226536,-10801.946522
13755.771135,-518.144159,518.144159,-10725.336972
13755.771453,-370.102971,296.082377,-10418.898773
13755.771771,-592.164754,0.0,-10572.117872
13755.772088,-370.102971,0.0,-10189.070123
13755.772406,0.0,-888.24713,-9422.974625
13755.772724,-370.102971,0.0,-9806.022374
13755.773042,-370.102971,-296.082377,-9576.193725
13755.773359,0.0,-222.061783,-9806.022374
13755.773677,-148.041188,0.0,-9806.022374
13755.773995,370.102971,0.0,-9729.412825
13755.774313,0.0,370.102971,-10189.070123
13755.77463,0.0,222.061783,-10189.070123
13755.774948,74.020594,148.041188,-10189.070123
13755.775266,0.0,814.226536,-10035.851024
13755.775584,-296.082377,296.082377,-10418.898773
13755.775901,0.0,222.061783,-10265.679673
13755.776219,0.0,296.082377,-10265.679673
13755.776537,0.0,444.123565,-10189.070123
13755.776855,0.0,444.123565,-10418.898773
13755.777172,0.0,74.020594,-10342.289223
13755.77749,-296.082377,74.020594,-10418.898773
13755.777808,-148.041188,0.0,-10572.117872
13755.778126,-370.102971,0.0,-10572.117872
13755.778443,-370.102971,-296.082377,-10418.898773
13755.778761,-222.061783,-222.061783,-10265.679673
13755.779079,-444.123565,0.0,-10418.898773
13755.779397,0.0,0.0,-10418.898773
13755.779715,0.0,222.061783,-10189.070123
13755.780032,-148.041188,0.0,-10572.117872
13755.78035,-296.082377,0.0,-10112.460574
13755.780668,-370.102971,74.020594,-10342.289223
13755.780986,-518.144159,296.082377,-9959.241474
13755.781303,-444.123565,0.0,-10035.851024
13755.781621,-444.123565,148.041188,-10265.679673
13755.781939,-148.041188,444.123565,-10112.460574
13755.782257,0.0,666.185348,-9959.241474
13755.782574,148.041188,592.164754,-10342.289223
13755.782892,74.020594,518.144159,-10112.460574
13755.78321,370.102971,222.061783,-10112.460574
13755.783528,-148.041188,148.041188,-10342.289223
13755.783845,0.0,444.123565,-9959.241474
13755.784163,-148.041188,74.020594,-10572.117872
13755.784481,0.0,-222.061783,-10342.289223
13755.784799,0.0,0.0,-10189.070123
13755.785116,148.041188,-296.082377,-9959.241474
13755.785434,222.061783,74.020594,-10112.460574
13755.785752,0.0,0.0,-10035.851024
13755.78607,-222.061783,-148.041188,-9959.241474
13755.786387,-518.144159,-296.082377,-10189.070123
13755.786705,-666.185348,0.0,-10495.508323
13755.787023,-666.185348,0.0,-10418.898773
13755.787341,-592.164754,0.0,-10418.898773
13755.787658,-518.144159,222.061783,-10189.070123
13755.787976,-370.102971,444.123565,-10725.336972
13755.788294,0.0,888.24713,-9882.631924
13755.788612,-296.082377,740.205942,-10801.946522
13755.788929,-222.061783,148.041188,-10572.117872
13755.789247,-296.082377,148.041188,-10801.946522
13755.789565,-370.102971,74.020594,-10265.679673
13755.789883,-518.144159,0.0,-10189.070123
13755.790201,-148.041188,0.0,-10112.460574
13755.790518,-296.082377,0.0,-9729.412825
13755.790836,-148.041188,74.020594,-9882.631924
13755.791154,-296.082377,296.082377,-9576.193725
13755.791472,0.0,0.0,-9882.631924
13755.791789,0.0,74.020594,-10112.460574
13755.792107,74.020594,74.020594,-9959.241474
13755.792425,0.0,74.020594,-10189.070123
13755.792743,0.0,0.0,-10418.898773
13755.79306,-370.102971,148.041188,-10572.117872
13755.793378,0.0,0.0,-10418.898773
13755.793696,-296.082377,370.102971,-10189.070123
13755.794014,518.144159,148.041188,-10265.679673
13755.794331,0.0,444.123565,-10418.898773
13755.794649,-222.061783,518.144159,-10189.070123
13755.794967,-296.082377,370.102971,-10418.898773
13755.795285,-222.061783,0.0,-10495.508323
13755.795602,0.0,222.061783,-10572.117872
13755.79592,-518.144159,0.0,-10495.508323
13755.796238,-296.082377,0.0,-10342.289223
13755.796556,-370.102971,222.061783,-10418.898773
13755.796874,0.0,74.020594,-10112.460574
13755.797191,-296.082377,148.041188,-10112.460574
13755.797509,0.0,74.020594,-10418.898773
13755.797827,-518.144159,0.0,-10265.679673
13755.798145,-444.123565,0.0,-10265.679673
13755.798462,-222.061783,-592.164754,-9806.022374
13755.79878,-666.185348,-148.041188,-9959.241474
13755.799098,-296.082377,0.0,-9806.022374
13755.799416,-296.082377,222.061783,-9959.241474
13755.799733,74.020594,296.082377,-9806.022374
13755.800051,74.020594,444.123565,-10112.460574
13755.800369,0.0,814.226536,-10189.070123
13755.800687,0.0,740.205942,-10342.289223
13755.801004,148.041188,518.144159,-10418.898773
13755.801322,-296.082377,962.267725,-10342.289223
13755.80164,-148.041188,0.0,-10418.898773
13755.801958,0.0,0.0,-10648.727422
13755.802276,0.0,-296.082377,-10035.851024
13755.802593,0.0,0.0,-9346.365076
13755.802911,0.0,0.0,-9959.241474
13755.803229,74.020594,-148.041188,-9882.631924
13755.803547,-148.041188,-222.061783,-10112.460574
13755.803864,-222.061783,-370.102971,-10342.289223
13755.804182,-296.082377,-518.144159,-9959.241474
13755.8045,-592.164754,-444.123565,-10035.851024
13755.804818,-592.164754,0.0,-10495.508323
13755.805135,-444.123565,222.061783,-10495.508323
13755.805453,-222.061783,518.144159,-9882.631924
13755.805771,0.0,740.205942,-10725.336972
13755.806089,-148.041188,518.144159,-10648.727422
13755.806406,-370.102971,444.123565,-10801.946522
13755.806724,-444.123565,148.041188,-10342.289223
13755.807042,-518.144159,74.020594,-10112.460574
13755.80736,-518.144159,74.020594,-10342.289223
13755.807678,-296.082377,0.0,-10112.460574
13755.807995,0.0,0.0,-9959.241474
13755.808313,0.0,296.082377,-9959.241474
13755.808631,518.144159,592.164754,-9499.584175
13755.808949,0.0,296.082377,-9959.241474
13755.809266,148.041188,296.082377,-10112.460574
13755.809584,0.0,0.0,-9959.241474
13755.809902,0.0,0.0,-10035.851024
13755.81022,-222.061783,0.0,-9959.241474
13755.810537,0.0,74.020594,-10112.460574
13755.810855,-222.061783,0.0,-9959.241474
13755.811173,0.0,148.041188,-10189.070123
13755.811491,222.061783,222.061783,-9882.631924
13755.811808,-222.061783,222.061783,-10342.289223
13755.812126,0.0,444.123565,-10572.117872
13755.812444,-370.102971,222.061783,-10418.898773
13755.812762,-518.144159,0.0,-10495.508323
13755.813079,-518.144159,0.0,-10725.336972
13755.813397,-518.144159,0.0,-10648.727422
13755.813715,-592.164754,148.041188,-10495.508323
13755.814033,-370.102971,222.061783,-10265.679673
13755.814351,-296.082377,518.144159,-10189.070123
13755.814668,-222.061783,74.020594,-10418.898773
13755.814986,0.0,0.0,-10342.289223
13755.815304,-370.102971,-148.041188,-10112.460574
13755.815622,-296.082377,-222.061783,-10035.851024
13755.815939,-592.164754,-148.041188,-10189.070123
13755.816257,-296.082377,-222.061783,-10189.070123
13755.816575,-444.123565,0.0,-10035.851024
13755.816893,-296.082377,222.061783,-9652.803275
13755.81721,444.123565,74.020594,-9729.412825
13755.817528,0.0,370.102971,-9959.241474
13755.817846,0.0,444.123565,-9882.631924
13755.818164,0.0,592.164754,-10035.851024
13755.818481,0.0,370.102971,-10035.851024
13755.818799,0.0,296.082377,-10495.508323
13755.819117,0.0,148.041188,-10725.336972
13755.819435,0.0,370.102971,-10342.289223
13755.819753,0.0,74.020594,-10572.117872
13755.82007,148.041188,0.0,-10189.070123
13755.820388,222.061783,0.0,-10035.851024
13755.820706,222.061783,74.020594,-10265.679673
13755.821024,-296.082377,148.041188,-10265.679673
13755.821341,-444.123565,-370.102971,-10189.070123
13755.821659,-370.102971,-518.144159,-10418.898773
13755.821977,-444.123565,-518.144159,-10265.679673
13755.822295,-296.082377,-148.041188,-10035.851024
13755.822612,-296.082377,0.0,-10265.679673
13755.82293,296.082377,-370.102971,-10189.070123
13755.823248,0.0,296.082377,-10265.679673
13755.823566,-148.041188,370.102971,-10495.508323
13755.823883,-370.102971,370.102971,-10418.898773
13755.824201,-222.061783,444.123565,-10265.679673
13755.824519,-666.185348,296.082377,-10265.679673
13755.824837,-740.205942,296.082377,-10112.460574
13755.825154,-296.082377,222.061783,-10035.851024
13755.825472,-222.061783,222.061783,-10035.851024
13755.82579,148.041188,222.061783,-10112.460574
13755.826108,0.0,296.082377,-9959.241474
13755.826426,74.020594,666.185348,-9882.631924
13755.826743,0.0,296.082377,-9882.631924
13755.827061,148.041188,222.061783,-9729.412825
13755.827379,222.061783,0.0,-10265.679673
13755.827697,-222.061783,0.0,-10112.460574
13755.828014,0.0,-370.102971,-10112.460574
13755.828332,-222.061783,0.0,-10035.851024
13755.82865,74.020594,-370.102971,-9882.631924
13755.828968,0.0,0.0,-9959.241474
13755.829285,0.0,518.144159,-10035.851024
13755.829603,0.0,0.0,-10189.070123
13755.829921,-370.102971,148.041188,-9882.631924
13755.830239,-518.144159,0.0,-10342.289223
13755.830556,-444.123565,0.0,-10725.336972
13755.830874,-592.164754,148.041188,-10418.898773
13755.831192,-444.123565,444.123565,-10648.727422
13755.83151,-222.061783,740.205942,-10418.898773
13755.831828,-222.061783,592.164754,-10495.508323
13755.832145,-222.061783,222.061783,-10495.508323
13755.832463,-222.061783,148.041188,-10495.508323
13755.832781,74.020594,-592.164754,-10265.679673
13755.833099,-518.144159,-222.061783,-10112.460574
13755.833416,-518.144159,0.0,-10112.460574
13755.833734,-148.041188,0.0,-9806.022374
13755.834052,-296.082377,0.0,-9193.145976
13755.83437,-296.082377,148.041188,-9729.412825
13755.834687,148.041188,0.0,-9882.631924
13755.835005,148.041188,222.061783,-9806.022374
13755.835323,0.0,370.102971,-10189.070123
13755.835641,-296.082377,740.205942,-9576.193725
13755.835958,-296.082377,370.102971,-10495.508323
13755.836276,-296.082377,74.020594,-10342.289223
13755.836594,-296.082377,222.061783,-10418.898773
13755.836912,-222.061783,74.020594,-10418.898773
13755.837229,148.041188,370.102971,-10035.851024
13755.837547,0.0,444.123565,-10418.898773
13755.837865,74.020594,74.020594,-10265.679673
13755.838183,148.041188,148.041188,-10495.508323
13755.838501,148.041188,-370.102971,-10495.508323
13755.838818,-518.144159,-222.061783,-10342.289223
13755.839136,-518.144159,-518.144159,-10342.289223
13755.839454,-222.061783,-592.164754,-10265.679673
13755.839772,-370.102971,0.0,-9116.536426
13755.840089,-222.061783,148.041188,-10418.898773
13755.840407,0.0,0.0,-10189.070123
13755.840725,-222.061783,0.0,-10418.898773
13755.841043,-148.041188,148.041188,-10265.679673
13755.84136,-296.082377,518.144159,-10878.556072
13755.841678,-518.144159,0.0,-10189.070123
13755.841996,-666.185348,0.0,-10189.070123
13755.842314,-592.164754,222.061783,-10342.289223
13755.842631,-444.123565,666.185348,-9882.631924
13755.842949,-518.144159,518.144159,-10035.851024
13755.843267,0.0,592.164754,-10189.070123
13755.843585,0.0,518.144159,-10035.851024
13755.843903,0.0,370.102971,-9959.241474
13755.84422,-222.061783,370.102971,-10112.460574
13755.844538,0.0,0.0,-9959.241474
13755.844856,0.0,0.0,-10265.679673
13755.845174,-148.041188,0.0,-10035.851024
13755.845491,74.020594,296.082377,-10725.336972
13755.845809,74.020594,-222.061783,-10189.070123
13755.846127,0.0,148.041188,-10189.070123
13755.846445,0.0,-296.082377,-10112.460574
13755.846762,-148.041188,-222.061783,-10265.679673
13755.84708,-296.082377,-222.061783,-10265.679673
13755.847398,-518.144159,0.0,-10265.679673
13755.847716,-666.185348,0.0,-10189.070123
13755.848033,-518.144159,74.020594,-9959.241474
13755.848351,-74.020594,740.205942,-9729.412825
13755.848669,-518.144159,370.102971,-10572.117872
13755.848987,-222.061783,518.144159,-10572.117872
13755.849304,-444.123565,518.144159,-10572.117872
13755.849622,-444.123565,444.123565,-10572.117872
13755.84994,-222.061783,74.020594,-10112.460574
13755.850258,-370.102971,148.041188,-10112.460574
13755.850576,-370.102971,148.041188,-10112.460574
13755.850893,-222.061783,0.0,-10035.851024
13755.851211,296.082377,74.020594,-8963.317327
13755.851529,-148.041188,0.0,-9806.022374
13755.851847,-222.061783,148.041188,-9806.022374
13755.852164,0.0,74.020594,-9806.022374
13755.852482,-148.041188,148.041188,-9806.022374
13755.8528,0.0,148.041188,-9882.631924
13755.853118,0.0,0.0,-9959.241474
13755.853435,0.0,74.020594,-9959.241474
13755.853753,0.0,222.061783,-10265.679673
13755.854071,222.061783,148.041188,-11031.775171
13755.854389,0.0,296.082377,-10342.289223
13755.854706,-148.041188,444.123565,-10265.679673
13755.855024,0.0,74.020594,-10189.070123
13755.855342,0.0,518.144159,-10572.117872
13755.85566,74.020594,370.102971,-10648.727422
13755.855978,-370.102971,74.020594,-10265.679673
13755.856295,-370.102971,0.0,-10495.508323
13755.856613,-518.144159,-222.061783,-10418.898773
13755.856931,-222.061783,296.082377,-9806.022374
13755.857249,-222.061783,0.0,-10265.679673
13755.857566,-222.061783,0.0,-10342.289223
13755.857884,-148.041188,0.0,-10265.679673
13755.858202,-148.041188,0.0,-10648.727422
13755.85852,-296.082377,0.0,-10035.851024
13755.858837,-370.102971,0.0,-10189.070123
13755.859155,-444.123565,-222.061783,-10342.289223
13755.859473,-592.164754,0.0,-10265.679673
13755.859791,-296.082377,370.102971,-9806.022374
13755.860108,-518.144159,148.041188,-9959.241474
13755.860426,-370.102971,444.123565,-10112.460574
13755.860744,-148.041188,518.144159,-10112.460574
13755.861062,0.0,592.164754,-9806.022374
13755.86138,0.0,592.164754,-10495.508323
13755.861697,0.0,444.123565,-10342.289223
13755.862015,74.020594,222.061783,-10495.508323
13755.862333,-148.041188,148.041188,-10495.508323
13755.862651,0.0,296.082377,-10342.289223
13755.862968,0.0,0.0,-10265.679673
13755.863286,0.0,-148.041188,-10112.460574
13755.863604,0.0,0.0,-9959.241474
13755.863922,0.0,74.020594,-10035.851024
13755.864239,0.0,0.0,-10035.851024
13755.864557,-222.061783,0.0,-9959.241474
13755.864875,-592.164754,-296.082377,-10189.070123
13755.865193,-592.164754,-148.041188,-10342.289223
13755.86551,-888.24713,0.0,-9806.022374
13755.865828,-370.102971,0.0,-10418.898773
13755.866146,-444.123565,222.061783,-10265.679673
13755.866464,0.0,740.205942,-10265.679673
13755.866781,-296.082377,814.226536,-10418.898773
13755.867099,-444.123565,444.123565,-10648.727422
13755.867417,-592.164754,518.144159,-10572.117872
13755.867735,-592.164754,222.061783,-10418.898773
13755.868053,-666.185348,74.020594,-10035.851024
13755.86837,-1036.288319,74.020594,-10035.851024
13755.868688,-296.082377,74.020594,-10035.851024
13755.869006,-222.061783,148.041188,-9806.022374
13755.869324,148.041188,0.0,-9959.241474
13755.869641,0.0,518.144159,-9116.536426
13755.869959,74.020594,222.061783,-9882.631924
13755.870277,74.020594,-148.041188,-10112.460574
13755.870595,0.0,0.0,-10265.679673
13755.870912,74.020594,74.020594,-10342.289223
13755.87123,74.020594,0.0,-10112.460574
13755.871548,0.0,0.0,-10112.460574
13755.871866,-296.082377,222.061783,-10112.460574
13755.872183,-148.041188,0.0,-10112.460574
13755.872501,148.041188,666.185348,-10265.679673
13755.872819,0.0,370.102971,-10418.898773
13755.873137,-222.061783,0.0,-10342.289223
13755.873455,-370.102971,222.061783,-10725.336972
13755.873772,-444.123565,0.0,-10342.289223
13755.87409,-592.164754,222.061783,-10878.556072
13755.874408,-296.082377,74.020594,-10648.727422
13755.874726,-148.041188,0.0,-10495.508323
13755.875043,-148.041188,370.102971,-10418.898773
13755.875361,-148.041188,666.185348,-9959.241474
13755.875679,-370.102971,0.0,-10265.679673
13755.875997,-296.082377,0.0,-10112.460574
13755.876314,-222.061783,-296.082377,-10112.460574
13755.876632,-592.164754,74.020594,-10112.460574
13755.87695,-814.226536,0.0,-9806.022374
13755.877268,-518.144159,0.0,-9806.022374
13755.877585,-592.164754,74.020594,-9806.022374
13755.877903,-370.102971,222.061783,-9882.631924
13755.878221,74.020594,888.24713,-10648.727422
13755.878539,0.0,592.164754,-10112.460574
13755.878856,0.0,814.226536,-10265.679673
13755.879174,148.041188,592.164754,-10265.679673
13755.879492,0.0,444.123565,-10418.898773
13755.87981,0.0,518.144159,-10725.336972
13755.880128,-296.082377,148.041188,-10495.508323
13755.880445,-148.041188,0.0,-10189.070123
13755.880763,0.0,148.041188,-10189.070123
13755.881081,296.082377,0.0,-9576.193725
13755.881399,222.061783,0.0,-9959.241474
13755.881716,74.020594,0.0,-10035.851024
13755.882034,0.0,-222.061783,-10265.679673
13755.882352,-296.082377,-296.082377,-9806.022374
13755.88267,-518.144159,-370.102971,-10189.070123
13755.882987,-370.102971,-222.061783,-10035.851024
13755.883305,-518.144159,-148.041188,-10342.289223
13755.883623,-370.102971,148.041188,-10648.727422
13755.883941,-148.041188,444.123565,-10572.117872
13755.884258,-444.123565,518.144159,-10495.508323
13755.884576,-296.082377,444.123565,-10418.898773
13755.884894,-592.164754,222.061783,-10265.679673
13755.885212,-666.185348,370.102971,-9346.365076
13755.88553,-592.164754,0.0,-10189.070123
13755.885847,-518.144159,370.102971,-10112.460574
13755.886165,-370.102971,444.123565,-10112.460574
13755.886483,-222.061783,222.061783,-9959.241474
13755.886801,-370.102971,296.082377,-9806.022374
13755.887118,0.0,222.061783,-9652.803275
13755.887436,148.041188,222.061783,-9652.803275
13755.887754,74.020594,0.0,-9959.241474
13755.888072,222.061783,0.0,-9806.022374
13755.888389,0.0,0.0,-10342.289223
13755.888707,0.0,0.0,-10035.851024
13755.889025,-148.041188,-222.061783,-10265.679673
13755.889343,0.0,0.0,-9806.022374
13755.88966,0.0,666.185348,-9806.022374
13755.889978,0.0,296.082377,-10189.070123
13755.890296,74.020594,296.082377,-10189.070123
13755.890614,-518.144159,148.041188,-10572.117872
13755.890931,-518.144159,222.061783,-10801.946522
13755.891249,-444.123565,0.0,-10725.336972
13755.891567,-592.164754,0.0,-10342.289223
13755.891885,-444.123565,296.082377,-10495.508323
13755.892202,-296.082377,148.041188,-10572.117872
13755.89252,0.0,518.144159,-10725.336972
13755.892838,-148.041188,444.123565,-10572.117872
13755.893156,-296.082377,148.041188,-10495.508323
13755.893474,-222.061783,0.0,-10265.679673
13755.893791,-444.123565,0.0,-9806.022374
13755.894109,-592.164754,-222.061783,-9806.022374
13755.894427,-518.144159,-444.123565,-9806.022374
13755.894745,-592.164754,0.0,-9806.022374
13755.895062,-370.102971,0.0,-9882.631924
13755.89538,0.0,0.0,-9652.803275
13755.895698,-222.061783,222.061783,-9729.412825
13755.896016,-148.041188,444.123565,-10265.679673
13755.896333,-148.041188,518.144159,-10265.679673
13755.896651,0.0,296.082377,-10189.070123
13755.896969,0.0,592.164754,-10418.898773
13755.897287,0.0,518.144159,-10648.727422
13755.897604,0.0,222.061783,-10572.117872
13755.897922,-148.041188,74.020594,-10418.898773
13755.89824,0.0,370.102971,-10648.727422
13755.898558,0.0,74.020594,-9806.022374
13755.898875,148.041188,74.020594,-10112.460574
13755.899193,0.0,74.020594,-10112.460574
13755.899511,-296.082377,-370.102971,-10265.679673
13755.899829,0.0,-666.185348,-10189.070123
13755.900146,-444.123565,-592.164754,-10189.070123
13755.900464,-370.102971,-296.082377,-10418.898773
13755.900782,-592.164754,0.0,-10418.898773
13755.9011,-370.102971,148.041188,-10189.070123
13755.901417,0.0,148.041188,-10418.898773
13755.901735,-222.061783,222.061783,-10572.117872
13755.902053,-148.041188,296.082377,-10342.289223
13755.902371,-444.123565,222.061783,-10572.117872
13755.902688,0.0,0.0,-10495.508323
13755.903006,-740.205942,148.041188,-10112.460574
13755.903324,-592.164754,0.0,-10112.460574
13755.903642,-518.144159,444.123565,-10112.460574
13755.903959,-148.041188,444.123565,-10112.460574
13755.904277,0.0,444.123565,-10112.460574
13755.904595,0.0,518.144159,-9959.241474
13755.904913,74.020594,444.123565,-9959.241474
13755.90523,222.061783,222.061783,-10418.898773
13755.905548,370.102971,148.041188,-10495.508323
13755.905866,0.0,0.0,-10112.460574
13755.906184,-444.123565,0.0,-10112.460574
13755.906502,0.0,-296.082377,-10189.070123
13755.906819,-296.082377,-296.082377,-10112.460574
13755.907137,0.0,0.0,-10112.460574
13755.907455,74.020594,0.0,-10189.070123
13755.907773,0.0,0.0,-10112.460574
13755.90809,-444.123565,222.061783,-10265.679673
13755.908408,-444.123565,-592.164754,-10342.289223
13755.908726,-814.226536,-148.041188,-10418.898773
13755.909044,-740.205942,222.061783,-10418.898773
13755.909361,-296.082377,370.102971,-10725.336972
13755.909679,0.0,518.144159,-10648.727422
13755.909997,222.061783,1036.288319,-11338.21337
13755.910315,-222.061783,518.144159,-10572.117872
13755.910632,-222.061783,444.123565,-10725.336972
13755.91095,-592.164754,74.020594,-10418.898773
13755.911268,-444.123565,0.0,-9959.241474
13755.911586,0.0,0.0,-10035.851024
13755.911903,-444.123565,-148.041188,-9882.631924
13755.912221,-444.123565,0.0,-9959.241474
13755.912539,0.0,148.041188,-9652.803275
13755.912857,0.0,148.041188,-9806.022374
13755.913174,0.0,148.041188,-9806.022374
13755.913492,0.0,148.041188,-9652.803275
13755.91381,0.0,148.041188,-9882.631924
13755.914128,0.0,222.061783,-10265.679673
13755.914445,370.102971,222.061783,-9959.241474
13755.914763,-148.041188,0.0,-10418.898773
13755.915081,0.0,222.061783,-10265.679673
13755.915399,-222.061783,518.144159,-10112.460574
13755.915716,0.0,296.082377,-10112.460574
13755.916034,0.0,518.144159,-10342.289223
13755.916352,0.0,222.061783,-10342.289223
13755.91667,0.0,74.020594,-10342.289223
13755.916987,-370.102971,0.0,-10495.508323
13755.917305,-444.123565,0.0,-10878.556072
13755.917623,-444.123565,-296.082377,-10342.289223
13755.917941,-148.041188,0.0,-10342.289223
13755.918259,-296.082377,0.0,-10189.070123
13755.918576,0.0,148.041188,-10342.289223
13755.918894,0.0,222.061783,-10342.289223
13755.919212,-370.102971,74.020594,-10495.508323
13755.91953,-370.102971,0.0,-10495.508323
13755.919847,-740.205942,0.0,-10342.289223
13755.920165,74.020594,-148.041188,-9882.631924
13755.920483,-740.205942,222.061783,-10035.851024
13755.920801,-444.123565,296.082377,-9959.241474
13755.921118,-296.082377,296.082377,-9882.631924
13755.921436,-222.061783,518.144159,-9882.631924
13755.921754,0.0,444.123565,-9652.803275
13755.922072,-222.061783,592.164754,-9806.022374
13755.922389,0.0,740.205942,-10265.679673
13755.922707,148.041188,0.0,-10265.679673
13755.923025,148.041188,148.041188,-10495.508323
13755.923343,0.0,148.041188,-10265.679673
13755.92366,0.0,0.0,-10189.070123
13755.923978,0.0,-222.061783,-10112.460574
13755.924296,0.0,0.0,-10189.070123
13755.924614,74.020594,0.0,-10189.070123
13755.924931,0.0,0.0,-10265.679673
13755.925249,0.0,-148.041188,-10265.679673
13755.925567,-296.082377,0.0,-10265.679673
13755.925885,-296.082377,-222.061783,-10572.117872
13755.926202,-444.123565,-444.123565,-10648.727422
13755.92652,-740.205942,0.0,-10112.460574
13755.926838,-296.082377,74.020594,-10418.898773
13755.927156,-296.082377,518.144159,-10801.946522
13755.927473,-148.041188,592.164754,-10495.508323
13755.927791,0.0,444.123565,-10725.336972
13755.928109,-222.061783,222.061783,-10725.336972
13755.928427,-444.123565,296.082377,-10418.898773
13755.928744,-370.102971,444.123565,-10342.289223
13755.929062,-518.144159,0.0,-10342.289223
13755.92938,-370.102971,74.020594,-10035.851024
13755.929698,-296.082377,222.061783,-9882.631924
13755.930016,0.0,0.0,-9806.022374
13755.930333,222.061783,148.041188,-10035.851024
13755.930651,74.020594,0.0,-9729.412825
13755.930969,74.020594,148.041188,-10035.851024
13755.931287,74.020594,74.020594,-10035.851024
13755.931604,74.020594,444.123565,-9576.193725
13755.931922,-370.102971,74.020594,-10342.289223
13755.93224,-370.102971,222.061783,-10418.898773
13755.932558,0.0,148.041188,-10495.508323
13755.932875,-148.041188,518.144159,-10342.289223
13755.933193,370.102971,370.102971,-9959.241474
13755.933511,74.020594,148.041188,-10265.679673
13755.933829,0.0,370.102971,-10495.508323
13755.934146,-370.102971,296.082377,-10725.336972
13755.934464,-592.164754,222.061783,-9882.631924
13755.934782,-370.102971,0.0,-10572.117872
13755.9351,-518.144159,-148.041188,-10418.898773
13755.935417,-222.061783,74.020594,-10495.508323
13755.935735,-222.061783,370.102971,-10418.898773
13755.936053,0.0,444.123565,-10725.336972
13755.936371,-222.061783,148.041188,-10572.117872
13755.936688,-296.082377,74.020594,-10265.679673
13755.937006,-296.082377,0.0,-10265.679673
13755.937324,0.0,-296.082377,-10112.460574
13755.937642,-444.123565,-370.102971,-10112.460574
13755.937959,-592.164754,-222.061783,-10342.289223
13755.938277,-370.102971,74.020594,-9806.022374
13755.938595,-148.041188,148.041188,-9882.631924
13755.938913,222.061783,444.123565,-10112.460574
13755.93923,0.0,444.123565,-9806.022374
13755.939548,0.0,666.185348,-10112.460574
13755.939866,-148.041188,518.144159,-10112.460574
13755.940184,0.0,592.164754,-9499.584175
13755.940501,0.0,444.123565,-10495.508323
13755.940819,-296.082377,296.082377,-10342.289223
13755.941137,0.0,0.0,-10418.898773
13755.941455,0.0,148.041188,-10265.679673
13755.941772,370.102971,0.0,-10035.851024
13755.94209,74.020594,0.0,-10418.898773
13755.942408,0.0,0.0,-10112.460574
13755.942726,-222.061783,-222.061783,-10342.289223
13755.943044,-518.144159,-370.102971,-10035.851024
13755.943361,-518.144159,-592.164754,-10189.070123
13755.943679,-518.144159,-148.041188,-10112.460574
13755.943997,-444.123565,0.0,-10189.070123
13755.944315,-296.082377,148.041188,-10112.460574
13755.944632,0.0,888.24713,-10495.508323
13755.94495,-148.041188,518.144159,-10648.727422
13755.945268,-444.123565,518.144159,-10495.508323
13755.945586,-666.185348,370.102971,-10495.508323
13755.945903,-592.164754,222.061783,-9806.022374
13755.946221,-444.123565,296.082377,-10418.898773
13755.946539,-592.164754,222.061783,-10035.851024
13755.946857,-444.123565,370.102971,-10189.070123
13755.947174,-296.082377,222.061783,-9806.022374
13755.947492,0.0,518.144159,-10418.898773
13755.94781,74.020594,222.061783,-9729.412825
13755.948128,0.0,148.041188,-10112.460574
13755.948445,0.0,222.061783,-9959.241474
13755.948763,0.0,-222.061783,-9959.241474
13755.949081,148.041188,0.0,-10418.898773
13755.949399,-370.102971,0.0,-10035.851024
13755.949716,0.0,0.0,-10112.460574
13755.950034,0.0,74.020594,-10265.679673
13755.950352,-222.061783,0.0,-9882.631924
13755.95067,0.0,222.061783,-10189.070123
13755.950987,-222.061783,222.061783,-10112.460574
13755.951305,0.0,148.041188,-10495.508323
13755.951623,-370.102971,0.0,-10495.508323
13755.951941,-518.144159,0.0,-10648.727422
13755.952258,-592.164754,74.020594,-10572.117872
13755.952576,-296.082377,222.061783,-10572.117872
13755.952894,-370.102971,370.102971,-10418.898773
13755.953212,-370.102971,814.226536,-10112.460574
13755.953529,0.0,370.102971,-10725.336972
13755.953847,-296.082377,222.061783,-10495.508323
13755.954165,0.0,0.0,-10572.117872
13755.954483,-444.123565,0.0,-10342.289223
13755.954801,-370.102971,-370.102971,-9729.412825
13755.955118,-740.205942,-148.041188,-9882.631924
13755.955436,-518.144159,0.0,-9729.412825
13755.955754,-296.082377,0.0,-9806.022374
13755.956072,-370.102971,0.0,-9039.926876
13755.956389,0.0,296.082377,-9806.022374
13755.956707,-148.041188,666.185348,-9959.241474
13755.957025,74.020594,444.123565,-10189.070123
13755.957343,0.0,444.123565,-10572.117872
13755.95766,0.0,518.144159,-10265.679673
13755.957978,74.020594,296.082377,-10572.117872
13755.958296,-222.061783,444.123565,-10418.898773
13755.958614,0.0,222.061783,-10418.898773
13755.958931,370.102971,370.102971,-9882.631924
13755.959249,0.0,222.061783,-10189.070123
13755.959567,0.0,0.0,-10035.851024
13755.959885,0.0,0.0,-10342.289223
13755.960202,-148.041188,0.0,-10189.070123
13755.96052,-296.082377,0.0,-10495.508323
13755.960838,-222.061783,-592.164754,-10418.898773
13755.961156,-296.082377,-518.144159,-10265.679673
13755.961473,-296.082377,0.0,-10265.679673
13755.961791,-370.102971,222.061783,-10418.898773
13755.962109,-222.061783,296.082377,-10418.898773
13755.962427,-222.061783,148.041188,-10495.508323
13755.962744,-444.123565,370.102971,-10495.508323
13755.963062,-444.123565,296.082377,-10418.898773
13755.96338,-370.102971,74.020594,-10035.851024
13755.963698,-518.144159,74.020594,-10189.070123
13755.964015,-592.164754,74.020594,-10112.460574
13755.964333,-370.102971,296.082377,-10112.460574
13755.964651,-148.041188,148.041188,-9959.241474
13755.964969,222.061783,296.082377,-10189.070123
13755.965286,74.020594,370.102971,-10189.070123
13755.965604,74.020594,518.144159,-10112.460574
13755.965922,74.020594,370.102971,-10189.070123
13755.96624,0.0,148.041188,-10112.460574
13755.966558,0.0,148.041188,-9806.022374
13755.966875,0.0,0.0,-9959.241474
13755.967193,0.0,-222.061783,-10189.070123
13755.967511,0.0,-148.041188,-10035.851024
13755.967829,148.041188,-370.102971,-9959.241474
13755.968146,0.0,-74.020594,-9959.241474
13755.968464,0.0,296.082377,-10189.070123
13755.968782,0.0,222.061783,-10572.117872
13755.9691,-666.185348,74.020594,-10495.508323
13755.969417,-740.205942,148.041188,-10342.289223
13755.969735,-444.123565,-148.041188,-10648.727422
13755.970053,-592.164754,222.061783,-10495.508323
13755.970371,-444.123565,592.164754,-10572.117872
13755.970688,0.0,740.205942,-10572.117872
13755.971006,148.041188,518.144159,-10725.336972
13755.971324,0.0,148.041188,-10725.336972
13755.971642,-222.061783,0.0,-10418.898773
13755.971959,-370.102971,-148.041188,-10265.679673
13755.972277,74.020594,0.0,-10572.117872
13755.972595,-592.164754,0.0,-9806.022374
13755.972913,-148.041188,-370.102971,-9882.631924
13755.97323,-370.102971,0.0,-10035.851024
13755.973548,-222.061783,74.020594,-9806.022374
13755.973866,-296.082377,222.061783,-9882.631924
13755.974184,0.0,148.041188,-9806.022374
13755.974501,0.0,370.102971,-10189.070123
13755.974819,0.0,518.144159,-10342.289223
13755.975137,-296.082377,888.24713,-10112.460574
13755.975455,-296.082377,222.061783,-10342.289223
13755.975772,-296.082377,518.144159,-10418.898773
13755.97609,0.0,222.061783,-10495.508323
13755.976408,0.0,444.123565,-10265.679673
13755.976726,74.020594,592.164754,-10112.460574
13755.977043,0.0,74.020594,-10112.460574
13755.977361,-148.041188,296.082377,-10495.508323
13755.977679,-370.102971,0.0,-10342.289223
13755.977997,-148.041188,0.0,-10112.460574
13755.978314,-444.123565,-518.144159,-10189.070123
13755.978632,-444.123565,-296.082377,-10035.851024
13755.97895,-444.123565,-148.041188,-10035.851024
13755.979268,0.0,0.0,-10342.289223
13755.979586,0.0,296.082377,-10418.898773
13755.979903,0.0,148.041188,-10801.946522
13755.980221,-222.061783,0.0,-10265.679673
13755.980539,-444.123565,222.061783,-10648.727422
13755.980857,-370.102971,444.123565,-10572.117872
13755.981174,-592.164754,222.061783,-10189.070123
13755.981492,-518.144159,222.061783,-10112.460574
13755.98181,-444.123565,518.144159,-9882.631924
13755.982128,-296.082377,592.164754,-9959.241474
13755.982445,0.0,518.144159,-9959.241474
13755.982763,0.0,222.061783,-10035.851024
13755.983081,-148.041188,666.185348,-10189.070123
13755.983399,-222.061783,370.102971,-10265.679673
13755.983716,0.0,370.102971,-10035.851024
13755.984034,74.020594,74.020594,-10189.070123
13755.984352,0.0,0.0,-10495.508323
13755.98467,-296.082377,0.0,-10265.679673
13755.984987,0.0,0.0,-10112.460574
13755.985305,74.020594,0.0,-10189.070123
13755.985623,0.0,0.0,-10035.851024
13755.985941,0.0,0.0,-9959.241474
13755.986258,-370.102971,0.0,-9806.022374
13755.986576,-370.102971,0.0,-10418.898773
13755.986894,-444.123565,-222.061783,-10342.289223
13755.987212,-370.102971,0.0,-10189.070123
13755.987529,-370.102971,148.041188,-10418.898773
13755.987847,-592.164754,222.061783,-10572.117872
13755.988165,-148.041188,296.082377,-10495.508323
13755.988483,-148.041188,592.164754,-10725.336972
13755.9888,-444.123565,518.144159,-10801.946522
13755.989118,-148.041188,222.061783,-10418.898773
13755.989436,-444.123565,148.041188,-10418.898773
13755.989754,-370.102971,74.020594,-10265.679673
13755.990071,-518.144159,74.020594,-9959.241474
13755.990389,-370.102971,0.0,-9806.022374
13755.990707,-370.102971,0.0,-9882.631924
13755.991025,-222.061783,0.0,-9729.412825
13755.991343,0.0,74.020594,-9806.022374
13755.99166,148.041188,74.020594,-9882.631924
13755.991978,74.020594,296.082377,-9806.022374
13755.992296,0.0,0.0,-10112.460574
13755.992614,-296.082377,222.061783,-10112.460574
13755.992931,-518.144159,222.061783,-10495.508323
13755.993249,-148.041188,148.041188,-10342.289223
13755.993567,0.0,148.041188,-10572.117872
13755.993885,-666.185348,592.164754,-9346.365076
13755.994202,0.0,444.123565,-10265.679673
13755.99452,0.0,666.185348,-10265.679673
13755.994838,0.0,222.061783,-10572.117872
13755.995156,-592.164754,222.061783,-10418.898773
13755.995473,-444.123565,0.0,-10189.070123
13755.995791,-592.164754,0.0,-10418.898773
13755.996109,-592.164754,0.0,-10265.679673
13755.996427,-296.082377,74.020594,-10418.898773
13755.996744,0.0,444.123565,-10725.336972
13755.997062,74.020594,148.041188,-10418.898773
13755.99738,-296.082377,74.020594,-10572.117872
13755.997698,-296.082377,0.0,-10189.070123
13755.998015,-592.164754,0.0,-10265.679673
13755.998333,-592.164754,-444.123565,-10265.679673
13755.998651,-592.164754,-148.041188,-10035.851024
13755.998969,-518.144159,222.061783,-9959.241474
13755.999287,-296.082377,444.123565,-10035.851024
13755.999604,0.0,592.164754,-9422.974625
13755.999922,0.0,518.144159,-9806.022374
13756.00024,0.0,518.144159,-10112.460574
13756.000558,0.0,666.185348,-10112.460574
13756.000875,0.0,444.123565,-10112.460574
13756.001193,296.082377,74.020594,-10035.851024
13756.001511,0.0,222.061783,-10572.117872
13756.001829,0.0,222.061783,-10495.508323
13756.002146,74.020594,0.0,-10189.070123
13756.002464,0.0,444.123565,-9652.803275
13756.002782,0.0,-148.041188,-9806.022374
13756.0031,0.0,-296.082377,-10189.070123
13756.003417,0.0,0.0,-10189.070123
13756.003735,-148.041188,-222.061783,-9959.241474
13756.004053,-592.164754,-222.061783,-10265.679673
13756.004371,-444.123565,-296.082377,-10265.679673
13756.004688,-518.144159,0.0,-10112.460574
13756.005006,-444.123565,74.020594,-10189.070123
13756.005324,-666.185348,518.144159,-9806.022374
13756.005642,-148.041188,592.164754,-10418.898773
13756.005959,-296.082377,740.205942,-10648.727422
13756.006277,0.0,370.102971,-10878.556072
13756.006595,-296.082377,370.102971,-10725.336972
13756.006913,-666.185348,370.102971,-10342.289223
13756.007231,-592.164754,222.061783,-10112.460574
13756.007548,-518.144159,74.020594,-10112.460574
13756.007866,-370.102971,74.020594,-9882.631924
13756.008184,-296.082377,296.082377,-9959.241474
13756.008502,370.102971,0.0,-9959.241474
13756.008819,0.0,0.0,-9882.631924
13756.009137,148.041188,74.020594,-9806.022374
13756.009455,0.0,0.0,-9959.241474
13756.009773,222.061783,0.0,-10418.898773
13756.01009,0.0,74.020594,-10189.070123
13756.010408,0.0,0.0,-10189.070123
13756.010726,0.0,74.020594,-10189.070123
13756.011044,0.0,74.020594,-10878.556072
13756.011361,-148.041188,444.123565,-10418.898773
13756.011679,0.0,296.082377,-10572.117872
13756.011997,0.0,444.123565,-10342.289223
13756.012315,-148.041188,74.020594,-10418.898773
13756.012632,-222.061783,444.123565,-11644.65157
13756.01295,-370.102971,0.0,-10725.336972
13756.013268,-444.123565,-222.061783,-10648.727422
13756.013586,-296.082377,0.0,-10342.289223
13756.013903,-370.102971,74.020594,-10418.898773
13756.014221,-296.082377,370.102971,-10418.898773
13756.014539,-296.082377,370.102971,-10342.289223
13756.014857,-370.102971,222.061783,-10495.508323
13756.015175,-296.082377,74.020594,-10265.679673
13756.015492,74.020594,-444.123565,-9959.241474
13756.01581,-518.144159,0.0,-10035.851024
13756.016128,-666.185348,0.0,-9882.631924
13756.016446,-592.164754,0.0,-9959.241474
13756.016763,-370.102971,0.0,-10112.460574
13756.017081,-296.082377,222.061783,-9806.022374
13756.017399,0.0,222.061783,-10342.289223
13756.017717,0.0,592.164754,-10265.679673
13756.018034,0.0,740.205942,-10189.070123
13756.018352,74.020594,740.205942,-10648.727422
13756.01867,-148.041188,370.102971,-10572.117872
13756.018988,0.0,370.102971,-10418.898773
13756.019305,0.0,0.0,-10418.898773
13756.019623,-148.041188,370.102971,-10955.165621
13756.019941,0.0,0.0,-10189.070123
13756.020259,0.0,0.0,-10342.289223
13756.020576,0.0,74.020594,-10189.070123
13756.020894,74.020594,0.0,-10342.289223
13756.021212,-518.144159,-592.164754,-10112.460574
13756.02153,-296.082377,-444.123565,-10265.679673
13756.021847,-518.144159,-518.144159,-10495.508323
13756.022165,-666.185348,-592.164754,-10342.289223
13756.022483,-370.102971,0.0,-9422.974625
13756.022801,-370.102971,222.061783,-10418.898773
13756.023119,0.0,444.123565,-10495.508323
13756.023436,-370.102971,518.144159,-10572.117872
13756.023754,-296.082377,518.144159,-10342.289223
13756.024072,-222.061783,370.102971,-10189.070123
13756.02439,-518.144159,148.041188,-10495.508323
13756.024707,-666.185348,148.041188,-10189.070123
13756.025025,-518.144159,222.061783,-10035.851024
13756.025343,74.020594,222.061783,-9959.241474
13756.025661,-148.041188,222.061783,-9806.022374
13756.025978,0.0,296.082377,-10035.851024
13756.026296,0.0,222.061783,-10112.460574
13756.026614,0.0,222.061783,-9959.241474
13756.026932,74.020594,0.0,-9959.241474
13756.027249,0.0,0.0,-10112.460574
13756.027567,-222.061783,0.0,-9959.241474
13756.027885,-296.082377,0.0,-10265.679673
13756.028203,370.102971,370.102971,-9806.022374
13756.02852,0.0,-148.041188,-10035.851024
13756.028838,0.0,148.041188,-9959.241474
13756.029156,0.0,296.082377,-10189.070123
13756.029474,0.0,444.123565,-10189.070123
13756.029791,-444.123565,222.061783,-9959.241474
13756.030109,-370.102971,0.0,-10572.117872
13756.030427,-666.185348,0.0,-10572.117872
13756.030745,-666.185348,0.0,-10572.117872
13756.031063,-74.020594,148.041188,-11031.775171
13756.03138,-148.041188,222.061783,-10418.898773
13756.031698,0.0,518.144159,-10572.117872
13756.032016,0.0,666.185348,-10495.508323
13756.032334,0.0,370.102971,-10265.679673
13756.032651,0.0,-370.102971,-10418.898773
13756.032969,-444.123565,0.0,-10265.679673
13756.033287,-444.123565,-370.102971,-10112.460574
13756.033605,-740.205942,-296.082377,-9959.241474
13756.033922,-888.24713,444.123565,-9116.536426
13756.03424,-222.061783,0.0,-9959.241474
13756.034558,0.0,74.020594,-9806.022374
13756.034876,0.0,296.082377,-9959.241474
13756.035193,0.0,444.123565,-9882.631924
13756.035511,0.0,518.144159,-10418.898773
13756.035829,0.0,444.123565,-10495.508323
13756.036147,0.0,370.102971,-10495.508323
13756.036464,-222.061783,74.020594,-10342.289223
13756.036782,222.061783,444.123565,-10418.898773
13756.0371,0.0,222.061783,-10265.679673
13756.037418,0.0,222.061783,-10189.070123
13756.037735,0.0,296.082377,-10112.460574
13756.038053,148.041188,370.102971,-10035.851024
13756.038371,74.020594,0.0,-10572.117872
13756.038689,-296.082377,0.0,-10112.460574
13756.039007,-444.123565,-370.102971,-10418.898773
13756.039324,-296.082377,-666.185348,-10189.070123
13756.039642,-296.082377,-444.123565,-9959.241474
13756.03996,-592.164754,0.0,-10265.679673
13756.040278,-222.061783,0.0,-10265.679673
13756.040595,-222.061783,148.041188,-10265.679673
13756.040913,-296.082377,296.082377,-10265.679673
13756.041231,-592.164754,370.102971,-10342.289223
13756.041549,-296.082377,148.041188,-10265.679673
13756.041866,-518.144159,222.061783,-10495.508323
13756.042184,-518.144159,148.041188,-10189.070123
13756.042502,0.0,296.082377,-10189.070123
13756.04282,-518.144159,296.082377,-10112.460574
13756.043137,0.0,370.102971,-10035.851024
13756.043455,0.0,74.020594,-10189.070123
13756.043773,148.041188,444.123565,-9499.584175
13756.044091,222.061783,444.123565,-10035.851024
13756.044408,148.041188,74.020594,-10418.898773
13756.044726,74.020594,222.061783,-10189.070123
13756.045044,0.0,0.0,-10418.898773
13756.045362,-222.061783,0.0,-10265.679673
13756.045679,0.0,-296.082377,-10189.070123
13756.045997,0.0,0.0,-9959.241474
13756.046315,148.041188,-370.102971,-10035.851024
13756.046633,370.102971,-518.144159,-9729.412825
13756.046951,148.041188,222.061783,-10342.289223
13756.047268,0.0,148.041188,-10112.460574
13756.047586,-370.102971,74.020594,-10342.289223
13756.047904,-518.144159,-148.041188,-10648.727422
13756.048222,-296.082377,370.102971,-10801.946522
13756.048539,-592.164754,222.061783,-10418.898773
13756.048857,-370.102971,518.144159,-10572.117872
13756.049175,0.0,518.144159,-10572.117872
13756.049493,370.102971,370.102971,-10801.946522
13756.04981,-222.061783,370.102971,-10648.727422
13756.050128,-444.123565,222.061783,-10342.289223
13756.050446,-370.102971,0.0,-10265.679673
13756.050764,-518.144159,0.0,-9882.631924
13756.051081,-740.205942,0.0,-9422.974625
13756.051399,-296.082377,0.0,-9729.412825
13756.051717,-148.041188,0.0,-9806.022374
13756.052035,0.0,-148.041188,-9806.022374
13756.052352,148.041188,592.164754,-9729.412825
13756.05267,0.0,222.061783,-10112.460574
13756.052988,-222.061783,444.123565,-10112.460574
13756.053306,0.0,370.102971,-10265.679673
13756.053623,0.0,148.041188,-10189.070123
13756.053941,0.0,74.020594,-10189.070123
13756.054259,-222.061783,296.082377,-10189.070123
13756.054577,0.0,296.082377,-10342.289223
13756.054895,0.0,370.102971,-10112.460574
13756.055212,0.0,296.082377,-11338.21337
13756.05553,0.0,222.061783,-10342.289223
13756.055848,-444.123565,148.041188,-10495.508323
13756.056166,-222.061783,0.0,-10418.898773
13756.056483,-296.082377,-296.082377,-9882.631924
13756.056801,-370.102971,-370.102971,-10265.679673
13756.057119,-296.082377,0.0,-10342.289223
13756.057437,-518.144159,0.0,-10342.289223
13756.057754,-148.041188,222.061783,-10189.070123
13756.058072,222.061783,-222.061783,-10495.508323
13756.05839,0.0,0.0,-10572.117872
13756.058708,-370.102971,0.0,-10189.070123
13756.059025,-370.102971,0.0,-10189.070123
13756.059343,-592.164754,74.020594,-10035.851024
13756.059661,-888.24713,0.0,-10725.336972
13756.059979,-444.123565,0.0,-9959.241474
13756.060296,-296.082377,444.123565,-10035.851024
13756.060614,0.0,666.185348,-9882.631924
13756.060932,-74.020594,1036.288319,-11031.775171
13756.06125,0.0,740.205942,-10342.289223
13756.061567,0.0,444.123565,-10112.460574
13756.061885,148.041188,296.082377,-10418.898773
13756.062203,0.0,296.082377,-10189.070123
13756.062521,-222.061783,0.0,-10495.508323
13756.062839,-296.082377,0.0,-10265.679673
13756.063156,0.0,0.0,-9882.631924
13756.063474,0.0,-222.061783,-9806.022374
13756.063792,0.0,-222.061783,-9652.803275
13756.06411,0.0,0.0,-9959.241474
13756.064427,-148.041188,148.041188,-10265.679673
13756.064745,-518.144159,0.0,-10495.508323
13756.065063,-740.205942,0.0,-10265.679673
13756.065381,-444.123565,-370.102971,-10572.117872
13756.065698,-592.164754,0.0,-10342.289223
13756.066016,-296.082377,296.082377,-10265.679673
13756.066334,-222.061783,592.164754,-10725.336972
13756.066652,-888.24713,666.185348,-10801.946522
13756.066969,0.0,518.144159,-10648.727422
13756.067287,-444.123565,444.123565,-10648.727422
13756.067605,-444.123565,222.061783,-10495.508323
13756.067923,-444.123565,222.061783,-10495.508323
13756.06824,-370.102971,0.0,-10189.070123
13756.068558,0.0,0.0,-9882.631924
13756.068876,-370.102971,0.0,-10035.851024
13756.069194,0.0,74.020594,-9806.022374
13756.069511,444.123565,-370.102971,-9806.022374
13756.069829,74.020594,74.020594,-9806.022374
13756.070147,0.0,148.041188,-9882.631924
13756.070465,148.041188,0.0,-10035.851024
13756.070783,0.0,518.144159,-9576.193725
13756.0711,-222.061783,148.041188,-10189.070123
13756.071418,-296.082377,0.0,-10189.070123
13756.071736,0.0,0.0,-10342.289223
13756.072054,-222.061783,222.061783,-10265.679673
13756.072371,222.061783,296.082377,-10878.556072
13756.072689,0.0,296.082377,-10342.289223
13756.073007,0.0,444.123565,-10418.898773
13756.073325,-296.082377,296.082377,-10418.898773
13756.073642,222.061783,0.0,-10189.070123
13756.07396,-666.185348,0.0,-10572.117872
13756.074278,-296.082377,-296.082377,-10572.117872
13756.074596,-444.123565,-148.041188,-10418.898773
13756.074913,-370.102971,296.082377,-10495.508323
13756.075231,0.0,74.020594,-10878.556072
13756.075549,-222.061783,0.0,-10342.289223
13756.075867,-148.041188,148.041188,-10342.289223
13756.076184,-222.061783,74.020594,-10189.070123
13756.076502,-148.041188,0.0,-11031.775171
13756.07682,-740.205942,0.0,-9882.631924
13756.077138,-370.102971,0.0,-10035.851024
13756.077455,-444.123565,74.020594,-9806.022374
13756.077773,-518.144159,74.020594,-9882.631924
13756.078091,0.0,222.061783,-9806.022374
13756.078409,74.020594,370.102971,-9959.241474
13756.078727,0.0,740.205942,-9882.631924
13756.079044,0.0,814.226536,-10189.070123
13756.079362,1036.288319,296.082377,-10265.679673
13756.07968,74.020594,222.061783,-10265.679673
13756.079998,-370.102971,296.082377,-10418.898773
13756.080315,-296.082377,148.041188,-10265.679673
13756.080633,-74.020594,74.020594,-10035.851024
13756.080951,74.020594,222.061783,-10342.289223
13756.081269,148.041188,74.020594,-10112.460574
13756.081586,148.041188,74.020594,-10189.070123
13756.081904,-148.041188,-222.061783,-10342.289223
13756.082222,-74.020594,-296.082377,-10112.460574
13756.08254,-740.205942,-592.164754,-10342.289223
13756.082857,-592.164754,-296.082377,-10265.679673
13756.083175,-370.102971,0.0,-10189.070123
13756.083493,-296.082377,74.020594,-10342.289223
13756.083811,0.0,296.082377,-10265.679673
13756.084128,0.0,592.164754,-10112.460574
13756.084446,-370.102971,370.102971,-10801.946522
13756.084764,-370.102971,74.020594,-10418.898773
13756.085082,-148.041188,0.0,-10648.727422
13756.085399,-518.144159,74.020594,-10342.289223
13756.085717,-592.164754,74.020594,-10035.851024
13756.086035,-370.102971,222.061783,-9959.241474
13756.086353,-222.061783,296.082377,-9576.193725
13756.086671,-222.061783,222.061783,-10035.851024
13756.086988,296.082377,222.061783,-9806.022374
13756.087306,-148.041188,444.123565,-9806.022374
13756.087624,0.0,222.061783,-9959.241474
13756.087942,370.102971,-592.164754,-9346.365076
13756.088259,0.0,0.0,-10035.851024
13756.088577,0.0,0.0,-10189.070123
13756.088895,0.0,-222.061783,-10189.070123
13756.089213,-296.082377,0.0,-9346.365076
13756.08953,0.0,296.082377,-10035.851024
13756.089848,-222.061783,296.082377,-10035.851024
13756.090166,0.0,370.102971,-10725.336972
13756.090484,0.0,222.061783,-10265.679673
13756.090801,-296.082377,222.061783,-10342.289223
13756.091119,-444.123565,74.020594,-10878.556072
13756.091437,-444.123565,74.020594,-10572.117872
13756.091755,-370.102971,74.020594,-10495.508323
13756.092072,-296.082377,296.082377,-10265.679673
13756.09239,-222.061783,592.164754,-10418.898773
13756.092708,0.0,296.082377,-10495.508323
13756.093026,-148.041188,148.041188,-10495.508323
13756.093344,-296.082377,74.020594,-10418.898773
13756.093661,0.0,-222.061783,-10189.070123
13756.093979,-518.144159,-222.061783,-9959.241474
13756.094297,-592.164754,-370.102971,-10112.460574
13756.094615,-592.164754,-296.082377,-9806.022374
13756.094933,-370.102971,0.0,-9652.803275
13756.09525,0.0,370.102971,-9882.631924
13756.095568,0.0,370.102971,-9882.631924
13756.095886,74.020594,592.164754,-10112.460574
13756.096204,74.020594,666.185348,-10418.898773
13756.096522,0.0,1036.288319,-11184.994271
13756.096839,-222.061783,370.102971,-10495.508323
13756.097157,-148.041188,296.082377,-10418.898773
13756.097475,0.0,148.041188,-10265.679673
13756.097793,0.0,74.020594,-10342.289223
13756.09811,0.0,296.082377,-9882.631924
13756.098428,74.020594,148.041188,-10189.070123
13756.098746,-148.041188,0.0,-10265.679673
13756.099064,-148.041188,0.0,-10418.898773
13756.099382,-222.061783,148.041188,-10189.070123
13756.099699,-296.082377,-666.185348,-10112.460574
13756.100017,-518.144159,-296.082377,-10495.508323
13756.100335,-222.061783,-370.102971,-10418.898773
13756.100653,-370.102971,0.0,-10189.070123
13756.100971,370.102971,148.041188,-10572.117872
13756.101288,-148.041188,148.041188,-10112.460574
13756.101606,-444.123565,296.082377,-10189.070123
13756.101924,-370.102971,296.082377,-10418.898773
13756.102242,-444.123565,296.082377,-10265.679673
13756.10256,-296.082377,296.082377,-10189.070123
13756.102877,-518.144159,148.041188,-10418.898773
13756.103195,-518.144159,222.061783,-10112.460574
13756.103513,-370.102971,296.082377,-10035.851024
13756.103831,-370.102971,370.102971,-9652.803275
13756.104149,0.0,518.144159,-9806.022374
13756.104466,0.0,370.102971,-10112.460574
13756.104784,222.061783,444.123565,-10265.679673
13756.105102,0.0,222.061783,-10035.851024
13756.10542,296.082377,0.0,-10035.851024
13756.105738,-222.061783,0.0,-10035.851024
13756.106055,-148.041188,0.0,-9959.241474
13756.106373,0.0,0.0,-9959.241474
13756.106691,0.0,148.041188,-10189.070123
13756.107009,0.0,0.0,-10035.851024
13756.107327,222.061783,-222.061783,-10189.070123
13756.107644,0.0,74.020594,-10112.460574
13756.107962,-444.123565,148.041188,-10342.289223
13756.10828,-296.082377,222.061783,-10418.898773
13756.108598,-518.144159,-148.041188,-10495.508323
13756.108916,-592.164754,148.041188,-10495.508323
13756.109233,-296.082377,296.082377,-10725.336972
13756.109551,0.0,592.164754,-10265.679673
13756.109869,0.0,518.144159,-10648.727422
13756.110187,-148.041188,444.123565,-10495.508323
13756.110504,-148.041188,444.123565,-10572.117872
13756.110822,-296.082377,0.0,-10342.289223
13756.11114,-740.205942,0.0,-10648.727422
13756.111458,-518.144159,0.0,-10112.460574
13756.111776,-666.185348,-296.082377,-9959.241474
13756.112093,-444.123565,-222.061783,-9882.631924
13756.112411,-222.061783,0.0,-9806.022374
13756.112729,0.0,74.020594,-9652.803275
13756.113047,-148.041188,370.102971,-10189.070123
13756.113365,0.0,370.102971,-9959.241474
13756.113682,0.0,296.082377,-10189.070123
13756.114,0.0,148.041188,-10189.070123
13756.114318,0.0,370.102971,-10418.898773
13756.114636,-296.082377,370.102971,-10572.117872
13756.114954,0.0,296.082377,-10418.898773
13756.115271,-296.082377,296.082377,-10265.679673
13756.115589,296.082377,148.041188,-10418.898773
13756.115907,74.020594,296.082377,-10189.070123
13756.116225,0.0,296.082377,-10265.679673
13756.116543,0.0,74.020594,-10189.070123
13756.11686,-518.144159,0.0,-10189.070123
13756.117178,-444.123565,-222.061783,-10572.117872
13756.117496,-666.185348,-370.102971,-10265.679673
13756.117814,-296.082377,-370.102971,-10572.117872
13756.118132,-222.061783,0.0,-10189.070123
13756.118449,74.020594,296.082377,-11184.994271
13756.118767,-296.082377,444.123565,-10265.679673
13756.119085,-222.061783,148.041188,-10418.898773
13756.119403,-370.102971,222.061783,-10342.289223
13756.119721,-592.164754,0.0,-10342.289223
13756.120038,-592.164754,0.0,-10035.851024
13756.120356,-740.205942,296.082377,-10342.289223
13756.120674,-370.102971,222.061783,-10418.898773
13756.120992,-370.102971,296.082377,-9806.022374
13756.12131,0.0,592.164754,-9959.241474
13756.121627,0.0,518.144159,-10112.460574
13756.121945,0.0,370.102971,-10265.679673
13756.122263,148.041188,296.082377,-10189.070123
13756.122581,74.020594,222.061783,-10035.851024
13756.122899,0.0,222.061783,-10265.679673
13756.123216,0.0,74.020594,-10495.508323
13756.123534,0.0,0.0,-10418.898773
13756.123852,0.0,-222.061783,-10189.070123
13756.12417,148.041188,148.041188,-10035.851024
13756.124487,0.0,74.020594,-10189.070123
13756.124805,-148.041188,0.0,-10265.679673
13756.125123,0.0,0.0,-10265.679673
13756.125441,-296.082377,0.0,-10342.289223
13756.125759,-518.144159,-370.102971,-10572.117872
13756.126076,-592.164754,-222.061783,-10342.289223
13756.126394,-518.144159,0.0,-10495.508323
13756.126712,-666.185348,296.082377,-10572.117872
13756.12703,-296.082377,296.082377,-10035.851024
13756.127348,-296.082377,592.164754,-10572.117872
13756.127665,-296.082377,740.205942,-10725.336972
13756.127983,-222.061783,444.123565,-10495.508323
13756.128301,-370.102971,222.061783,-10572.117872
13756.128619,-518.144159,74.020594,-10342.289223
13756.128937,-370.102971,0.0,-10265.679673
13756.129254,-666.185348,0.0,-9959.241474
13756.129572,-370.102971,0.0,-9882.631924
13756.12989,0.0,0.0,-9806.022374
13756.130208,222.061783,74.020594,-9806.022374
13756.130526,148.041188,148.041188,-9806.022374
13756.130843,0.0,296.082377,-9729.412825
13756.131161,0.0,0.0,-9882.631924
13756.131479,148.041188,0.0,-9729.412825
13756.131797,-222.061783,74.020594,-10112.460574
13756.132115,-222.061783,0.0,-10495.508323
13756.132432,-222.061783,222.061783,-10189.070123
13756.13275,-222.061783,0.0,-10189.070123
13756.133068,0.0,370.102971,-10112.460574
13756.133386,148.041188,592.164754,-10418.898773
13756.133704,148.041188,370.102971,-10418.898773
13756.134021,0.0,296.082377,-10342.289223
13756.134339,-222.061783,74.020594,-10342.289223
13756.134657,-592.164754,-148.041188,-10648.727422
13756.134975,-518.144159,-296.082377,-10801.946522
13756.135293,-444.123565,0.0,-10418.898773
13756.13561,-444.123565,296.082377,-9652.803275
13756.135928,0.0,370.102971,-10112.460574
13756.136246,0.0,222.061783,-10112.460574
13756.136564,-222.061783,74.020594,-10418.898773
13756.136882,-296.082377,0.0,-10495.508323
13756.137199,-370.102971,-518.144159,-10112.460574
13756.137517,-740.205942,0.0,-9882.631924
13756.137835,-740.205942,-222.061783,-10112.460574
13756.138153,-592.164754,148.041188,-10112.460574
13756.13847,-296.082377,296.082377,-9806.022374
13756.138788,0.0,592.164754,-10035.851024
13756.139106,0.0,666.185348,-10189.070123
13756.139424,148.041188,370.102971,-9959.241474
13756.139742,-148.041188,518.144159,-10265.679673
13756.140059,296.082377,222.061783,-10035.851024
13756.140377,0.0,222.061783,-10342.289223
13756.140695,-296.082377,222.061783,-10035.851024
13756.141013,74.020594,74.020594,-10418.898773
13756.141331,0.0,74.020594,-10189.070123
13756.141648,74.020594,-148.041188,-9959.241474
13756.141966,0.0,74.020594,-10035.851024
13756.142284,74.020594,0.0,-10265.679673
13756.142602,0.0,0.0,-10189.070123
13756.14292,74.020594,-740.205942,-10342.289223
13756.143237,-444.123565,-444.123565,-10342.289223
13756.143555,-444.123565,-296.082377,-10035.851024
13756.143873,-740.205942,0.0,-10112.460574
13756.144191,-296.082377,148.041188,-10265.679673
13756.144509,-222.061783,518.144159,-10418.898773
13756.144826,0.0,518.144159,-10418.898773
13756.145144,-222.061783,444.123565,-10725.336972
13756.145462,-370.102971,666.185348,-10418.898773
13756.14578,-296.082377,666.185348,-10189.070123
13756.146098,-518.144159,296.082377,-10342.289223
13756.146415,-740.205942,222.061783,-10189.070123
13756.146733,-444.123565,-148.041188,-10112.460574
13756.147051,-296.082377,74.020594,-10035.851024
13756.147369,-222.061783,0.0,-9882.631924
13756.147687,74.020594,74.020594,-9882.631924
13756.148004,148.041188,148.041188,-9959.241474
13756.148322,74.020594,444.123565,-10035.851024
13756.14864,444.123565,74.020594,-9116.536426
13756.148958,0.0,0.0,-10189.070123
13756.149276,-148.041188,0.0,-10112.460574
13756.149593,-148.041188,0.0,-10189.070123
13756.149911,0.0,0.0,-10189.070123
13756.150229,-296.082377,0.0,-10572.117872
13756.150547,0.0,222.061783,-10189.070123
13756.150864,-148.041188,222.061783,-10342.289223
13756.151182,0.0,444.123565,-10418.898773
13756.1515,74.020594,148.041188,-9576.193725
13756.151818,-296.082377,0.0,-10572.117872
13756.152136,-740.205942,148.041188,-10495.508323
13756.152453,-592.164754,0.0,-10418.898773
13756.152771,-296.082377,0.0,-10342.289223
13756.153089,-222.061783,74.020594,-10342.289223
13756.153407,-148.041188,370.102971,-10342.289223
13756.153725,-518.144159,148.041188,-10418.898773
13756.154042,-370.102971,0.0,-10342.289223
13756.15436,-148.041188,0.0,-10725.336972
13756.154678,-370.102971,0.0,-10189.070123
13756.154996,-592.164754,-222.061783,-9959.241474
13756.155314,-296.082377,-296.082377,-9806.022374
13756.155631,-518.144159,0.0,-9806.022374
13756.155949,-148.041188,0.0,-9346.365076
13756.156267,-296.082377,296.082377,-9806.022374
13756.156585,0.0,296.082377,-10112.460574
13756.156903,0.0,444.123565,-10265.679673
13756.15722,-148.041188,444.123565,-10112.460574
13756.157538,0.0,592.164754,-10572.117872
13756.157856,-148.041188,370.102971,-10265.679673
13756.158174,0.0,148.041188,-10418.898773
13756.158492,0.0,74.020594,-10495.508323
13756.158809,-296.082377,592.164754,-9806.022374
13756.159127,0.0,296.082377,-10189.070123
13756.159445,74.020594,148.041188,-10342.289223
13756.159763,0.0,-148.041188,-10418.898773
13756.160081,-370.102971,-148.041188,-10035.851024
13756.160398,-518.144159,-148.041188,-10342.289223
13756.160716,-444.123565,-518.144159,-10418.898773
13756.161034,-444.123565,-444.123565,-10265.679673
13756.161352,-518.144159,148.041188,-10418.898773
13756.16167,-296.082377,148.041188,-10035.851024
13756.161987,0.0,222.061783,-10418.898773
13756.162305,0.0,444.123565,-10495.508323
13756.162623,0.0,222.061783,-10572.117872
13756.162941,-444.123565,370.102971,-10189.070123
13756.163259,-518.144159,296.082377,-10189.070123
13756.163576,-444.123565,370.102971,-10418.898773
13756.163894,-592.164754,74.020594,-10265.679673
13756.164212,-444.123565,296.082377,-9959.241474
13756.16453,296.082377,296.082377,-9959.241474
13756.164847,0.0,296.082377,-9959.241474
13756.165165,0.0,444.123565,-9959.241474
13756.165483,148.041188,370.102971,-9959.241474
13756.165801,0.0,296.082377,-9882.631924
13756.166119,0.0,-148.041188,-10189.070123
13756.166436,0.0,0.0,-10265.679673
13756.166754,0.0,0.0,-10189.070123
13756.167072,0.0,0.0,-10265.679673
13756.16739,74.020594,-444.123565,-9652.803275
13756.167708,74.020594,0.0,-10112.460574
13756.168025,0.0,0.0,-10112.460574
13756.168343,0.0,222.061783,-9959.241474
13756.168661,-222.061783,0.0,-10342.289223
13756.168979,-592.164754,-148.041188,-10112.460574
13756.169297,-222.061783,0.0,-10189.070123
13756.169614,-444.123565,0.0,-10265.679673
13756.169932,-370.102971,0.0,-10265.679673
13756.17025,-370.102971,0.0,-10495.508323
13756.170568,0.0,518.144159,-10648.727422
13756.170886,0.0,444.123565,-10801.946522
13756.171203,-222.061783,296.082377,-10342.289223
13756.171521,-222.061783,74.020594,-10418.898773
13756.171839,0.0,0.0,-10418.898773
13756.172157,-370.102971,0.0,-10189.070123
13756.172475,-592.164754,-148.041188,-10112.460574
13756.172792,-444.123565,-148.041188,-9959.241474
13756.17311,-666.185348,-370.102971,-9806.022374
13756.173428,0.0,74.020594,-9806.022374
13756.173746,0.0,148.041188,-9729.412825
13756.174064,0.0,296.082377,-10112.460574
13756.174381,0.0,592.164754,-10265.679673
13756.174699,0.0,444.123565,-10342.289223
13756.175017,-222.061783,444.123565,-10342.289223
13756.175335,-148.041188,444.123565,-10342.289223
13756.175653,0.0,222.061783,-10342.289223
13756.17597,-148.041188,0.0,-10189.070123
13756.176288,-222.061783,296.082377,-10495.508323
13756.176606,0.0,370.102971,-10342.289223
13756.176924,0.0,222.061783,-10342.289223
13756.177242,0.0,148.041188,-9959.241474
13756.177559,-148.041188,74.020594,-10495.508323
13756.177877,-370.102971,-148.041188,-10495.508323
13756.178195,-444.123565,-296.082377,-10418.898773
13756.178513,-444.123565,-370.102971,-10342.289223
13756.17883,-518.144159,-666.185348,-10112.460574
13756.179148,-370.102971,74.020594,-10342.289223
13756.179466,0.0,148.041188,-10342.289223
13756.179784,-296.082377,222.061783,-10418.898773
13756.180102,-296.082377,148.041188,-10265.679673
13756.180419,-444.123565,444.123565,-10495.508323
13756.180737,-592.164754,0.0,-10265.679673
13756.181055,-592.164754,0.0,-10265.679673
13756.181373,-370.102971,296.082377,-10342.289223
13756.181691,-444.123565,888.24713,-10955.165621
13756.182008,-444.123565,518.144159,-9959.241474
13756.182326,0.0,592.164754,-10112.460574
13756.182644,148.041188,296.082377,-9959.241474
13756.182962,222.061783,592.164754,-10112.460574
13756.18328,0.0,148.041188,-10265.679673
13756.183597,0.0,370.102971,-10189.070123
13756.183915,0.0,0.0,-10189.070123
13756.184233,-296.082377,0.0,-10189.070123
13756.184551,-222.061783,0.0,-10189.070123
13756.184869,-148.041188,-296.082377,-9959.241474
13756.185186,0.0,0.0,-10112.460574
13756.185504,0.0,0.0,-9882.631924
13756.185822,0.0,0.0,-10112.460574
13756.18614,-370.102971,296.082377,-10418.898773
13756.186458,-444.123565,0.0,-10495.508323
13756.186775,-592.164754,-296.082377,-10495.508323
13756.187093,-740.205942,0.0,-10495.508323
13756.187411,-518.144159,444.123565,-10265.679673
13756.187729,-444.123565,592.164754,-10495.508323
13756.188047,0.0,666.185348,-10648.727422
13756.188364,-222.061783,666.185348,-10648.727422
13756.188682,-222.061783,444.123565,-10572.117872
13756.189,-518.144159,444.123565,-10878.556072
13756.189318,-814.226536,0.0,-10265.679673
13756.189636,-518.144159,0.0,-10342.289223
13756.189953,-592.164754,-296.082377,-10112.460574
13756.190271,-296.082377,74.020594,-9806.022374
13756.190589,-296.082377,0.0,-9806.022374
13756.190907,0.0,0.0,-9806.022374
13756.191225,0.0,148.041188,-9882.631924
13756.191542,74.020594,148.041188,-10112.460574
13756.19186,74.020594,444.123565,-10189.070123
13756.192178,0.0,222.061783,-10265.679673
13756.192496,0.0,148.041188,-10342.289223
13756.192814,0.0,0.0,-10495.508323
13756.193131,-222.061783,0.0,-9882.631924
13756.193449,0.0,222.061783,-10035.851024
13756.193767,0.0,296.082377,-10112.460574
13756.194085,0.0,444.123565,-10648.727422
13756.194403,0.0,518.144159,-10189.070123
13756.19472,0.0,740.205942,-10495.508323
13756.195038,-370.102971,74.020594,-10342.289223
13756.195356,-370.102971,-296.082377,-10648.727422
13756.195674,-370.102971,-518.144159,-10265.679673
13756.195992,-666.185348,-222.061783,-10265.679673
13756.19631,-518.144159,0.0,-10342.289223
13756.196627,0.0,0.0,-10265.679673
13756.196945,0.0,222.061783,-10265.679673
13756.197263,0.0,0.0,-10342.289223
13756.197581,-148.041188,74.020594,-9576.193725
13756.197899,-444.123565,-148.041188,-10265.679673
13756.198216,-518.144159,-296.082377,-10112.460574
13756.198534,-740.205942,0.0,-10112.460574
13756.198852,-444.123565,296.082377,-9959.241474
13756.19917,0.0,0.0,-9729.412825
13756.199488,0.0,444.123565,-10112.460574
13756.199805,0.0,518.144159,-9959.241474
13756.200123,148.041188,592.164754,-9959.241474
13756.200441,0.0,888.24713,-9729.412825
13756.200759,148.041188,370.102971,-10035.851024
13756.201077,0.0,222.061783,-10342.289223
13756.201395,-370.102971,148.041188,-10648.727422
13756.201712,-370.102971,148.041188,-10265.679673
13756.20203,-444.123565,0.0,-9499.584175
13756.202348,0.0,0.0,-10035.851024
13756.202666,148.041188,0.0,-10112.460574
13756.202984,0.0,0.0,-10035.851024
13756.203301,74.020594,0.0,-10265.679673
13756.203619,-148.041188,0.0,-10418.898773
13756.203937,-518.144159,-370.102971,-10572.117872
13756.204255,-444.123565,-518.144159,-10342.289223
13756.204573,-666.185348,0.0,-10265.679673
13756.204891,-518.144159,148.041188,-10189.070123
13756.205208,-222.061783,296.082377,-10418.898773
13756.205526,0.0,592.164754,-10878.556072
13756.205844,-296.082377,518.144159,-10725.336972
13756.206162,-370.102971,518.144159,-10572.117872
13756.20648,148.041188,222.061783,-10801.946522
13756.206797,-296.082377,148.041188,-10342.289223
13756.207115,-814.226536,148.041188,-10189.070123
13756.207433,-666.185348,148.041188,-9959.241474
13756.207751,0.0,0.0,-10035.851024
13756.208069,-296.082377,148.041188,-10189.070123
13756.208386,-148.041188,148.041188,-9806.022374
13756.208704,148.041188,0.0,-9806.022374
13756.209022,74.020594,74.020594,-9806.022374
13756.20934,148.041188,148.041188,-10189.070123
13756.209658,0.0,0.0,-10035.851024
13756.209976,0.0,0.0,-10112.460574
13756.210293,-148.041188,148.041188,-10112.460574
13756.210611,0.0,0.0,-10189.070123
13756.210929,-148.041188,0.0,-10418.898773
13756.211247,-148.041188,296.082377,-10189.070123
13756.211565,0.0,370.102971,-10342.289223
13756.211882,74.020594,222.061783,-10189.070123
13756.2122,-222.061783,296.082377,-10342.289223
13756.212518,-444.123565,222.061783,-10878.556072
13756.212836,-444.123565,0.0,-10418.898773
13756.213154,-666.185348,0.0,-10342.289223
13756.213471,-444.123565,148.041188,-10418.898773
13756.213789,-296.082377,148.041188,-10112.460574
13756.214107,0.0,74.020594,-10495.508323
13756.214425,0.0,74.020594,-10189.070123
13756.214743,-148.041188,0.0,-10189.070123
13756.215061,-296.082377,-148.041188,-10418.898773
13756.215378,-592.164754,0.0,-10495.508323
13756.215696,-666.185348,0.0,-10035.851024
13756.216014,-518.144159,-296.082377,-9959.241474
13756.216332,-296.082377,0.0,-10112.460574
13756.21665,-222.061783,222.061783,-9806.022374
13756.216967,0.0,814.226536,-9729.412825
13756.217285,-148.041188,518.144159,-9882.631924
13756.217603,74.020594,592.164754,-10112.460574
13756.217921,0.0,666.185348,-10035.851024
13756.218239,-148.041188,518.144159,-10418.898773
13756.218557,148.041188,222.061783,-10189.070123
13756.218874,0.0,148.041188,-10342.289223
13756.219192,0.0,148.041188,-10418.898773
13756.21951,0.0,74.020594,-10265.679673
13756.219828,0.0,148.041188,-10189.070123
13756.220146,0.0,296.082377,-9346.365076
13756.220463,148.041188,74.020594,-10112.460574
13756.220781,0.0,0.0,-10342.289223
13756.221099,-296.082377,-370.102971,-10495.508323
13756.221417,-444.123565,-370.102971,-10189.070123
13756.221735,74.020594,-296.082377,-10189.070123
13756.222052,-518.144159,-296.082377,-10342.289223
13756.22237,-444.123565,74.020594,-10418.898773
13756.222688,0.0,370.102971,-10418.898773
13756.223006,-296.082377,592.164754,-10265.679673
13756.223324,-296.082377,296.082377,-10572.117872
13756.223642,-592.164754,518.144159,-10418.898773
13756.223959,-518.144159,296.082377,-10342.289223
13756.224277,-592.164754,222.061783,-10342.289223
13756.224595,-518.144159,666.185348,-10189.070123
13756.224913,-370.102971,444.123565,-10265.679673
13756.225231,-296.082377,74.020594,-10035.851024
13756.225548,0.0,74.020594,-9882.631924
13756.225866,0.0,148.041188,-9729.412825
13756.226184,74.020594,0.0,-9806.022374
13756.226502,148.041188,370.102971,-9882.631924
13756.22682,0.0,0.0,-10189.070123
13756.227137,222.061783,0.0,-10035.851024
13756.227455,0.0,148.041188,-10801.946522
13756.227773,0.0,-296.082377,-10265.679673
13756.228091,0.0,0.0,-10112.460574
13756.228409,0.0,0.0,-9959.241474
13756.228727,0.0,74.020594,-9346.365076
13756.229044,-222.061783,74.020594,-10418.898773
13756.229362,-222.061783,370.102971,-10342.289223
13756.22968,-444.123565,296.082377,-10648.727422
13756.229998,-148.041188,0.0,-10265.679673
13756.230316,74.020594,444.123565,-10725.336972
13756.230633,-592.164754,74.020594,-10725.336972
13756.230951,-370.102971,0.0,-10801.946522
13756.231269,-370.102971,296.082377,-10418.898773
13756.231587,-148.041188,370.102971,-10572.117872
13756.231905,-148.041188,74.020594,-10342.289223
13756.232223,-148.041188,222.061783,-10572.117872
13756.23254,-296.082377,0.0,-10418.898773
13756.232858,-370.102971,0.0,-9882.631924
13756.233176,-740.205942,74.020594,-9652.803275
13756.233494,-592.164754,0.0,-10035.851024
13756.233812,-518.144159,0.0,-9806.022374
13756.234129,-370.102971,0.0,-9882.631924
13756.234447,-148.041188,222.061783,-9882.631924
13756.234765,0.0,222.061783,-10112.460574
13756.235083,0.0,222.061783,-9806.022374
13756.235401,0.0,370.102971,-10342.289223
13756.235718,0.0,518.144159,-10189.070123
13756.236036,0.0,518.144159,-11261.603821
13756.236354,-222.061783,666.185348,-10572.117872
13756.236672,0.0,222.061783,-10112.460574
13756.23699,0.0,148.041188,-10342.289223
13756.237308,0.0,370.102971,-10189.070123
13756.237625,74.020594,148.041188,-9806.022374
13756.237943,222.061783,74.020594,-10189.070123
13756.238261,-296.082377,74.020594,-10418.898773
13756.238579,-296.082377,0.0,-10342.289223
13756.238897,-74.020594,-518.144159,-9499.584175
13756.239214,-518.144159,-592.164754,-10265.679673
13756.239532,0.0,-296.082377,-10035.851024
13756.23985,-444.123565,0.0,-10189.070123
13756.240168,-148.041188,444.123565,-10572.117872
13756.240486,-370.102971,296.082377,-10418.898773
13756.240803,-296.082377,222.061783,-10572.117872
13756.241121,-296.082377,148.041188,-10342.289223
13756.241439,-666.185348,148.041188,-9959.241474
13756.241757,-592.164754,370.102971,-9729.412825
13756.242075,-444.123565,222.061783,-10035.851024
13756.242393,-222.061783,296.082377,-10189.070123
13756.24271,-296.082377,518.144159,-10035.851024
13756.243028,-148.041188,222.061783,-10189.070123
13756.243346,222.061783,518.144159,-10342.289223
13756.243664,0.0,444.123565,-10189.070123
13756.243982,0.0,444.123565,-10189.070123
13756.244299,0.0,0.0,-10265.679673
13756.244617,148.041188,518.144159,-10035.851024
13756.244935,0.0,0.0,-10189.070123
13756.245253,0.0,0.0,-10189.070123
13756.245571,0.0,0.0,-10189.070123
13756.245889,-148.041188,0.0,-10035.851024
13756.246206,0.0,0.0,-10035.851024
13756.246524,0.0,0.0,-10342.289223
13756.246842,-222.061783,148.041188,-10342.289223
13756.24716,-444.123565,0.0,-10189.070123
13756.247478,-222.061783,444.123565,-10725.336972
13756.247795,-444.123565,0.0,-10418.898773
13756.248113,-666.185348,148.041188,-10189.070123
13756.248431,-518.144159,518.144159,-10572.117872
13756.248749,-148.041188,518.144159,-10495.508323
13756.249067,74.020594,888.24713,-10801.946522
13756.249384,-296.082377,592.164754,-10495.508323
13756.249702,-296.082377,370.102971,-10418.898773
13756.25002,-296.082377,0.0,-10342.289223
13756.250338,-444.123565,0.0,-9882.631924
13756.250656,-592.164754,0.0,-9959.241474
13756.250974,-222.061783,0.0,-10035.851024
13756.251291,-296.082377,0.0,-9806.022374
13756.251609,0.0,0.0,-9959.241474
13756.251927,-444.123565,148.041188,-9652.803275
13756.252245,0.0,0.0,-9959.241474
13756.252563,0.0,222.061783,-10035.851024
13756.25288,0.0,370.102971,-10265.679673
13756.253198,-370.102971,296.082377,-9882.631924
13756.253516,0.0,222.061783,-10265.679673
13756.253834,-222.061783,370.102971,-10342.289223
13756.254152,-148.041188,296.082377,-10265.679673
13756.254469,-222.061783,296.082377,-10495.508323
13756.254787,148.041188,592.164754,-10418.898773
13756.255105,0.0,222.061783,-10418.898773
13756.255423,0.0,592.164754,-10265.679673
13756.255741,-222.061783,0.0,-10495.508323
13756.256059,-296.082377,0.0,-9806.022374
13756.256376,-370.102971,-370.102971,-10342.289223
13756.256694,-296.082377,-370.102971,-10418.898773
13756.257012,-370.102971,-222.061783,-10342.289223
13756.25733,-222.061783,0.0,-10418.898773
13756.257648,0.0,74.020594,-10878.556072
13756.257965,-148.041188,0.0,-10342.289223
13756.258283,-222.061783,74.020594,-10418.898773
13756.258601,-370.102971,0.0,-10418.898773
13756.258919,-666.185348,148.041188,-10342.289223
13756.259237,-592.164754,148.041188,-10265.679673
13756.259555,-518.144159,74.020594,-9806.022374
13756.259872,-370.102971,222.061783,-10112.460574
13756.26019,-370.102971,370.102971,-9882.631924
13756.260508,0.0,814.226536,-9729.412825
13756.260826,0.0,370.102971,-10035.851024
13756.261144,0.0,518.144159,-10035.851024
13756.261461,0.0,370.102971,-10112.460574
13756.261779,0.0,296.082377,-10189.070123
13756.262097,0.0,74.020594,-10418.898773
13756.262415,0.0,0.0,-10189.070123
13756.262733,0.0,0.0,-10265.679673
13756.26305,0.0,-222.061783,-9806.022374
13756.263368,-296.082377,0.0,-10189.070123
13756.263686,0.0,-296.082377,-10189.070123
13756.264004,-148.041188,-222.061783,-10189.070123
13756.264322,0.0,-222.061783,-10265.679673
13756.26464,-370.102971,0.0,-10418.898773
13756.264957,0.0,-518.144159,-10495.508323
13756.265275,-518.144159,-222.061783,-10418.898773
13756.265593,-370.102971,74.020594,-10648.727422
13756.265911,-592.164754,222.061783,-10801.946522
13756.266229,-444.123565,370.102971,-11414.82292
13756.266546,-222.061783,592.164754,-10725.336972
13756.266864,-222.061783,518.144159,-10648.727422
13756.267182,-222.061783,222.061783,-10342.289223
13756.2675,-592.164754,296.082377,-10265.679673
13756.267818,-296.082377,296.082377,-10112.460574
13756.268135,-518.144159,0.0,-10342.289223
13756.268453,-518.144159,74.020594,-9806.022374
13756.268771,-222.061783,0.0,-9806.022374
13756.269089,148.041188,0.0,-9729.412825
13756.269407,0.0,0.0,-9652.803275
13756.269725,0.0,148.041188,-9882.631924
13756.270042,0.0,148.041188,-9959.241474
13756.27036,0.0,74.020594,-10265.679673
13756.270678,148.041188,148.041188,-10112.460574
13756.270996,-148.041188,74.020594,-10112.460574
13756.271314,-222.061783,0.0,-10342.289223
13756.271631,-296.082377,74.020594,-10342.289223
13756.271949,0.0,222.061783,-9576.193725
13756.272267,0.0,148.041188,-10265.679673
13756.272585,0.0,296.082377,-10112.460574
13756.272903,0.0,370.102971,-10342.289223
13756.273221,-296.082377,296.082377,-10572.117872
13756.273538,-592.164754,0.0,-10878.556072
13756.273856,-444.123565,-296.082377,-10418.898773
13756.274174,-592.164754,-296.082377,-10572.117872
13756.274492,-518.144159,0.0,-10418.898773
13756.27481,0.0,518.144159,-10418.898773
13756.275127,0.0,0.0,-10572.117872
13756.275445,-148.041188,74.020594,-10495.508323
13756.275763,0.0,0.0,-10495.508323
13756.276081,-444.123565,-148.041188,-10342.289223
13756.276399,-666.185348,0.0,-9806.022374
13756.276716,-518.144159,0.0,-10112.460574
13756.277034,-592.164754,0.0,-10189.070123
13756.277352,-444.123565,0.0,-10112.460574
13756.27767,-444.123565,148.041188,-10112.460574
13756.277988,0.0,518.144159,-10035.851024
13756.278306,0.0,592.164754,-10035.851024
13756.278623,0.0,740.205942,-10189.070123
13756.278941,148.041188,444.123565,-10112.460574
13756.279259,0.0,370.102971,-10495.508323
13756.279577,0.0,222.061783,-10342.289223
13756.279895,0.0,222.061783,-10418.898773
13756.280212,0.0,0.0,-10265.679673
13756.28053,0.0,-370.102971,-9806.022374
13756.280848,0.0,0.0,-10112.460574
13756.281166,0.0,0.0,-10265.679673
13756.281484,-148.041188,0.0,-10035.851024
13756.281801,-296.082377,0.0,-10189.070123
13756.282119,-444.123565,0.0,-10265.679673
13756.282437,-518.144159,-518.144159,-10342.289223
13756.282755,-592.164754,0.0,-10265.679673
13756.283073,-444.123565,-222.061783,-10342.289223
13756.283391,-222.061783,444.123565,-9652.803275
13756.283708,-148.041188,592.164754,-10495.508323
13756.284026,-296.082377,666.185348,-10418.898773
13756.284344,-296.082377,444.123565,-10572.117872
13756.284662,-444.123565,370.102971,-10572.117872
13756.28498,-148.041188,148.041188,-10265.679673
13756.285297,-518.144159,222.061783,-10189.070123
13756.285615,-444.123565,296.082377,-10112.460574
13756.285933,-296.082377,148.041188,-9959.241474
13756.286251,-148.041188,0.0,-9806.022374
13756.286569,0.0,0.0,-9806.022374
13756.286887,0.0,148.041188,-9882.631924
13756.287204,222.061783,222.061783,-9806.022374
13756.287522,370.102971,148.041188,-10035.851024
13756.28784,444.123565,444.123565,-10418.898773
13756.288158,-148.041188,0.0,-10265.679673
13756.288476,-222.061783,-148.041188,-10112.460574
13756.288793,0.0,-370.102971,-10189.070123
13756.289111,-222.061783,0.0,-10112.460574
13756.289429,-148.041188,148.041188,-10112.460574
13756.289747,0.0,370.102971,-10189.070123
13756.290065,0.0,222.061783,-10342.289223
13756.290382,-222.061783,222.061783,-10342.289223
13756.2907,-518.144159,-222.061783,-10648.727422
13756.291018,-370.102971,0.0,-10572.117872
13756.291336,-666.185348,74.020594,-10495.508323
13756.291654,-518.144159,0.0,-10265.679673
13756.291972,-444.123565,0.0,-10112.460574
13756.292289,-370.102971,592.164754,-10189.070123
13756.292607,-148.041188,370.102971,-10495.508323
13756.292925,-296.082377,0.0,-10495.508323
13756.293243,-148.041188,0.0,-10112.460574
13756.293561,-518.144159,-296.082377,-10418.898773
13756.293878,-444.123565,0.0,-9959.241474
13756.294196,-740.205942,-222.061783,-10035.851024
13756.294514,-444.123565,-222.061783,-9806.022374
13756.294832,-370.102971,0.0,-9882.631924
13756.29515,0.0,74.020594,-9652.803275
13756.295468,74.020594,518.144159,-9882.631924
13756.295785,0.0,74.020594,-10035.851024
13756.296103,0.0,740.205942,-10189.070123
13756.296421,-148.041188,666.185348,-10189.070123
13756.296739,0.0,666.185348,-10648.727422
13756.297057,-222.061783,444.123565,-10801.946522
13756.297374,0.0,222.061783,-10265.679673
13756.297692,0.0,74.020594,-10342.289223
13756.29801,-592.164754,444.123565,-9806.022374
13756.298328,0.0,222.061783,-10035.851024
13756.298646,148.041188,222.061783,-10342.289223
13756.298964,74.020594,0.0,-10418.898773
13756.299281,-592.164754,148.041188,-9193.145976
13756.299599,-518.144159,-296.082377,-10418.898773
13756.299917,-296.082377,-444.123565,-10572.117872
13756.300235,-518.144159,-444.123565,-10189.070123
13756.300553,-518.144159,0.0,-10342.289223
13756.30087,0.0,74.020594,-10342.289223
13756.301188,-296.082377,370.102971,-10342.289223
13756.301506,-148.041188,296.082377,-10418.898773
13756.301824,-444.123565,518.144159,-10495.508323
13756.302142,-370.102971,296.082377,-9882.631924
13756.302459,-592.164754,296.082377,-10189.070123
13756.302777,-592.164754,222.061783,-10342.289223
13756.303095,-370.102971,148.041188,-10112.460574
13756.303413,-444.123565,222.061783,-10112.460574
13756.303731,-296.082377,518.144159,-9576.193725
13756.304049,74.020594,222.061783,-9959.241474
13756.304366,74.020594,296.082377,-10035.851024
13756.304684,222.061783,444.123565,-9959.241474
13756.305002,74.020594,222.061783,-10418.898773
13756.30532,0.0,0.0,-10418.898773
13756.305638,-148.041188,0.0,-10265.679673
13756.305955,-148.041188,0.0,-10189.070123
13756.306273,0.0,-222.061783,-10035.851024
13756.306591,518.144159,-370.102971,-10265.679673
13756.306909,0.0,0.0,-9882.631924
13756.307227,0.0,222.061783,-10265.679673
13756.307545,0.0,370.102971,-10342.289223
13756.307862,-518.144159,0.0,-9499.584175
13756.30818,-518.144159,-148.041188,-10495.508323
13756.308498,-370.102971,0.0,-10342.289223
13756.308816,-370.102971,148.041188,-10572.117872
13756.309134,-518.144159,518.144159,-10418.898773
13756.309451,-962.267725,666.185348,-10342.289223
13756.309769,-296.082377,666.185348,-10572.117872
13756.310087,-296.082377,444.123565,-10495.508323
13756.310405,-296.082377,296.082377,-10418.898773
13756.310723,-518.144159,74.020594,-9806.022374
13756.311041,-296.082377,0.0,-9882.631924
13756.311358,-370.102971,-222.061783,-10112.460574
13756.311676,-444.123565,0.0,-9959.241474
13756.311994,-222.061783,-148.041188,-9806.022374
13756.312312,0.0,222.061783,-10035.851024
13756.31263,0.0,444.123565,-10035.851024
13756.312947,-148.041188,296.082377,-9959.241474
13756.313265,0.0,444.123565,-10189.070123
13756.313583,0.0,222.061783,-10342.289223
13756.313901,148.041188,962.267725,-10035.851024
13756.314219,-222.061783,222.061783,-10342.289223
13756.314537,-444.123565,148.041188,-10418.898773
13756.314854,-222.061783,222.061783,-10418.898773
13756.315172,0.0,222.061783,-10342.289223
13756.31549,-148.041188,592.164754,-10189.070123
13756.315808,0.0,370.102971,-10265.679673
13756.316126,0.0,148.041188,-10265.679673
13756.316443,-222.061783,74.020594,-10189.070123
13756.316761,-370.102971,-370.102971,-10265.679673
13756.317079,-518.144159,-222.061783,-10265.679673
13756.317397,-444.123565,-222.061783,-10189.070123
13756.317715,0.0,0.0,-10418.898773
13756.318033,-296.082377,0.0,-9576.193725
13756.31835,0.0,-222.061783,-10648.727422
13756.318668,-296.082377,296.082377,-10265.679673
13756.318986,-444.123565,0.0,-10418.898773
13756.319304,-518.144159,0.0,-10342.289223
13756.319622,-888.24713,148.041188,-10495.508323
13756.319939,-444.123565,222.061783,-10265.679673
13756.320257,-592.164754,148.041188,-10418.898773
13756.320575,-518.144159,148.041188,-10035.851024
13756.320893,-148.041188,740.205942,-10495.508323
13756.321211,-222.061783,518.144159,-9959.241474
13756.321529,0.0,444.123565,-10342.289223
13756.321846,0.0,592.164754,-10112.460574
13756.322164,0.0,518.144159,-10265.679673
13756.322482,-444.123565,296.082377,-10112.460574
13756.3228,0.0,74.020594,-10342.289223
13756.323118,-148.041188,0.0,-10342.289223
13756.323435,0.0,0.0,-10112.460574
13756.323753,0.0,0.0,-9806.022374
13756.324071,0.0,-148.041188,-10035.851024
13756.324389,0.0,-148.041188,-10112.460574
13756.324707,74.020594,0.0,-10035.851024
13756.325025,0.0,0.0,-9959.241474
13756.325342,-148.041188,-222.061783,-10189.070123
13756.32566,-296.082377,0.0,-10342.289223
13756.325978,-444.123565,0.0,-10342.289223
13756.326296,-666.185348,74.020594,-10648.727422
13756.326614,0.0,-296.082377,-10418.898773
13756.326931,-148.041188,518.144159,-10725.336972
13756.327249,-370.102971,666.185348,-10801.946522
13756.327567,-296.082377,592.164754,-10878.556072
13756.327885,-296.082377,444.123565,-10572.117872
13756.328203,0.0,0.0,-10572.117872
13756.328521,-518.144159,0.0,-10112.460574
13756.328838,-444.123565,0.0,-10112.460574
13756.329156,-444.123565,0.0,-9806.022374
13756.329474,-888.24713,444.123565,-9346.365076
13756.329792,-148.041188,0.0,-9652.803275
13756.33011,0.0,148.041188,-9959.241474
13756.330427,148.041188,0.0,-9806.022374
13756.330745,0.0,296.082377,-9959.241474
13756.331063,0.0,222.061783,-10495.508323
13756.331381,0.0,74.020594,-10112.460574
13756.331699,0.0,222.061783,-10342.289223
13756.332017,-296.082377,74.020594,-10265.679673
13756.332334,-148.041188,518.144159,-9959.241474
13756.332652,-222.061783,74.020594,-10112.460574
13756.33297,0.0,296.082377,-10342.289223
13756.333288,-148.041188,222.061783,-10342.289223
13756.333606,74.020594,296.082377,-10418.898773
13756.333923,0.0,296.082377,-10418.898773
13756.334241,-296.082377,0.0,-10418.898773
13756.334559,-370.102971,-222.061783,-10495.508323
13756.334877,-592.164754,-148.041188,-10418.898773
13756.335195,-666.185348,0.0,-9882.631924
13756.335513,-370.102971,74.020594,-10342.289223
13756.33583,0.0,222.061783,-10418.898773
13756.336148,-148.041188,222.061783,-10495.508323
13756.336466,-296.082377,74.020594,-10342.289223
13756.336784,-370.102971,-222.061783,-10342.289223
13756.337102,-518.144159,-444.123565,-10035.851024
13756.337419,-592.164754,0.0,-10265.679673
13756.337737,-592.164754,0.0,-10035.851024
13756.338055,-444.123565,74.020594,-10572.117872
13756.338373,-148.041188,222.061783,-9959.241474
13756.338691,0.0,518.144159,-10112.460574
13756.339008,74.020594,592.164754,-10342.289223
13756.339326,74.020594,814.226536,-10725.336972
13756.339644,0.0,666.185348,-10265.679673
13756.339962,74.020594,222.061783,-10725.336972
13756.34028,-222.061783,222.061783,-10418.898773
13756.340598,0.0,74.020594,-10418.898773
13756.340915,518.144159,-666.185348,-10112.460574
13756.341233,0.0,0.0,-10112.460574
13756.341551,0.0,0.0,-10572.117872
13756.341869,222.061783,0.0,-10189.070123
13756.342187,0.0,0.0,-10112.460574
13756.342504,-296.082377,0.0,-10342.289223
13756.342822,-370.102971,-370.102971,-10189.070123
13756.34314,-518.144159,-518.144159,-10418.898773
13756.343458,-518.144159,-222.061783,-10418.898773
13756.343776,-518.144159,592.164754,-10265.679673
13756.344094,-370.102971,148.041188,-10418.898773
13756.344411,-148.041188,444.123565,-10495.508323
13756.344729,-222.061783,370.102971,-10418.898773
13756.345047,-296.082377,592.164754,-10418.898773
13756.345365,-592.164754,296.082377,-10572.117872
13756.345683,-592.164754,222.061783,-10342.289223
13756.346,-444.123565,74.020594,-10265.679673
13756.346318,-592.164754,0.0,-9882.631924
13756.346636,-222.061783,222.061783,-10035.851024
13756.346954,-148.041188,222.061783,-10112.460574
13756.347272,74.020594,74.020594,-9959.241474
13756.34759,0.0,0.0,-9882.631924
13756.347907,592.164754,0.0,-9806.022374
13756.348225,74.020594,0.0,-9882.631924
13756.348543,0.0,0.0,-10112.460574
13756.348861,0.0,74.020594,-10189.070123
13756.349179,-148.041188,0.0,-10342.289223
13756.349496,222.061783,-148.041188,-10418.898773
13756.349814,0.0,0.0,-9959.241474
13756.350132,0.0,148.041188,-10189.070123
13756.35045,0.0,370.102971,-10189.070123
13756.350768,-296.082377,370.102971,-10035.851024
13756.351086,-444.123565,0.0,-10418.898773
13756.351403,-592.164754,222.061783,-10418.898773
13756.351721,-444.123565,74.020594,-10648.727422
13756.352039,0.0,-148.041188,-10418.898773
13756.352357,-296.082377,296.082377,-10648.727422
13756.352675,-296.082377,222.061783,-10648.727422
13756.352992,-222.061783,370.102971,-10725.336972
13756.35331,-148.041188,222.061783,-10265.679673
13756.353628,0.0,370.102971,-9959.241474
13756.353946,-296.082377,74.020594,-10189.070123
13756.354264,-222.061783,-296.082377,-10189.070123
13756.354582,-296.082377,-222.061783,-9959.241474
13756.354899,-592.164754,0.0,-10035.851024
13756.355217,-740.205942,0.0,-9499.584175
13756.355535,-444.123565,0.0,-9806.022374
13756.355853,-222.061783,296.082377,-9882.631924
13756.356171,-148.041188,370.102971,-9959.241474
13756.356488,-74.020594,888.24713,-9806.022374
13756.356806,0.0,814.226536,-10189.070123
13756.357124,0.0,518.144159,-10342.289223
13756.357442,0.0,444.123565,-10418.898773
13756.35776,0.0,444.123565,-10495.508323
13756.358078,0.0,222.061783,-10648.727422
13756.358395,0.0,74.020594,-10189.070123
13756.358713,-148.041188,370.102971,-10342.289223
13756.359031,0.0,0.0,-10265.679673
13756.359349,74.020594,74.020594,-10801.946522
13756.359667,0.0,0.0,-10035.851024
13756.359984,-444.123565,0.0,-10035.851024
13756.360302,-370.102971,-296.082377,-10495.508323
13756.36062,-444.123565,-592.164754,-10342.289223
13756.360938,-148.041188,-592.164754,-10265.679673
13756.361256,-370.102971,-148.041188,-10418.898773
13756.361574,-370.102971,296.082377,-10418.898773
13756.361891,0.0,222.061783,-10112.460574
13756.362209,370.102971,0.0,-9806.022374
13756.362527,-296.082377,296.082377,-10495.508323
13756.362845,-518.144159,296.082377,-10495.508323
13756.363163,-592.164754,148.041188,-10265.679673
13756.36348,-814.226536,148.041188,-10112.460574
13756.363798,-370.102971,296.082377,-10342.289223
13756.364116,-370.102971,222.061783,-10189.070123
13756.364434,0.0,74.020594,-10112.460574
13756.364752,74.020594,296.082377,-9959.241474
13756.36507,296.082377,222.061783,-10189.070123
13756.365387,74.020594,296.082377,-10112.460574
13756.365705,0.0,148.041188,-10035.851024
13756.366023,148.041188,0.0,-10342.289223
13756.366341,0.0,0.0,-9806.022374
13756.366659,-370.102971,0.0,-10112.460574
13756.366976,0.0,-222.061783,-10342.289223
13756.367294,0.0,0.0,-10112.460574
13756.367612,0.0,74.020594,-10189.070123
13756.36793,222.061783,740.205942,-10725.336972
13756.368248,0.0,148.041188,-10265.679673
13756.368566,-370.102971,0.0,-10495.508323
13756.368883,-518.144159,74.020594,-10495.508323
13756.369201,-592.164754,0.0,-10418.898773
13756.369519,-740.205942,148.041188,-10265.679673
13756.369837,-444.123565,444.123565,-10495.508323
13756.370155,-370.102971,296.082377,-10648.727422
13756.370472,-296.082377,444.123565,-10418.898773
13756.37079,-370.102971,740.205942,-9882.631924
13756.371108,-444.123565,296.082377,-10495.508323
13756.371426,-444.123565,-296.082377,-10495.508323
13756.371744,-444.123565,0.0,-10189.070123
13756.372061,-518.144159,0.0,-10035.851024
13756.372379,-444.123565,-370.102971,-10035.851024
13756.372697,-148.041188,0.0,-10189.070123
13756.373015,-370.102971,0.0,-9882.631924
13756.373333,0.0,74.020594,-9729.412825
13756.373651,0.0,296.082377,-10265.679673
13756.373968,0.0,444.123565,-10035.851024
13756.374286,74.020594,370.102971,-10189.070123
13756.374604,0.0,222.061783,-10265.679673
13756.374922,-148.041188,666.185348,-10265.679673
13756.37524,-370.102971,518.144159,-10418.898773
13756.375557,-222.061783,296.082377,-10495.508323
13756.375875,-148.041188,222.061783,-10189.070123
13756.376193,0.0,296.082377,-10648.727422
13756.376511,0.0,74.020594,-10342.289223
13756.376829,74.020594,370.102971,-10495.508323
13756.377147,0.0,0.0,-10572.117872
13756.377464,-444.123565,-222.061783,-10342.289223
13756.377782,-370.102971,222.061783,-10572.117872
13756.3781,-518.144159,-444.123565,-10112.460574
13756.378418,-518.144159,-148.041188,-10418.898773
13756.378736,-370.102971,0.0,-10342.289223
13756.379053,0.0,148.041188,-10418.898773
13756.379371,0.0,74.020594,-10265.679673
13756.379689,0.0,74.020594,-10189.070123
13756.380007,-296.082377,74.020594,-10342.289223
13756.380325,-370.102971,0.0,-10418.898773
13756.380643,-444.123565,74.020594,-10265.679673
13756.38096,-740.205942,148.041188,-9882.631924
13756.381278,-592.164754,222.061783,-10265.679673
13756.381596,-296.082377,444.123565,-9959.241474
13756.381914,0.0,518.144159,-10189.070123
13756.382232,148.041188,370.102971,-10189.070123
13756.382549,0.0,518.144159,-10112.460574
13756.382867,0.0,518.144159,-10112.460574
13756.383185,74.020594,148.041188,-10495.508323
13756.383503,74.020594,296.082377,-10265.679673
13756.383821,0.0,0.0,-10189.070123
13756.384139,0.0,-222.061783,-10189.070123
13756.384456,0.0,0.0,-10035.851024
13756.384774,0.0,-296.082377,-9806.022374
13756.385092,222.061783,0.0,-9729.412825
13756.38541,0.0,0.0,-10112.460574
13756.385728,0.0,0.0,-10112.460574
13756.386045,-296.082377,0.0,-10342.289223
13756.386363,-1184.329507,0.0,-11108.384721
13756.386681,-592.164754,-222.061783,-10418.898773
13756.386999,-592.164754,0.0,-10418.898773
13756.387317,-518.144159,444.123565,-10495.508323
13756.387635,-222.061783,666.185348,-10801.946522
13756.387952,0.0,592.164754,-11261.603821
13756.38827,-222.061783,592.164754,-10725.336972
13756.388588,-370.102971,444.123565,-10725.336972
13756.388906,-518.144159,222.061783,-10112.460574
13756.389224,296.082377,-814.226536,-10112.460574
13756.389541,-814.226536,-222.061783,-10112.460574
13756.389859,-370.102971,0.0,-10035.851024
13756.390177,-370.102971,0.0,-9806.022374
13756.390495,-222.061783,0.0,-9806.022374
13756.390813,-444.123565,148.041188,-9652.803275
13756.391131,0.0,222.061783,-9806.022374
13756.391448,148.041188,296.082377,-9959.241474
13756.391766,0.0,74.020594,-10265.679673
13756.392084,444.123565,518.144159,-10418.898773
13756.392402,-296.082377,74.020594,-10342.289223
13756.39272,-296.082377,74.020594,-10495.508323
13756.393037,-222.061783,222.061783,-10035.851024
13756.393355,0.0,222.061783,-10418.898773
13756.393673,74.020594,518.144159,-10342.289223
13756.393991,0.0,148.041188,-10495.508323
13756.394309,0.0,296.082377,-10418.898773
13756.394627,-370.102971,74.020594,-10495.508323
13756.394944,-518.144159,370.102971,-11031.775171
13756.395262,-370.102971,-222.061783,-10342.289223
13756.39558,-444.123565,0.0,-10572.117872
13756.395898,0.0,0.0,-10342.289223
13756.396216,-296.082377,0.0,-9882.631924
13756.396533,0.0,0.0,-10572.117872
13756.396851,-296.082377,148.041188,-10112.460574
13756.397169,-518.144159,0.0,-10342.289223
13756.397487,-296.082377,0.0,-10112.460574
13756.397804,-370.102971,74.020594,-10342.289223
13756.398122,-518.144159,0.0,-9806.022374
13756.39844,-370.102971,0.0,-10035.851024
13756.398758,-222.061783,74.020594,-9959.241474
13756.399076,-222.061783,444.123565,-9959.241474
13756.399393,222.061783,666.185348,-10265.679673
13756.399711,0.0,740.205942,-10189.070123
13756.400029,0.0,740.205942,-10112.460574
13756.400347,74.020594,370.102971,-10189.070123
13756.400665,0.0,222.061783,-10265.679673
13756.400982,222.061783,296.082377,-10342.289223
13756.4013,-148.041188,0.0,-10189.070123
13756.401618,0.0,0.0,-10035.851024
13756.401936,0.0,0.0,-9959.241474
13756.402254,0.0,74.020594,-9422.974625
13756.402571,0.0,0.0,-9959.241474
13756.402889,0.0,0.0,-10112.460574
13756.403207,0.0,-296.082377,-10112.460574
13756.403525,-296.082377,-296.082377,-10265.679673
13756.403843,-370.102971,-296.082377,-10495.508323
13756.40416,-518.144159,-444.123565,-10495.508323
13756.404478,-592.164754,0.0,-10265.679673
13756.404796,-666.185348,222.061783,-10418.898773
13756.405114,148.041188,1036.288319,-11721.261119
13756.405432,-222.061783,592.164754,-11031.775171
13756.405749,-148.041188,666.185348,-10648.727422
13756.406067,-370.102971,444.123565,-10572.117872
13756.406385,-444.123565,74.020594,-10572.117872
13756.406703,-518.144159,74.020594,-10495.508323
13756.407021,-592.164754,148.041188,-10112.460574
13756.407338,-370.102971,0.0,-10112.460574
13756.407656,-74.020594,0.0,-9652.803275
13756.407974,444.123565,0.0,-9193.145976
13756.408292,74.020594,0.0,-9729.412825
13756.40861,0.0,148.041188,-9882.631924
13756.408927,0.0,0.0,-10035.851024
13756.409245,0.0,0.0,-10112.460574
13756.409563,0.0,0.0,-9959.241474
13756.409881,0.0,-148.041188,-10189.070123
13756.410199,0.0,0.0,-10189.070123
13756.410516,0.0,0.0,-10342.289223
13756.410834,-222.061783,444.123565,-10265.679673
13756.411152,-222.061783,0.0,-10112.460574
13756.41147,0.0,74.020594,-10418.898773
13756.411788,-148.041188,370.102971,-10572.117872
13756.412105,-296.082377,296.082377,-10495.508323
13756.412423,-222.061783,370.102971,-11108.384721
13756.412741,-444.123565,0.0,-10648.727422
13756.413059,-444.123565,0.0,-10418.898773
13756.413377,-370.102971,0.0,-10495.508323
13756.413694,-296.082377,74.020594,-10189.070123
13756.414012,0.0,148.041188,-10189.070123
13756.41433,-296.082377,148.041188,-10418.898773
13756.414648,-222.061783,74.020594,-10342.289223
13756.414966,0.0,0.0,-10189.070123
13756.415283,-518.144159,296.082377,-9806.022374
13756.415601,-592.164754,74.020594,-10265.679673
13756.415919,-592.164754,0.0,-9882.631924
13756.416237,-518.144159,0.0,-9652.803275
13756.416555,-444.123565,296.082377,-9806.022374
13756.416872,0.0,592.164754,-9806.022374
13756.41719,74.020594,444.123565,-9806.022374
13756.417508,74.020594,518.144159,-10189.070123
13756.417826,0.0,518.144159,-10342.289223
13756.418143,0.0,296.082377,-10725.336972
13756.418461,-296.082377,592.164754,-10725.336972
13756.418779,-148.041188,222.061783,-10572.117872
13756.419097,-222.061783,0.0,-10418.898773
13756.419415,0.0,0.0,-10342.289223
13756.419732,444.123565,444.123565,-9806.022374
13756.42005,74.020594,0.0,-10112.460574
13756.420368,148.041188,0.0,-10035.851024
13756.420686,0.0,0.0,-10572.117872
13756.421004,-296.082377,-370.102971,-10265.679673
13756.421321,-296.082377,-592.164754,-10418.898773
13756.421639,-518.144159,-518.144159,-10265.679673
13756.421957,-518.144159,-148.041188,-10189.070123
13756.422275,-444.123565,0.0,-10342.289223
13756.422593,-370.102971,666.185348,-9806.022374
13756.42291,0.0,518.144159,-10801.946522
13756.423228,-444.123565,592.164754,-10572.117872
13756.423546,-592.164754,148.041188,-10725.336972
13756.423864,-444.123565,74.020594,-10725.336972
13756.424182,-370.102971,74.020594,-10189.070123
13756.424499,-666.185348,74.020594,-9959.241474
13756.424817,-296.082377,296.082377,-10342.289223
13756.425135,-148.041188,370.102971,-10112.460574
13756.425453,0.0,222.061783,-9729.412825
13756.425771,0.0,296.082377,-9959.241474
13756.426088,148.041188,296.082377,-9959.241474
13756.426406,0.0,296.082377,-10035.851024
13756.426724,148.041188,0.0,-10112.460574
13756.427042,148.041188,-296.082377,-10189.070123
13756.42736,-222.061783,-296.082377,-10189.070123
13756.427677,-148.041188,-296.082377,-10035.851024
13756.427995,-148.041188,-148.041188,-10112.460574
13756.428313,0.0,0.0,-10112.460574
13756.428631,0.0,74.020594,-10189.070123
13756.428949,0.0,370.102971,-10342.289223
13756.429266,-148.041188,296.082377,-10265.679673
13756.429584,-296.082377,296.082377,-10418.898773
13756.429902,-370.102971,-222.061783,-10878.556072
13756.43022,-592.164754,148.041188,-10572.117872
13756.430538,-592.164754,222.061783,-10725.336972
13756.430855,-592.164754,370.102971,-10342.289223
13756.431173,-370.102971,592.164754,-10112.460574
13756.431491,-370.102971,518.144159,-10648.727422
13756.431809,-296.082377,370.102971,-10342.289223
13756.432127,0.0,0.0,-10342.289223
13756.432444,-370.102971,0.0,-10189.070123
13756.432762,0.0,222.061783,-10572.117872
13756.43308,-518.144159,-296.082377,-10112.460574
13756.433398,-518.144159,-148.041188,-9882.631924
13756.433716,-444.123565,-148.041188,-9882.631924
13756.434033,0.0,0.0,-9039.926876
13756.434351,0.0,222.061783,-9806.022374
13756.434669,0.0,518.144159,-10189.070123
13756.434987,0.0,666.185348,-9959.241474
13756.435305,0.0,370.102971,-10342.289223
13756.435622,0.0,962.267725,-10189.070123
13756.43594,-148.041188,296.082377,-10418.898773
13756.436258,-148.041188,148.041188,-10342.289223
13756.436576,-222.061783,222.061783,-10495.508323
13756.436894,-296.082377,296.082377,-9959.241474
13756.437211,0.0,296.082377,-10342.289223
13756.437529,0.0,222.061783,-10418.898773
13756.437847,0.0,74.020594,-10189.070123
13756.438165,-74.020594,0.0,-10418.898773
13756.438482,74.020594,0.0,-10648.727422
13756.4388,-444.123565,-592.164754,-10265.679673
13756.439118,-444.123565,-296.082377,-10265.679673
13756.439436,-592.164754,0.0,-10342.289223
13756.439754,-444.123565,222.061783,-10265.679673
13756.440071,-370.102971,518.144159,-10495.508323
13756.440389,-370.102971,296.082377,-10189.070123
13756.440707,-296.082377,370.102971,-10418.898773
13756.441025,-444.123565,222.061783,-10342.289223
13756.441343,-518.144159,296.082377,-10418.898773
13756.44166,-888.24713,222.061783,-10035.851024
13756.441978,-518.144159,222.061783,-10112.460574
13756.442296,-370.102971,518.144159,-9959.241474
13756.442614,0.0,444.123565,-10035.851024
13756.442932,-370.102971,444.123565,-10035.851024
13756.443249,222.061783,370.102971,-10112.460574
13756.443567,0.0,444.123565,-10112.460574
13756.443885,0.0,370.102971,-10112.460574
13756.444203,74.020594,814.226536,-10648.727422
13756.444521,0.0,0.0,-10418.898773
13756.444838,0.0,0.0,-10189.070123
13756.445156,74.020594,-296.082377,-10035.851024
13756.445474,0.0,-222.061783,-10342.289223
13756.445792,0.0,0.0,-9959.241474
13756.44611,0.0,0.0,-10035.851024
13756.446427,0.0,0.0,-10418.898773
13756.446745,-296.082377,148.041188,-10418.898773
13756.447063,-740.205942,74.020594,-10265.679673
13756.447381,-296.082377,-148.041188,-10725.336972
13756.447699,-666.185348,74.020594,-10572.117872
13756.448016,-444.123565,296.082377,-10418.898773
13756.448334,-444.123565,222.061783,-10648.727422
13756.448652,-222.061783,296.082377,-10572.117872
13756.44897,-444.123565,592.164754,-10878.556072
13756.449288,-148.041188,370.102971,-10648.727422
13756.449605,-222.061783,296.082377,-10418.898773
13756.449923,0.0,0.0,-9576.193725
13756.450241,-370.102971,0.0,-9882.631924
13756.450559,-518.144159,-148.041188,-10112.460574
13756.450877,-148.041188,-222.061783,-9959.241474
13756.451194,-296.082377,0.0,-9806.022374
13756.451512,0.0,-444.123565,-9422.974625
13756.45183,0.0,0.0,-9882.631924
13756.452148,0.0,296.082377,-9806.022374
13756.452466,0.0,296.082377,-9806.022374
13756.452783,0.0,444.123565,-10189.070123
13756.453101,0.0,370.102971,-10342.289223
13756.453419,-296.082377,296.082377,-10495.508323
13756.453737,-148.041188,222.061783,-10495.508323
13756.454055,-296.082377,148.041188,-10495.508323
13756.454372,-222.061783,518.144159,-10189.070123
13756.45469,0.0,444.123565,-10418.898773
13756.455008,74.020594,296.082377,-10035.851024
13756.455326,0.0,148.041188,-10112.460574
13756.455644,-370.102971,-518.144159,-10265.679673
13756.455961,-444.123565,-370.102971,-10342.289223
13756.456279,-444.123565,-296.082377,-10112.460574
13756.456597,-518.144159,0.0,-10265.679673
13756.456915,-148.041188,0.0,-10112.460574
13756.457233,222.061783,0.0,-10035.851024
13756.45755,-222.061783,0.0,-10112.460574
13756.457868,-296.082377,0.0,-10342.289223
13756.458186,-296.082377,74.020594,-10342.289223
13756.458504,-518.144159,0.0,-9882.631924
13756.458821,-814.226536,370.102971,-9806.022374
13756.459139,-518.144159,148.041188,-9959.241474
13756.459457,-444.123565,296.082377,-10112.460574
13756.459775,-444.123565,296.082377,-10035.851024
13756.460093,0.0,444.123565,-10342.289223
13756.46041,-148.041188,666.185348,-10112.460574
13756.460728,148.041188,814.226536,-10189.070123
13756.461046,0.0,666.185348,-10112.460574
13756.461364,0.0,296.082377,-10265.679673
13756.461682,0.0,370.102971,-10035.851024
13756.461999,0.0,0.0,-10418.898773
13756.462317,0.0,0.0,-10342.289223
13756.462635,0.0,0.0,-10342.289223
13756.462953,0.0,148.041188,-9806.022374
13756.463271,222.061783,0.0,-10112.460574
13756.463588,0.0,-148.041188,-9882.631924
13756.463906,0.0,0.0,-10189.070123
13756.464224,-518.144159,-296.082377,-10035.851024
13756.464542,-666.185348,74.020594,-10495.508323
13756.46486,-518.144159,-222.061783,-10189.070123
13756.465177,-814.226536,0.0,-10342.289223
13756.465495,-444.123565,296.082377,-10265.679673
13756.465813,-222.061783,592.164754,-10495.508323
13756.466131,0.0,296.082377,-10572.117872
13756.466449,-444.123565,592.164754,-10418.898773
13756.466766,-148.041188,444.123565,-10495.508323
13756.467084,-222.061783,74.020594,-10572.117872
13756.467402,-666.185348,74.020594,-10112.460574
13756.46772,-370.102971,0.0,-9729.412825
13756.468038,-444.123565,74.020594,-10189.070123
13756.468355,-296.082377,-222.061783,-9882.631924
13756.468673,-148.041188,0.0,-9806.022374
13756.468991,0.0,74.020594,-9806.022374
13756.469309,0.0,296.082377,-10189.070123
13756.469627,0.0,222.061783,-9882.631924
13756.469944,-222.061783,148.041188,-9959.241474
13756.470262,0.0,0.0,-10342.289223
13756.47058,-148.041188,0.0,-10112.460574
13756.470898,148.041188,0.0,-9882.631924
13756.471216,0.0,74.020594,-10035.851024
13756.471533,0.0,444.123565,-10112.460574
13756.471851,0.0,296.082377,-10189.070123
13756.472169,-222.061783,444.123565,-10418.898773
13756.472487,-222.061783,148.041188,-10572.117872
13756.472805,-444.123565,296.082377,-10418.898773
13756.473122,-518.144159,148.041188,-10572.117872
13756.47344,-148.041188,0.0,-10265.679673
13756.473758,-296.082377,0.0,-10418.898773
13756.474076,-296.082377,0.0,-10265.679673
13756.474394,-296.082377,74.020594,-10112.460574
13756.474711,0.0,296.082377,-10265.679673
13756.475029,0.0,0.0,-10418.898773
13756.475347,0.0,-592.164754,-10189.070123
13756.475665,-370.102971,0.0,-10418.898773
13756.475983,-370.102971,0.0,-10035.851024
13756.4763,-592.164754,0.0,-9959.241474
13756.476618,-518.144159,0.0,-9882.631924
13756.476936,-444.123565,148.041188,-9806.022374
13756.477254,-444.123565,148.041188,-9806.022374
13756.477572,0.0,296.082377,-10035.851024
13756.477889,0.0,592.164754,-9959.241474
13756.478207,148.041188,666.185348,-10189.070123
13756.478525,-148.041188,666.185348,-10265.679673
13756.478843,74.020594,518.144159,-10342.289223
13756.47916,0.0,222.061783,-10495.508323
13756.479478,0.0,222.061783,-10342.289223
13756.479796,-296.082377,370.102971,-10495.508323
13756.480114,0.0,0.0,-10189.070123
13756.480432,74.020594,74.020594,-10189.070123
13756.480749,0.0,0.0,-10189.070123
13756.481067,148.041188,74.020594,-10955.165621
13756.481385,-148.041188,-296.082377,-10189.070123
13756.481703,-370.102971,-370.102971,-10035.851024
13756.482021,-370.102971,-518.144159,-10112.460574
13756.482338,-370.102971,-296.082377,-10495.508323
13756.482656,0.0,-370.102971,-10342.289223
13756.482974,-444.123565,148.041188,-10418.898773
13756.483292,-222.061783,148.041188,-10495.508323
13756.48361,-222.061783,444.123565,-10265.679673
13756.483927,-222.061783,962.267725,-10878.556072
13756.484245,-296.082377,296.082377,-10418.898773
13756.484563,-518.144159,370.102971,-10495.508323
13756.484881,-296.082377,444.123565,-10112.460574
13756.485199,-666.185348,222.061783,-10418.898773
13756.485516,0.0,148.041188,-10572.117872
13756.485834,-296.082377,74.020594,-9729.412825
13756.486152,0.0,74.020594,-9959.241474
13756.48647,0.0,74.020594,-10189.070123
13756.486788,0.0,296.082377,-9729.412825
13756.487105,222.061783,0.0,-10112.460574
13756.487423,74.020594,74.020594,-10112.460574
13756.487741,0.0,0.0,-10035.851024
13756.488059,-370.102971,-148.041188,-10265.679673
13756.488377,-222.061783,0.0,-11108.384721
13756.488694,-148.041188,0.0,-10265.679673
13756.489012,0.0,74.020594,-10189.070123
13756.48933,-222.061783,222.061783,-10189.070123
13756.489648,0.0,74.020594,-10572.117872
13756.489966,0.0,222.061783,-10495.508323
13756.490283,-444.123565,0.0,-10342.289223
13756.490601,-444.123565,370.102971,-10725.336972
13756.490919,-666.185348,0.0,-10342.289223
13756.491237,-888.24713,-148.041188,-10189.070123
13756.491555,-444.123565,148.041188,-10495.508323
13756.491872,-148.041188,444.123565,-10418.898773
13756.49219,0.0,370.102971,-10342.289223
13756.492508,0.0,296.082377,-10342.289223
13756.492826,-148.041188,444.123565,-10265.679673
13756.493144,-370.102971,0.0,-10265.679673
13756.493461,-518.144159,-148.041188,-10035.851024
13756.493779,-518.144159,-148.041188,-10035.851024
13756.494097,0.0,0.0,-9882.631924
13756.494415,-444.123565,0.0,-9806.022374
13756.494733,-148.041188,74.020594,-9729.412825
13756.49505,0.0,148.041188,-9806.022374
13756.495368,0.0,592.164754,-10035.851024
13756.495686,-296.082377,740.205942,-9959.241474
13756.496004,0.0,444.123565,-10342.289223
13756.496322,0.0,592.164754,-10265.679673
13756.49664,-222.061783,296.082377,-10495.508323
13756.496957,0.0,444.123565,-11108.384721
13756.497275,0.0,0.0,-10189.070123
13756.497593,-296.082377,296.082377,-10418.898773
13756.497911,74.020594,296.082377,-10265.679673
13756.498229,0.0,148.041188,-10189.070123
13756.498546,222.061783,296.082377,-10342.289223
13756.498864,-296.082377,148.041188,-10342.289223
13756.499182,-518.144159,-296.082377,-10189.070123
13756.4995,-518.144159,-592.164754,-10342.289223
13756.499818,0.0,-370.102971,-10112.460574
13756.500135,-592.164754,-148.041188,-10342.289223
13756.500453,-518.144159,74.020594,-10342.289223
13756.500771,0.0,148.041188,-10342.289223
13756.501089,-296.082377,296.082377,-10495.508323
13756.501407,74.020594,518.144159,-11414.82292
13756.501725,-592.164754,444.123565,-10495.508323
13756.502042,-444.123565,74.020594,-10572.117872
13756.50236,-444.123565,222.061783,-10342.289223
13756.502678,-370.102971,222.061783,-9499.584175
13756.502996,-296.082377,518.144159,-9959.241474
13756.503314,-296.082377,444.123565,-9959.241474
13756.503631,74.020594,222.061783,-9959.241474
13756.503949,74.020594,296.082377,-9959.241474
13756.504267,444.123565,518.144159,-10189.070123
13756.504585,74.020594,444.123565,-10189.070123
13756.504903,148.041188,296.082377,-10495.508323
13756.50522,0.0,0.0,-10342.289223
13756.505538,74.020594,0.0,-9959.241474
13756.505856,-148.041188,-370.102971,-10189.070123
13756.506174,0.0,-370.102971,-9806.022374
13756.506492,0.0,0.0,-9959.241474
13756.50681,0.0,74.020594,-10112.460574
13756.507127,74.020594,-222.061783,-10112.460574
13756.507445,-370.102971,444.123565,-10418.898773
13756.507763,-518.144159,74.020594,-10572.117872
13756.508081,-444.123565,-222.061783,-10342.289223
13756.508399,-666.185348,0.0,-10265.679673
13756.508716,-444.123565,370.102971,-10572.117872
13756.509034,-296.082377,518.144159,-10648.727422
13756.509352,-222.061783,666.185348,-10725.336972
13756.50967,-296.082377,370.102971,-10572.117872
13756.509988,0.0,444.123565,-10495.508323
13756.510306,-148.041188,0.0,-10189.070123
13756.510623,-518.144159,0.0,-10035.851024
13756.510941,-444.123565,0.0,-9959.241474
13756.511259,-592.164754,-222.061783,-9882.631924
13756.511577,-148.041188,0.0,-9959.241474
13756.511895,-296.082377,0.0,-10035.851024
13756.512212,-222.061783,0.0,-9882.631924
13756.51253,148.041188,0.0,-9959.241474
13756.512848,444.123565,0.0,-10572.117872
13756.513166,222.061783,296.082377,-10342.289223
13756.513484,0.0,148.041188,-10189.070123
13756.513801,0.0,296.082377,-10418.898773
13756.514119,-296.082377,444.123565,-10418.898773
13756.514437,-296.082377,370.102971,-10955.165621
13756.514755,-370.102971,296.082377,-10342.289223
13756.515073,-148.041188,370.102971,-10189.070123
13756.515391,148.041188,222.061783,-10112.460574
13756.515708,0.0,296.082377,-10955.165621
13756.516026,0.0,222.061783,-10572.117872
13756.516344,-370.102971,0.0,-10265.679673
13756.516662,-444.123565,0.0,-10189.070123
13756.51698,-370.102971,-370.102971,-10265.679673
13756.517297,-666.185348,0.0,-9499.584175
13756.517615,-222.061783,0.0,-10342.289223
13756.517933,0.0,74.020594,-10265.679673
13756.518251,0.0,222.061783,-10112.460574
13756.518569,-296.082377,222.061783,-10265.679673
13756.518887,-296.082377,0.0,-10265.679673
13756.519204,-518.144159,0.0,-10189.070123
13756.519522,-444.123565,0.0,-10342.289223
13756.51984,-666.185348,222.061783,-10189.070123
13756.520158,-592.164754,74.020594,-10418.898773
13756.520476,-370.102971,370.102971,-10189.070123
13756.520793,-370.102971,666.185348,-10035.851024
13756.521111,-148.041188,518.144159,-9806.022374
13756.521429,296.082377,444.123565,-9729.412825
13756.521747,370.102971,740.205942,-10035.851024
13756.522065,0.0,518.144159,-10112.460574
13756.522382,0.0,74.020594,-10342.289223
13756.5227,-148.041188,0.0,-10495.508323
13756.523018,148.041188,-518.144159,-10189.070123
13756.523336,-148.041188,0.0,-10265.679673
13756.523654,0.0,0.0,-10189.070123
13756.523972,0.0,0.0,-9882.631924
13756.524289,222.061783,0.0,-9806.022374
13756.524607,0.0,-222.061783,-10189.070123
13756.524925,-370.102971,0.0,-10495.508323
13756.525243,-592.164754,-148.041188,-10495.508323
13756.525561,-592.164754,-370.102971,-10572.117872
13756.525878,-444.123565,0.0,-10572.117872
13756.526196,-592.164754,148.041188,-10418.898773
13756.526514,-148.041188,370.102971,-10418.898773
13756.526832,0.0,296.082377,-10572.117872
13756.52715,-296.082377,592.164754,-11491.43247
13756.527468,-296.082377,518.144159,-10801.946522
13756.527785,-518.144159,444.123565,-10572.117872
13756.528103,-370.102971,0.0,-10418.898773
13756.528421,-370.102971,0.0,-10112.460574
13756.528739,0.0,-296.082377,-10189.070123
13756.529057,-148.041188,0.0,-9882.631924
13756.529374,0.0,-370.102971,-9729.412825
13756.529692,0.0,0.0,-9806.022374
13756.53001,-444.123565,222.061783,-9422.974625
13756.530328,74.020594,222.061783,-9882.631924
13756.530646,0.0,0.0,-9882.631924
13756.530963,0.0,0.0,-10189.070123
13756.531281,0.0,74.020594,-10265.679673
13756.531599,0.0,0.0,-10342.289223
13756.531917,0.0,74.020594,-10265.679673
13756.532235,-222.061783,74.020594,-10572.117872
13756.532553,0.0,444.123565,-10342.289223
13756.53287,-296.082377,592.164754,-10112.460574
13756.533188,0.0,370.102971,-10342.289223
13756.533506,-296.082377,148.041188,-10418.898773
13756.533824,-296.082377,0.0,-10189.070123
13756.534142,-296.082377,-148.041188,-10189.070123
13756.534459,-370.102971,0.0,-10725.336972
13756.534777,-370.102971,0.0,-10495.508323
13756.535095,-296.082377,74.020594,-10112.460574
13756.535413,-222.061783,-148.041188,-10418.898773
13756.535731,-222.061783,148.041188,-10035.851024
13756.536049,-222.061783,0.0,-10112.460574
13756.536366,-296.082377,0.0,-10112.460574
13756.536684,-370.102971,0.0,-10112.460574
13756.537002,-592.164754,0.0,-9959.241474
13756.53732,-666.185348,-148.041188,-9729.412825
13756.537638,-370.102971,0.0,-9652.803275
13756.537955,-444.123565,148.041188,-9806.022374
13756.538273,0.0,296.082377,-10112.460574
13756.538591,74.020594,666.185348,-10572.117872
13756.538909,74.020594,518.144159,-10265.679673
13756.539227,0.0,518.144159,-10495.508323
13756.539544,-222.061783,370.102971,-10495.508323
13756.539862,0.0,518.144159,-10495.508323
13756.54018,-370.102971,148.041188,-10572.117872
13756.540498,0.0,222.061783,-10112.460574
13756.540816,0.0,0.0,-10418.898773
13756.541134,0.0,74.020594,-10342.289223
13756.541451,444.123565,222.061783,-10112.460574
13756.541769,0.0,0.0,-10495.508323
13756.542087,-148.041188,-148.041188,-10189.070123
13756.542405,-370.102971,-370.102971,-10189.070123
13756.542723,-370.102971,-444.123565,-10112.460574
13756.54304,-518.144159,-370.102971,-10189.070123
13756.543358,-370.102971,0.0,-10495.508323
13756.543676,-592.164754,222.061783,-10495.508323
13756.543994,0.0,444.123565,-10648.727422
13756.544312,-148.041188,444.123565,-11031.775171
13756.544629,-296.082377,592.164754,-10572.117872
13756.544947,-296.082377,518.144159,-10725.336972
13756.545265,-370.102971,148.041188,-10572.117872
13756.545583,-518.144159,592.164754,-9806.022374
13756.545901,-592.164754,148.041188,-10189.070123
13756.546219,-518.144159,0.0,-9959.241474
13756.546536,-370.102971,0.0,-10112.460574
13756.546854,0.0,296.082377,-9806.022374
13756.547172,-296.082377,0.0,-9729.412825
13756.54749,222.061783,222.061783,-9959.241474
13756.547808,0.0,222.061783,-9729.412825
13756.548125,0.0,74.020594,-9959.241474
13756.548443,74.020594,0.0,-10035.851024
13756.548761,0.0,0.0,-10189.070123
13756.549079,-222.061783,-148.041188,-10112.460574
13756.549397,0.0,0.0,-10189.070123
13756.549715,-148.041188,222.061783,-10035.851024
13756.550032,-444.123565,444.123565,-10035.851024
13756.55035,-222.061783,296.082377,-10112.460574
13756.550668,-148.041188,370.102971,-10265.679673
13756.550986,-148.041188,148.041188,-10648.727422
13756.551304,-296.082377,962.267725,-11721.261119
13756.551621,-592.164754,0.0,-10725.336972
13756.551939,-222.061783,0.0,-10725.336972
13756.552257,-370.102971,148.041188,-10495.508323
13756.552575,-296.082377,296.082377,-10495.508323
13756.552893,148.041188,148.041188,-10342.289223
13756.55321,-148.041188,222.061783,-10572.117872
13756.553528,-296.082377,74.020594,-10265.679673
13756.553846,-370.102971,0.0,-10418.898773
13756.554164,-666.185348,0.0,-10572.117872
13756.554482,-592.164754,-444.123565,-9882.631924
13756.5548,-592.164754,0.0,-10112.460574
13756.555117,-222.061783,0.0,-9959.241474
13756.555435,-148.041188,74.020594,-9576.193725
13756.555753,222.061783,222.061783,-9882.631924
13756.556071,74.020594,148.041188,-10112.460574
13756.556389,0.0,666.185348,-9959.241474
13756.556706,-222.061783,592.164754,-10418.898773
13756.557024,518.144159,222.061783,-10112.460574
13756.557342,-148.041188,296.082377,-10495.508323
13756.55766,0.0,444.123565,-10342.289223
13756.557978,0.0,148.041188,-10265.679673
13756.558296,0.0,222.061783,-10495.508323
13756.558613,0.0,148.041188,-10648.727422
13756.558931,0.0,74.020594,-10418.898773
13756.559249,0.0,0.0,-10189.070123
13756.559567,-296.082377,0.0,-10112.460574
13756.559885,0.0,-296.082377,-10495.508323
13756.560202,-296.082377,-518.144159,-10265.679673
13756.56052,-370.102971,-444.123565,-10342.289223
13756.560838,-370.102971,-148.041188,-10265.679673
13756.561156,-296.082377,370.102971,-9882.631924
13756.561474,0.0,222.061783,-10342.289223
13756.561791,-296.082377,444.123565,-10342.289223
13756.562109,-222.061783,518.144159,-10495.508323
13756.562427,-370.102971,74.020594,-10572.117872
13756.562745,-222.061783,-296.082377,-10495.508323
13756.563063,-444.123565,296.082377,-10418.898773
13756.563381,-666.185348,148.041188,-10265.679673
13756.563698,-444.123565,222.061783,-10112.460574
13756.564016,-222.061783,666.185348,-9576.193725
13756.564334,0.0,518.144159,-10189.070123
13756.564652,0.0,370.102971,-10035.851024
13756.56497,74.020594,592.164754,-10035.851024
13756.565287,222.061783,148.041188,-9959.241474
13756.565605,222.061783,444.123565,-10112.460574
13756.565923,74.020594,0.0,-10112.460574
13756.566241,-222.061783,0.0,-9959.241474
13756.566559,0.0,-148.041188,-10418.898773
13756.566877,0.0,0.0,-10035.851024
13756.567194,0.0,0.0,-9959.241474
13756.567512,0.0,296.082377,-9882.631924
13756.56783,0.0,370.102971,-10342.289223
13756.568148,0.0,296.082377,-10342.289223
13756.568466,-296.082377,0.0,-10342.289223
13756.568783,-518.144159,0.0,-10342.289223
13756.569101,-592.164754,0.0,-10342.289223
13756.569419,-814.226536,296.082377,-10495.508323
13756.569737,-370.102971,0.0,-9806.022374
13756.570055,-370.102971,444.123565,-10801.946522
13756.570372,-296.082377,370.102971,-10572.117872
13756.57069,-222.061783,444.123565,-10648.727422
13756.571008,0.0,222.061783,-10495.508323
13756.571326,-444.123565,0.0,-10189.070123
13756.571644,-370.102971,0.0,-10035.851024
13756.571962,-592.164754,-148.041188,-9806.022374
13756.572279,-592.164754,-148.041188,-9882.631924
13756.572597,-148.041188,0.0,-10342.289223
13756.572915,-296.082377,0.0,-9499.584175
13756.573233,0.0,222.061783,-9806.022374
13756.573551,0.0,370.102971,-9959.241474
13756.573868,0.0,592.164754,-10035.851024
13756.574186,0.0,148.041188,-10189.070123
13756.574504,-222.061783,222.061783,-10572.117872
13756.574822,-222.061783,296.082377,-10495.508323
13756.57514,-370.102971,222.061783,-10342.289223
13756.575458,-148.041188,592.164754,-9346.365076
13756.575775,0.0,370.102971,-10342.289223
13756.576093,0.0,518.144159,-10572.117872
13756.576411,0.0,370.102971,-10189.070123
13756.576729,0.0,370.102971,-10265.679673
13756.577047,-296.082377,0.0,-10265.679673
13756.577364,-296.082377,-296.082377,-10112.460574
13756.577682,-592.164754,-666.185348,-10418.898773
13756.578,-518.144159,-296.082377,-10418.898773
13756.578318,-444.123565,0.0,-10342.289223
13756.578636,-296.082377,148.041188,-10342.289223
13756.578953,0.0,370.102971,-10495.508323
13756.579271,-296.082377,148.041188,-10495.508323
13756.579589,-370.102971,222.061783,-10801.946522
13756.579907,-666.185348,222.061783,-10189.070123
13756.580225,-666.185348,74.020594,-10495.508323
13756.580543,-666.185348,222.061783,-10265.679673
13756.58086,-592.164754,148.041188,-10112.460574
13756.581178,0.0,222.061783,-10265.679673
13756.581496,-148.041188,296.082377,-10112.460574
13756.581814,-148.041188,444.123565,-9882.631924
13756.582132,148.041188,444.123565,-10112.460574
13756.582449,74.020594,518.144159,-10189.070123
13756.582767,0.0,444.123565,-10418.898773
13756.583085,0.0,296.082377,-10189.070123
13756.583403,-222.061783,0.0,-10495.508323
13756.583721,0.0,0.0,-10189.070123
13756.584038,-370.102971,0.0,-10265.679673
13756.584356,0.0,-296.082377,-9806.022374
13756.584674,0.0,0.0,-9959.241474
13756.584992,0.0,0.0,-10035.851024
13756.58531,0.0,0.0,-9422.974625
13756.585628,-296.082377,0.0,-10265.679673
13756.585945,-444.123565,0.0,-10418.898773
13756.586263,-592.164754,0.0,-10495.508323
13756.586581,-518.144159,222.061783,-10418.898773
13756.586899,-740.205942,296.082377,-10418.898773
13756.587217,-444.123565,296.082377,-10495.508323
13756.587534,-370.102971,814.226536,-10801.946522
13756.587852,-222.061783,740.205942,-10801.946522
13756.58817,-222.061783,518.144159,-9882.631924
13756.588488,-370.102971,148.041188,-10725.336972
13756.588806,-370.102971,0.0,-10189.070123
13756.589124,-222.061783,0.0,-10112.460574
13756.589441,-666.185348,0.0,-10035.851024
13756.589759,0.0,-370.102971,-9806.022374
13756.590077,-296.082377,0.0,-9806.022374
13756.590395,0.0,222.061783,-9652.803275
13756.590713,0.0,0.0,-9729.412825
13756.59103,222.061783,370.102971,-9499.584175
13756.591348,74.020594,0.0,-9806.022374
13756.591666,0.0,74.020594,-10189.070123
13756.591984,0.0,222.061783,-10342.289223
13756.592302,-296.082377,74.020594,-10112.460574
13756.592619,-296.082377,592.164754,-10648.727422
13756.592937,0.0,222.061783,-10265.679673
13756.593255,0.0,222.061783,-10265.679673
13756.593573,74.020594,148.041188,-10342.289223
13756.593891,0.0,222.061783,-10112.460574
13756.594209,-296.082377,222.061783,-10495.508323
13756.594526,-518.144159,148.041188,-10495.508323
13756.594844,-296.082377,0.0,-10265.679673
13756.595162,-296.082377,-296.082377,-10342.289223
13756.59548,-222.061783,-222.061783,-9882.631924
13756.595798,-444.123565,0.0,-10495.508323
13756.596115,0.0,74.020594,-10342.289223
13756.596433,-296.082377,-148.041188,-10418.898773
13756.596751,-222.061783,222.061783,-10342.289223
13756.597069,-740.205942,148.041188,-10342.289223
13756.597387,-444.123565,-222.061783,-10189.070123
13756.597705,-370.102971,0.0,-10112.460574
13756.598022,-370.102971,0.0,-10112.460574
13756.59834,-592.164754,0.0,-9806.022374
13756.598658,-296.082377,0.0,-10112.460574
13756.598976,-222.061783,518.144159,-9882.631924
13756.599294,0.0,444.123565,-9882.631924
13756.599611,0.0,444.123565,-10801.946522
13756.599929,0.0,740.205942,-10112.460574
13756.600247,74.020594,222.061783,-10189.070123
13756.600565,0.0,222.061783,-10265.679673
13756.600883,0.0,0.0,-10265.679673
13756.6012,74.020594,0.0,-10418.898773
13756.601518,0.0,0.0,-10342.289223
13756.601836,0.0,0.0,-10342.289223
13756.602154,148.041188,0.0,-9882.631924
13756.602472,0.0,0.0,-10112.460574
13756.602789,222.061783,0.0,-10189.070123
13756.603107,-222.061783,-296.082377,-10265.679673
13756.603425,-592.164754,-296.082377,-10112.460574
13756.603743,-518.144159,-296.082377,-10495.508323
13756.604061,-962.267725,0.0,-9499.584175
13756.604379,-370.102971,0.0,-10342.289223
13756.604696,-296.082377,444.123565,-10572.117872
13756.605014,-296.082377,518.144159,-10265.679673
13756.605332,-222.061783,740.205942,-10648.727422
13756.60565,-296.082377,888.24713,-10572.117872
13756.605968,-444.123565,370.102971,-10648.727422
13756.606285,-518.144159,74.020594,-10418.898773
13756.606603,-666.185348,74.020594,-10189.070123
13756.606921,-592.164754,0.0,-9882.631924
13756.607239,-444.123565,74.020594,-9959.241474
13756.607557,0.0,0.0,-9806.022374
13756.607874,0.0,222.061783,-9576.193725
13756.608192,0.0,148.041188,-9576.193725
13756.60851,592.164754,0.0,-9882.631924
13756.608828,74.020594,0.0,-10189.070123
13756.609146,0.0,0.0,-10035.851024
13756.609464,-222.061783,0.0,-10265.679673
13756.609781,-222.061783,0.0,-9806.022374
13756.610099,-148.041188,0.0,-10112.460574
13756.610417,-222.061783,74.020594,-10265.679673
13756.610735,-148.041188,518.144159,-10265.679673
13756.611053,0.0,592.164754,-10265.679673
13756.61137,0.0,518.144159,-10418.898773
13756.611688,-296.082377,296.082377,-10648.727422
13756.612006,-370.102971,0.0,-10725.336972
13756.612324,-370.102971,0.0,-10572.117872
13756.612642,-444.123565,0.0,-10342.289223
13756.612959,-74.020594,148.041188,-10342.289223
13756.613277,-444.123565,74.020594,-10418.898773
13756.613595,-222.061783,222.061783,-10342.289223
13756.613913,0.0,74.020594,-10572.117872
13756.614231,444.123565,0.0,-9806.022374
13756.614549,-444.123565,0.0,-10112.460574
13756.614866,-592.164754,74.020594,-10189.070123
13756.615184,-592.164754,-222.061783,-10035.851024
13756.615502,-444.123565,-370.102971,-9959.241474
13756.61582,-518.144159,0.0,-10112.460574
13756.616138,-444.123565,148.041188,-9806.022374
13756.616455,-296.082377,222.061783,-9806.022374
13756.616773,0.0,296.082377,-9882.631924
13756.617091,74.020594,444.123565,-9882.631924
13756.617409,0.0,592.164754,-10418.898773
13756.617727,0.0,592.164754,-10572.117872
13756.618044,0.0,444.123565,-10572.117872
13756.618362,-148.041188,444.123565,-10648.727422
13756.61868,0.0,148.041188,-9806.022374
13756.618998,-222.061783,0.0,-10418.898773
13756.619316,0.0,0.0,-10112.460574
13756.619634,74.020594,0.0,-10112.460574
13756.619951,222.061783,74.020594,-10265.679673
13756.620269,0.0,0.0,-10342.289223
13756.620587,-296.082377,-222.061783,-10189.070123
13756.620905,-370.102971,-370.102971,-10418.898773
13756.621223,-518.144159,-518.144159,-10265.679673
13756.62154,-148.041188,296.082377,-9806.022374
13756.621858,-444.123565,0.0,-10342.289223
13756.622176,-148.041188,74.020594,-10418.898773
13756.622494,-444.123565,518.144159,-10495.508323
13756.622812,-444.123565,592.164754,-10648.727422
13756.623129,-518.144159,296.082377,-10572.117872
13756.623447,-296.082377,74.020594,-10189.070123
13756.623765,-296.082377,222.061783,-10189.070123
13756.624083,-666.185348,222.061783,-10112.460574
13756.624401,-222.061783,148.041188,-10572.117872
13756.624719,-370.102971,148.041188,-10189.070123
13756.625036,-148.041188,296.082377,-10035.851024
13756.625354,0.0,296.082377,-9806.022374
13756.625672,0.0,370.102971,-9882.631924
13756.62599,0.0,444.123565,-10189.070123
13756.626308,0.0,0.0,-9959.241474
13756.626625,0.0,0.0,-10112.460574
13756.626943,-222.061783,-148.041188,-10035.851024
13756.627261,0.0,0.0,-10035.851024
13756.627579,-222.061783,0.0,-9959.241474
13756.627897,0.0,148.041188,-10035.851024
13756.628214,0.0,148.041188,-10189.070123
13756.628532,0.0,74.020594,-10418.898773
13756.62885,0.0,148.041188,-10342.289223
13756.629168,-592.164754,74.020594,-10572.117872
13756.629486,-370.102971,0.0,-10495.508323
13756.629804,-518.144159,0.0,-10572.117872
13756.630121,-518.144159,518.144159,-10955.165621
13756.630439,-370.102971,296.082377,-10572.117872
13756.630757,-296.082377,666.185348,-10648.727422
13756.631075,-370.102971,444.123565,-10495.508323
13756.631393,-444.123565,444.123565,-10572.117872
13756.63171,222.061783,148.041188,-9882.631924
13756.632028,-296.082377,0.0,-10189.070123
13756.632346,-370.102971,-222.061783,-10112.460574
13756.632664,-518.144159,-148.041188,-9806.022374
13756.632982,-296.082377,-370.102971,-9806.022374
13756.633299,-222.061783,0.0,-9806.022374
13756.633617,-222.061783,0.0,-9576.193725
13756.633935,-148.041188,222.061783,-9729.412825
13756.634253,0.0,296.082377,-9959.241474
13756.634571,148.041188,592.164754,-10878.556072
13756.634889,222.061783,296.082377,-10342.289223
13756.635206,0.0,296.082377,-10418.898773
13756.635524,-296.082377,444.123565,-10572.117872
13756.635842,-222.061783,296.082377,-9652.803275
13756.63616,0.0,0.0,-10265.679673
13756.636478,-296.082377,444.123565,-10189.070123
13756.636795,0.0,444.123565,-10265.679673
13756.637113,0.0,222.061783,-10572.117872
13756.637431,296.082377,74.020594,-10265.679673
13756.637749,-370.102971,148.041188,-10418.898773
13756.638067,-296.082377,-296.082377,-10189.070123
13756.638384,-444.123565,-518.144159,-10112.460574
13756.638702,-370.102971,-296.082377,-10189.070123
13756.63902,0.0,-148.041188,-10342.289223
13756.639338,-296.082377,-222.061783,-10418.898773
13756.639656,-222.061783,0.0,-10572.117872
13756.639974,-592.164754,74.020594,-10418.898773
13756.640291,-370.102971,222.061783,-9882.631924
13756.640609,-444.123565,148.041188,-10418.898773
13756.640927,0.0,0.0,-10342.289223
13756.641245,-518.144159,74.020594,-10265.679673
13756.641563,-518.144159,222.061783,-10189.070123
13756.64188,-592.164754,222.061783,-10189.070123
13756.642198,-370.102971,444.123565,-10035.851024
13756.642516,0.0,370.102971,-9806.022374
13756.642834,-148.041188,518.144159,-9806.022374
13756.643152,296.082377,888.24713,-9729.412825
13756.643469,74.020594,518.144159,-10112.460574
13756.643787,74.020594,222.061783,-10112.460574
13756.644105,0.0,74.020594,-10265.679673
13756.644423,-222.061783,-222.061783,-10035.851024
13756.644741,0.0,-222.061783,-9959.241474
13756.645059,0.0,-222.061783,-10035.851024
13756.645376,0.0,0.0,-10035.851024
13756.645694,0.0,0.0,-10112.460574
13756.646012,0.0,0.0,-9959.241474
13756.64633,-296.082377,0.0,-10112.460574
13756.646648,-296.082377,0.0,-10418.898773
13756.646965,-592.164754,0.0,-10112.460574
13756.647283,-518.144159,0.0,-10572.117872
13756.647601,-370.102971,370.102971,-10572.117872
13756.647919,-592.164754,296.082377,-10725.336972
13756.648237,0.0,296.082377,-10572.117872
13756.648554,-148.041188,518.144159,-10495.508323
13756.648872,-74.020594,222.061783,-10648.727422
13756.64919,-222.061783,296.082377,-10495.508323
13756.649508,-666.185348,0.0,-10265.679673
13756.649826,-296.082377,0.0,-10112.460574
13756.650144,-370.102971,0.0,-10112.460574
13756.650461,-222.061783,-296.082377,-10035.851024
13756.650779,0.0,-222.061783,-9882.631924
13756.651097,-296.082377,0.0,-9806.022374
13756.651415,0.0,74.020594,-9729.412825
13756.651733,-148.041188,296.082377,-9193.145976
13756.65205,148.041188,296.082377,-10112.460574
13756.652368,-148.041188,74.020594,-10035.851024
13756.652686,74.020594,370.102971,-10112.460574
13756.653004,-148.041188,370.102971,-10418.898773
13756.653322,-370.102971,814.226536,-10572.117872
13756.653639,0.0,222.061783,-10418.898773
13756.653957,-148.041188,222.061783,-10189.070123
13756.654275,0.0,222.061783,-10265.679673
13756.654593,-148.041188,222.061783,-10801.946522
13756.654911,-148.041188,74.020594,-10265.679673
13756.655229,-222.061783,148.041188,-10342.289223
13756.655546,-222.061783,0.0,-10418.898773
13756.655864,-370.102971,0.0,-10342.289223
13756.656182,-296.082377,-370.102971,-10189.070123
13756.6565,-444.123565,0.0,-10189.070123
13756.656818,-296.082377,0.0,-10265.679673
13756.657135,-148.041188,-148.041188,-10265.679673
13756.657453,-148.041188,148.041188,-10648.727422
13756.657771,-222.061783,148.041188,-10265.679673
13756.658089,-296.082377,74.020594,-10265.679673
13756.658407,-444.123565,0.0,-10035.851024
13756.658724,-666.185348,148.041188,-10112.460574
13756.659042,-444.123565,0.0,-10035.851024
13756.65936,-370.102971,0.0,-10035.851024
13756.659678,-296.082377,222.061783,-10035.851024
13756.659996,0.0,444.123565,-10035.851024
13756.660314,296.082377,444.123565,-9499.584175
13756.660631,74.020594,592.164754,-10035.851024
13756.660949,296.082377,296.082377,-10265.679673
13756.661267,0.0,222.061783,-10495.508323
13756.661585,74.020594,148.041188,-10342.289223
13756.661903,74.020594,0.0,-10495.508323
13756.66222,0.0,0.0,-10418.898773
13756.662538,0.0,-148.041188,-10112.460574
13756.662856,0.0,0.0,-10265.679673
13756.663174,0.0,0.0,-9652.803275
13756.663492,0.0,-148.041188,-10112.460574
13756.663809,-296.082377,-148.041188,-10035.851024
13756.664127,-518.144159,-296.082377,-10189.070123
13756.664445,-518.144159,-370.102971,-10418.898773
13756.664763,-592.164754,74.020594,-9959.241474
13756.665081,-370.102971,148.041188,-10265.679673
13756.665399,-444.123565,370.102971,-10495.508323
13756.665716,-222.061783,592.164754,-10572.117872
13756.666034,0.0,1184.329507,-11261.603821
13756.666352,-148.041188,296.082377,-10725.336972
13756.66667,-592.164754,444.123565,-10801.946522
13756.666988,-444.123565,222.061783,-10265.679673
13756.667305,-444.123565,148.041188,-10265.679673
13756.667623,-592.164754,370.102971,-10495.508323
13756.667941,-222.061783,0.0,-9806.022374
13756.668259,0.0,-148.041188,-9729.412825
13756.668577,0.0,74.020594,-9806.022374
13756.668894,0.0,148.041188,-9576.193725
13756.669212,0.0,296.082377,-9806.022374
13756.66953,0.0,148.041188,-10189.070123
13756.669848,222.061783,74.020594,-10112.460574
13756.670166,0.0,-222.061783,-10189.070123
13756.670484,222.061783,0.0,-10495.508323
13756.670801,0.0,0.0,-10265.679673
13756.671119,0.0,0.0,-10035.851024
13756.671437,0.0,370.102971,-10265.679673
13756.671755,148.041188,370.102971,-10418.898773
13756.672073,0.0,296.082377,-10725.336972
13756.67239,-296.082377,444.123565,-10725.336972
13756.672708,-370.102971,74.020594,-10648.727422
13756.673026,-444.123565,0.0,-10725.336972
13756.673344,-592.164754,74.020594,-9959.241474
13756.673662,-370.102971,148.041188,-10189.070123
13756.673979,-296.082377,74.020594,-10572.117872
13756.674297,0.0,74.020594,-10495.508323
13756.674615,0.0,74.020594,-10342.289223
13756.674933,-444.123565,0.0,-10265.679673
13756.675251,-148.041188,0.0,-10112.460574
13756.675569,-370.102971,0.0,-10189.070123
13756.675886,-592.164754,0.0,-9806.022374
13756.676204,-740.205942,-592.164754,-9959.241474
13756.676522,-370.102971,-148.041188,-9729.412825
13756.67684,-296.082377,0.0,-9959.241474
13756.677158,0.0,296.082377,-10265.679673
13756.677475,0.0,370.102971,-10189.070123
13756.677793,74.020594,444.123565,-10342.289223
13756.678111,0.0,740.205942,-9959.241474
13756.678429,74.020594,444.123565,-10189.070123
13756.678747,0.0,444.123565,-10648.727422
13756.679064,296.082377,296.082377,-10265.679673
13756.679382,0.0,518.144159,-10342.289223
13756.6797,0.0,0.0,-10265.679673
13756.680018,0.0,0.0,-10189.070123
13756.680336,-148.041188,74.020594,-10112.460574
13756.680654,74.020594,0.0,-10342.289223
13756.680971,0.0,0.0,-10112.460574
13756.681289,-444.123565,-296.082377,-10418.898773
13756.681607,-444.123565,-370.102971,-10265.679673
13756.681925,-518.144159,0.0,-10418.898773
13756.682243,-518.144159,-148.041188,-10418.898773
13756.68256,-370.102971,74.020594,-10418.898773
13756.682878,-222.061783,74.020594,-10725.336972
13756.683196,-222.061783,370.102971,-10572.117872
13756.683514,-592.164754,370.102971,-10648.727422
13756.683832,-518.144159,370.102971,-10572.117872
13756.684149,-222.061783,148.041188,-10189.070123
13756.684467,-592.164754,222.061783,-10342.289223
13756.684785,-148.041188,296.082377,-9882.631924
13756.685103,-222.061783,148.041188,-9959.241474
13756.685421,-592.164754,148.041188,-10035.851024
13756.685739,-148.041188,148.041188,-9882.631924
13756.686056,0.0,148.041188,-9882.631924
13756.686374,0.0,74.020594,-9882.631924
13756.686692,74.020594,370.102971,-9959.241474
13756.68701,148.041188,148.041188,-10035.851024
13756.687328,0.0,0.0,-10112.460574
13756.687645,0.0,74.020594,-10342.289223
13756.687963,0.0,-148.041188,-10035.851024
13756.688281,0.0,-222.061783,-10035.851024
13756.688599,0.0,0.0,-10265.679673
13756.688917,74.020594,296.082377,-10418.898773
13756.689234,222.061783,592.164754,-10418.898773
13756.689552,-148.041188,370.102971,-10418.898773
13756.68987,-592.164754,74.020594,-10418.898773
13756.690188,-592.164754,148.041188,-10648.727422
13756.690506,-592.164754,74.020594,-10418.898773
13756.690824,-370.102971,74.020594,-10495.508323
13756.691141,-296.082377,148.041188,-10572.117872
13756.691459,-222.061783,296.082377,-10495.508323
13756.691777,0.0,444.123565,-10648.727422
13756.692095,0.0,592.164754,-10648.727422
13756.692413,-148.041188,0.0,-10418.898773
13756.69273,-296.082377,0.0,-10189.070123
13756.693048,-370.102971,-148.041188,-10189.070123
13756.693366,-370.102971,0.0,-9422.974625
13756.693684,-444.123565,0.0,-9882.631924
13756.694002,-518.144159,0.0,-9806.022374
13756.694319,-296.082377,0.0,-9959.241474
13756.694637,-296.082377,222.061783,-9729.412825
13756.694955,-222.061783,740.205942,-9576.193725
13756.695273,0.0,444.123565,-10035.851024
13756.695591,0.0,592.164754,-10265.679673
13756.695909,0.0,444.123565,-10265.679673
13756.696226,-148.041188,222.061783,-10342.289223
13756.696544,-148.041188,222.061783,-10495.508323
13756.696862,-148.041188,222.061783,-10418.898773
13756.69718,-148.041188,74.020594,-10189.070123
13756.697498,0.0,148.041188,-10189.070123
13756.697815,222.061783,370.102971,-10801.946522
13756.698133,0.0,222.061783,-10418.898773
13756.698451,0.0,0.0,-10112.460574
13756.698769,-296.082377,0.0,-10418.898773
13756.699087,-444.123565,-370.102971,-9576.193725
13756.699404,-518.144159,-296.082377,-10265.679673
13756.699722,-370.102971,-296.082377,-10265.679673
13756.70004,-370.102971,-444.123565,-10265.679673
13756.700358,-222.061783,222.061783,-10342.289223
13756.700675,0.0,-148.041188,-10112.460574
13756.700993,-296.082377,222.061783,-10495.508323
13756.701311,-296.082377,296.082377,-10189.070123
13756.701629,-370.102971,370.102971,-10189.070123
13756.701947,-592.164754,296.082377,-10112.460574
13756.702264,-1110.308913,518.144159,-10418.898773
13756.702582,-592.164754,296.082377,-10112.460574
13756.7029,-296.082377,444.123565,-10189.070123
13756.703218,0.0,74.020594,-10112.460574
13756.703536,74.020594,444.123565,-9193.145976
13756.703853,222.061783,592.164754,-10112.460574
13756.704171,74.020594,296.082377,-10112.460574
13756.704489,74.020594,0.0,-10112.460574
13756.704807,0.0,0.0,-10189.070123
13756.705125,74.020594,-222.061783,-10418.898773
13756.705442,0.0,0.0,-10342.289223
13756.70576,0.0,-296.082377,-10035.851024
13756.706078,0.0,0.0,-10112.460574
13756.706396,0.0,0.0,-10342.289223
13756.706714,-148.041188,74.020594,-10035.851024
13756.707031,-296.082377,148.041188,-10189.070123
13756.707349,-296.082377,0.0,-10265.679673
13756.707667,-444.123565,74.020594,-10495.508323
13756.707985,-666.185348,-370.102971,-10265.679673
13756.708303,-592.164754,370.102971,-10572.117872
13756.70862,-296.082377,148.041188,-10572.117872
13756.708938,-370.102971,444.123565,-10801.946522
13756.709256,-296.082377,296.082377,-10418.898773
13756.709574,-148.041188,592.164754,-10572.117872
13756.709892,-222.061783,148.041188,-10418.898773
13756.710209,-370.102971,0.0,-10189.070123
13756.710527,-518.144159,74.020594,-10035.851024
13756.710845,-296.082377,-148.041188,-10035.851024
13756.711163,-370.102971,-148.041188,-9806.022374
13756.711481,-370.102971,0.0,-9806.022374
13756.711798,-296.082377,0.0,-9806.022374
13756.712116,148.041188,0.0,-9882.631924
13756.712434,74.020594,0.0,-9959.241474
13756.712752,0.0,370.102971,-9959.241474
13756.71307,0.0,296.082377,-10112.460574
13756.713387,0.0,296.082377,-10189.070123
13756.713705,0.0,740.205942,-10572.117872
13756.714023,0.0,74.020594,-10648.727422
13756.714341,-148.041188,296.082377,-10572.117872
13756.714658,-222.061783,148.041188,-10342.289223
13756.714976,0.0,222.061783,-10265.679673
13756.715294,296.082377,814.226536,-10572.117872
13756.715612,0.0,518.144159,-10342.289223
13756.71593,-148.041188,0.0,-10495.508323
13756.716247,-222.061783,-148.041188,-10418.898773
13756.716565,-370.102971,-518.144159,-10342.289223
13756.716883,-444.123565,-296.082377,-10495.508323
13756.717201,-370.102971,-222.061783,-10572.117872
13756.717519,-296.082377,0.0,-10342.289223
13756.717836,0.0,148.041188,-10418.898773
13756.718154,-444.123565,74.020594,-10342.289223
13756.718472,74.020594,0.0,-10342.289223
13756.71879,-370.102971,74.020594,-9959.241474
13756.719108,-444.123565,0.0,-10035.851024
13756.719425,-592.164754,0.0,-10112.460574
13756.719743,-518.144159,296.082377,-10035.851024
13756.720061,-444.123565,296.082377,-10112.460574
13756.720379,-370.102971,370.102971,-10035.851024
13756.720697,0.0,370.102971,-10189.070123
13756.721014,0.0,518.144159,-10112.460574
13756.721332,740.205942,666.185348,-9269.755526
13756.72165,74.020594,444.123565,-10265.679673
13756.721968,74.020594,296.082377,-10189.070123
13756.722286,0.0,74.020594,-10418.898773
13756.722603,-222.061783,0.0,-10725.336972
13756.722921,0.0,370.102971,-10112.460574
13756.723239,-148.041188,0.0,-10189.070123
13756.723557,0.0,0.0,-10035.851024
13756.723875,0.0,0.0,-9882.631924
13756.724192,0.0,0.0,-10112.460574
13756.72451,0.0,-296.082377,-9576.193725
13756.724828,-444.123565,-296.082377,-10418.898773
13756.725146,-666.185348,-296.082377,-10342.289223
13756.725464,-740.205942,0.0,-10342.289223
13756.725781,-518.144159,222.061783,-10495.508323
13756.726099,-222.061783,296.082377,-9346.365076
13756.726417,0.0,888.24713,-10342.289223
13756.726735,-370.102971,962.267725,-10801.946522
13756.727053,-296.082377,592.164754,-10725.336972
13756.72737,-444.123565,222.061783,-10418.898773
13756.727688,-370.102971,148.041188,-10418.898773
13756.728006,-592.164754,0.0,-10035.851024
13756.728324,-444.123565,0.0,-9806.022374
13756.728641,-370.102971,222.061783,-9806.022374
13756.728959,0.0,370.102971,-9422.974625
13756.729277,0.0,0.0,-9882.631924
13756.729595,0.0,0.0,-9652.803275
13756.729913,0.0,148.041188,-9806.022374
13756.73023,0.0,74.020594,-9806.022374
13756.730548,0.0,-148.041188,-10265.679673
13756.730866,0.0,0.0,-10189.070123
13756.731184,-222.061783,0.0,-10265.679673
13756.731502,0.0,0.0,-10418.898773
13756.731819,-222.061783,296.082377,-9729.412825
13756.732137,0.0,222.061783,-10418.898773
13756.732455,-148.041188,518.144159,-10265.679673
13756.732773,148.041188,222.061783,-10418.898773
13756.733091,0.0,370.102971,-10342.289223
13756.733408,-296.082377,296.082377,-10572.117872
13756.733726,-370.102971,0.0,-10572.117872
13756.734044,-518.144159,-222.061783,-10648.727422
13756.734362,-296.082377,0.0,-10495.508323
13756.73468,-814.226536,296.082377,-10189.070123
13756.734997,-222.061783,74.020594,-10342.289223
13756.735315,-370.102971,74.020594,-10189.070123
13756.735633,-148.041188,74.020594,-10265.679673
13756.735951,-222.061783,0.0,-10112.460574
13756.736269,-296.082377,-444.123565,-10495.508323
13756.736586,-740.205942,0.0,-10112.460574
13756.736904,-518.144159,0.0,-9806.022374
13756.737222,-444.123565,0.0,-10112.460574
13756.73754,-518.144159,592.164754,-10495.508323
13756.737858,-148.041188,444.123565,-9806.022374
13756.738175,0.0,296.082377,-9882.631924
13756.738493,-148.041188,666.185348,-9882.631924
13756.738811,0.0,592.164754,-10112.460574
13756.739129,0.0,518.144159,-10035.851024
13756.739447,74.020594,370.102971,-10265.679673
13756.739764,-222.061783,296.082377,-10418.898773
13756.740082,0.0,74.020594,-10418.898773
13756.7404,0.0,0.0,-10265.679673
13756.740718,74.020594,148.041188,-10418.898773
13756.741036,148.041188,0.0,-9882.631924
13756.741353,0.0,74.020594,-9959.241474
13756.741671,148.041188,0.0,-10265.679673
13756.741989,0.0,-296.082377,-10112.460574
13756.742307,-296.082377,-296.082377,-10418.898773
13756.742624,-518.144159,-444.123565,-10112.460574
13756.742942,-740.205942,-148.041188,-10265.679673
13756.74326,-148.041188,74.020594,-10035.851024
13756.743578,0.0,222.061783,-10725.336972
13756.743896,0.0,518.144159,-10265.679673
13756.744213,-370.102971,296.082377,-10495.508323
13756.744531,-296.082377,444.123565,-10801.946522
13756.744849,74.020594,592.164754,-10495.508323
13756.745167,-592.164754,148.041188,-10418.898773
13756.745485,-666.185348,222.061783,-10418.898773
13756.745802,-518.144159,370.102971,-10112.460574
13756.74612,-296.082377,296.082377,-10035.851024
13756.746438,0.0,74.020594,-9806.022374
13756.746756,0.0,222.061783,-9806.022374
13756.747074,0.0,74.020594,-9806.022374
13756.747391,0.0,74.020594,-9806.022374
13756.747709,0.0,444.123565,-10265.679673
13756.748027,74.020594,0.0,-10112.460574
13756.748345,0.0,-222.061783,-10342.289223
13756.748663,-296.082377,0.0,-10112.460574
13756.74898,-148.041188,-222.061783,-10189.070123
13756.749298,148.041188,-148.041188,-9806.022374
13756.749616,0.0,148.041188,-10265.679673
13756.749934,-148.041188,148.041188,-10035.851024
13756.750252,0.0,444.123565,-10418.898773
13756.750569,0.0,740.205942,-10725.336972
13756.750887,-222.061783,222.061783,-10418.898773
13756.751205,-370.102971,0.0,-10265.679673
13756.751523,-518.144159,0.0,-10342.289223
13756.751841,-444.123565,148.041188,-9959.241474
13756.752158,-444.123565,148.041188,-10648.727422
13756.752476,-296.082377,444.123565,-10265.679673
13756.752794,0.0,148.041188,-10495.508323
13756.753112,-222.061783,148.041188,-10418.898773
13756.75343,0.0,-296.082377,-10342.289223
13756.753747,-222.061783,-296.082377,-10189.070123
13756.754065,-666.185348,-370.102971,-9882.631924
13756.754383,-740.205942,-370.102971,-10035.851024
13756.754701,-296.082377,-222.061783,-9959.241474
13756.755019,-296.082377,74.020594,-9882.631924
13756.755336,0.0,222.061783,-9959.241474
13756.755654,-222.061783,370.102971,-10112.460574
13756.755972,0.0,518.144159,-9959.241474
13756.75629,148.041188,740.205942,-10265.679673
13756.756607,0.0,666.185348,-10342.289223
13756.756925,0.0,518.144159,-10495.508323
13756.757243,-296.082377,222.061783,-10572.117872
13756.757561,0.0,370.102971,-10572.117872
13756.757879,-296.082377,222.061783,-10418.898773
13756.758196,0.0,74.020594,-10189.070123
13756.758514,0.0,222.061783,-10035.851024
13756.758832,148.041188,74.020594,-10035.851024
13756.75915,-222.061783,-222.061783,-10112.460574
13756.759468,-296.082377,-296.082377,-10495.508323
13756.759785,-370.102971,-444.123565,-10112.460574
13756.760103,-296.082377,-592.164754,-10418.898773
13756.760421,-370.102971,0.0,-10112.460574
13756.760739,-148.041188,0.0,-10265.679673
13756.761057,0.0,222.061783,-10265.679673
13756.761374,-296.082377,370.102971,-10495.508323
13756.761692,-444.123565,444.123565,-10418.898773
13756.76201,-222.061783,74.020594,-10418.898773
13756.762328,-370.102971,0.0,-10112.460574
13756.762646,-740.205942,296.082377,-10342.289223
13756.762963,-518.144159,148.041188,-10418.898773
13756.763281,-296.082377,74.020594,-10112.460574
13756.763599,-296.082377,222.061783,-10112.460574
13756.763917,-296.082377,370.102971,-9882.631924
13756.764235,0.0,296.082377,-10189.070123
13756.764552,74.020594,518.144159,-9959.241474
13756.76487,370.102971,222.061783,-10189.070123
13756.765188,0.0,0.0,-10418.898773
13756.765506,74.020594,0.0,-10112.460574
13756.765824,-222.061783,0.0,-10189.070123
13756.766141,-148.041188,0.0,-10189.070123
13756.766459,0.0,0.0,-10189.070123
13756.766777,0.0,0.0,-10112.460574
13756.767095,0.0,74.020594,-9882.631924
13756.767413,-222.061783,296.082377,-10189.070123
13756.76773,-296.082377,148.041188,-9652.803275
13756.768048,-518.144159,0.0,-10418.898773
13756.768366,-444.123565,0.0,-10418.898773
13756.768684,-518.144159,74.020594,-10418.898773
13756.769002,-296.082377,148.041188,-10418.898773
13756.769319,0.0,444.123565,-9806.022374
13756.769637,0.0,296.082377,-10648.727422
13756.769955,-148.041188,518.144159,-10495.508323
13756.770273,-148.041188,148.041188,-10572.117872
13756.77059,-296.082377,296.082377,-10725.336972
13756.770908,-444.123565,0.0,-10189.070123
13756.771226,-444.123565,0.0,-9882.631924
13756.771544,-444.123565,0.0,-10342.289223
13756.771862,-296.082377,74.020594,-9959.241474
13756.772179,-370.102971,-222.061783,-9346.365076
13756.772497,0.0,0.0,-10035.851024
13756.772815,-222.061783,74.020594,-9882.631924
13756.773133,0.0,148.041188,-9882.631924
13756.773451,-148.041188,370.102971,-9882.631924
13756.773768,0.0,296.082377,-9882.631924
13756.774086,0.0,148.041188,-10035.851024
13756.774404,-296.082377,148.041188,-10495.508323
13756.774722,-222.061783,296.082377,-10572.117872
13756.77504,0.0,370.102971,-10648.727422
13756.775357,0.0,444.123565,-10189.070123
13756.775675,0.0,296.082377,-10495.508323
13756.775993,0.0,74.020594,-10189.070123
13756.776311,0.0,296.082377,-10495.508323
13756.776629,-148.041188,0.0,-10418.898773
13756.776946,-518.144159,-148.041188,-10572.117872
13756.777264,-370.102971,-444.123565,-10342.289223
13756.777582,-518.144159,-148.041188,-10189.070123
13756.7779,-148.041188,0.0,-9499.584175
13756.778218,-296.082377,0.0,-10189.070123
13756.778535,0.0,222.061783,-10342.289223
13756.778853,-370.102971,296.082377,-10342.289223
13756.779171,-518.144159,148.041188,-10265.679673
13756.779489,-592.164754,74.020594,-10572.117872
13756.779807,-370.102971,222.061783,-10112.460574
13756.780124,-592.164754,74.020594,-10342.289223
13756.780442,-592.164754,148.041188,-9959.241474
13756.78076,-296.082377,74.020594,-10189.070123
13756.781078,-370.102971,222.061783,-10112.460574
13756.781396,-148.041188,222.061783,-10035.851024
13756.781713,-222.061783,518.144159,-9959.241474
13756.782031,148.041188,444.123565,-9959.241474
13756.782349,148.041188,518.144159,-9882.631924
13756.782667,74.020594,296.082377,-10342.289223
13756.782985,0.0,0.0,-10342.289223
13756.783302,0.0,-222.061783,-10342.289223
13756.78362,-148.041188,0.0,-9499.584175
13756.783938,-148.041188,0.0,-10112.460574
13756.784256,0.0,0.0,-10035.851024
13756.784573,0.0,0.0,-10112.460574
13756.784891,0.0,0.0,-10112.460574
13756.785209,-222.061783,-518.144159,-10342.289223
13756.785527,-444.123565,0.0,-10342.289223
13756.785845,-444.123565,-296.082377,-10418.898773
13756.786162,-592.164754,0.0,-10648.727422
13756.78648,-518.144159,148.041188,-10495.508323
13756.786798,-296.082377,518.144159,-10572.117872
13756.787116,0.0,740.205942,-10878.556072
13756.787434,-296.082377,518.144159,-10725.336972
13756.787751,-296.082377,666.185348,-10495.508323
13756.788069,0.0,222.061783,-10801.946522
13756.788387,-740.205942,0.0,-10342.289223
13756.788705,-444.123565,74.020594,-10342.289223
13756.789023,-592.164754,0.0,-10035.851024
13756.78934,-222.061783,74.020594,-9729.412825
13756.789658,-296.082377,74.020594,-9806.022374
13756.789976,0.0,0.0,-9806.022374
13756.790294,0.0,0.0,-9806.022374
13756.790612,0.0,148.041188,-9882.631924
13756.790929,296.082377,0.0,-9729.412825
13756.791247,-296.082377,222.061783,-10112.460574
13756.791565,0.0,0.0,-10265.679673
13756.791883,-148.041188,148.041188,-10342.289223
13756.792201,-148.041188,222.061783,-10342.289223
13756.792518,-148.041188,148.041188,-10342.289223
13756.792836,0.0,518.144159,-10495.508323
13756.793154,0.0,296.082377,-10418.898773
13756.793472,-222.061783,370.102971,-10648.727422
13756.79379,-518.144159,592.164754,-10265.679673
13756.794107,-444.123565,0.0,-10572.117872
13756.794425,-296.082377,0.0,-10495.508323
13756.794743,-370.102971,0.0,-10112.460574
13756.795061,-296.082377,0.0,-10112.460574
13756.795379,-296.082377,222.061783,-10342.289223
13756.795696,0.0,148.041188,-10495.508323
13756.796014,-148.041188,0.0,-10418.898773
13756.796332,-518.144159,0.0,-10112.460574
13756.79665,-222.061783,222.061783,-10035.851024
13756.796968,-444.123565,0.0,-10112.460574
13756.797285,-592.164754,-148.041188,-10189.070123
13756.797603,-740.205942,0.0,-10035.851024
13756.797921,-444.123565,74.020594,-9959.241474
13756.798239,-148.041188,148.041188,-9806.022374
13756.798556,-222.061783,518.144159,-9806.022374
13756.798874,0.0,444.123565,-9882.631924
13756.799192,0.0,518.144159,-10035.851024
13756.79951,-592.164754,814.226536,-9576.193725
13756.799828,0.0,518.144159,-10265.679673
13756.800145,-148.041188,222.061783,-10418.898773
13756.800463,-222.061783,0.0,-10342.289223
13756.800781,-222.061783,0.0,-10418.898773
13756.801099,74.020594,74.020594,-10265.679673
13756.801417,0.0,0.0,-10112.460574
13756.801734,148.041188,222.061783,-9806.022374
13756.802052,74.020594,-222.061783,-10035.851024
13756.80237,222.061783,-370.102971,-9806.022374
13756.802688,-370.102971,-518.144159,-10648.727422
13756.803006,-444.123565,-370.102971,-10495.508323
13756.803323,-518.144159,-444.123565,-9959.241474
13756.803641,-296.082377,0.0,-9959.241474
13756.803959,0.0,0.0,-10342.289223
13756.804277,-296.082377,370.102971,-10725.336972
13756.804595,-148.041188,518.144159,-10418.898773
13756.804913,-370.102971,518.144159,-10572.117872
13756.80523,-222.061783,592.164754,-11031.775171
13756.805548,-666.185348,370.102971,-10801.946522
13756.805866,-592.164754,518.144159,-10418.898773
13756.806184,-444.123565,148.041188,-10418.898773
13756.806502,-444.123565,296.082377,-10189.070123
13756.806819,-370.102971,518.144159,-9882.631924
13756.807137,-222.061783,74.020594,-9882.631924
13756.807455,0.0,0.0,-9882.631924
13756.807773,74.020594,0.0,-9806.022374
13756.808091,74.020594,592.164754,-10265.679673
13756.808408,0.0,0.0,-9959.241474
13756.808726,148.041188,0.0,-10035.851024
13756.809044,74.020594,0.0,-9959.241474
13756.809362,0.0,0.0,-10342.289223
13756.80968,-518.144159,444.123565,-10112.460574
13756.809997,0.0,0.0,-10189.070123
13756.810315,-148.041188,222.061783,-10495.508323
13756.810633,0.0,222.061783,-10342.289223
13756.810951,296.082377,148.041188,-10265.679673
13756.811269,-370.102971,296.082377,-10572.117872
13756.811586,-370.102971,222.061783,-10725.336972
13756.811904,-296.082377,0.0,-10265.679673
13756.812222,-444.123565,74.020594,-10725.336972
13756.81254,-592.164754,444.123565,-10035.851024
13756.812858,-222.061783,74.020594,-10572.117872
13756.813175,-222.061783,148.041188,-10342.289223
13756.813493,-148.041188,0.0,-10418.898773
13756.813811,-592.164754,444.123565,-10495.508323
13756.814129,-296.082377,0.0,-10265.679673
13756.814447,-370.102971,-148.041188,-10189.070123
13756.814764,-444.123565,0.0,-9882.631924
13756.815082,-370.102971,-296.082377,-10112.460574
13756.8154,-444.123565,148.041188,-9499.584175
13756.815718,-518.144159,0.0,-9959.241474
13756.816036,-222.061783,222.061783,-9806.022374
13756.816353,0.0,370.102971,-10112.460574
13756.816671,0.0,592.164754,-10189.070123
13756.816989,0.0,592.164754,-10189.070123
13756.817307,0.0,518.144159,-10418.898773
13756.817625,0.0,518.144159,-10112.460574
13756.817942,-222.061783,370.102971,-10572.117872
13756.81826,370.102971,666.185348,-11414.82292
13756.818578,0.0,222.061783,-10265.679673
13756.818896,0.0,74.020594,-10112.460574
13756.819214,0.0,0.0,-10265.679673
13756.819531,0.0,0.0,-10035.851024
13756.819849,0.0,148.041188,-10725.336972
13756.820167,-370.102971,-296.082377,-10418.898773
13756.820485,-444.123565,-296.082377,-10265.679673
13756.820803,-444.123565,-444.123565,-10342.289223
13756.82112,148.041188,0.0,-10035.851024
13756.821438,-370.102971,0.0,-10418.898773
13756.821756,-148.041188,296.082377,-10495.508323
13756.822074,-370.102971,296.082377,-10265.679673
13756.822392,-296.082377,444.123565,-10725.336972
13756.822709,-666.185348,518.144159,-10725.336972
13756.823027,-370.102971,296.082377,-10418.898773
13756.823345,-592.164754,296.082377,-10342.289223
13756.823663,-592.164754,222.061783,-10112.460574
13756.823981,-296.082377,740.205942,-9806.022374
13756.824298,-296.082377,222.061783,-9959.241474
13756.824616,0.0,222.061783,-10189.070123
13756.824934,0.0,296.082377,-10112.460574
13756.825252,0.0,296.082377,-9959.241474
13756.82557,0.0,296.082377,-9959.241474
13756.825887,0.0,0.0,-10112.460574
13756.826205,0.0,0.0,-10342.289223
13756.826523,0.0,-222.061783,-9959.241474
13756.826841,0.0,74.020594,-10035.851024
13756.827159,0.0,-222.061783,-9959.241474
13756.827476,0.0,-148.041188,-9959.241474
13756.827794,0.0,0.0,-10035.851024
13756.828112,-148.041188,0.0,-10112.460574
13756.82843,-370.102971,222.061783,-10189.070123
13756.828748,-370.102971,74.020594,-10342.289223
13756.829065,-592.164754,74.020594,-10495.508323
13756.829383,-592.164754,0.0,-10342.289223
13756.829701,-518.144159,592.164754,-9652.803275
13756.830019,-444.123565,370.102971,-10418.898773
13756.830337,-296.082377,296.082377,-10648.727422
13756.830654,0.0,444.123565,-10495.508323
13756.830972,-444.123565,370.102971,-10572.117872
13756.83129,-518.144159,444.123565,-10418.898773
13756.831608,-370.102971,0.0,-10342.289223
13756.831926,-296.082377,0.0,-9882.631924
13756.832243,-370.102971,0.0,-9806.022374
13756.832561,222.061783,-592.164754,-9882.631924
13756.832879,-222.061783,0.0,-9806.022374
13756.833197,-296.082377,-222.061783,-9882.631924
13756.833515,-222.061783,148.041188,-9806.022374
13756.833832,-148.041188,370.102971,-9039.926876
13756.83415,148.041188,370.102971,-9806.022374
13756.834468,0.0,592.164754,-10265.679673
13756.834786,74.020594,592.164754,-10342.289223
13756.835104,0.0,222.061783,-10418.898773
13756.835421,0.0,444.123565,-10342.289223
13756.835739,-148.041188,296.082377,-10342.289223
13756.836057,0.0,148.041188,-10342.289223
13756.836375,0.0,296.082377,-10418.898773
13756.836693,0.0,296.082377,-9806.022374
13756.83701,0.0,74.020594,-10342.289223
13756.837328,0.0,74.020594,-10342.289223
13756.837646,-296.082377,0.0,-10265.679673
13756.837964,0.0,-370.102971,-10265.679673
13756.838282,0.0,0.0,-10725.336972
13756.838599,-370.102971,0.0,-10265.679673
13756.838917,-518.144159,-296.082377,-10342.289223
13756.839235,-296.082377,148.041188,-10418.898773
13756.839553,-296.082377,222.061783,-10189.070123
13756.839871,-296.082377,0.0,-10342.289223
13756.840188,-296.082377,222.061783,-10342.289223
13756.840506,-518.144159,148.041188,-10265.679673
13756.840824,-370.102971,296.082377,-10112.460574
13756.841142,-592.164754,222.061783,-10572.117872
13756.84146,-444.123565,296.082377,-10189.070123
13756.841777,-518.144159,370.102971,-9959.241474
13756.842095,-222.061783,518.144159,-9959.241474
13756.842413,-296.082377,888.24713,-11031.775171
13756.842731,74.020594,592.164754,-10112.460574
13756.843049,222.061783,222.061783,-10265.679673
13756.843366,0.0,296.082377,-10265.679673
13756.843684,0.0,74.020594,-10342.289223
13756.844002,0.0,-296.082377,-10495.508323
13756.84432,0.0,0.0,-10112.460574
13756.844638,0.0,-148.041188,-10035.851024
13756.844955,0.0,0.0,-10112.460574
13756.845273,444.123565,74.020594,-11261.603821
13756.845591,74.020594,0.0,-10189.070123
13756.845909,-148.041188,0.0,-10342.289223
13756.846227,-518.144159,0.0,-10418.898773
13756.846544,-518.144159,0.0,-10495.508323
13756.846862,-666.185348,0.0,-10342.289223
13756.84718,-444.123565,74.020594,-10495.508323
13756.847498,-296.082377,370.102971,-10418.898773
13756.847816,-148.041188,666.185348,-10801.946522
13756.848133,-370.102971,888.24713,-10418.898773
13756.848451,-148.041188,666.185348,-10648.727422
13756.848769,-444.123565,370.102971,-10648.727422
13756.849087,-296.082377,0.0,-10265.679673
13756.849405,-592.164754,74.020594,-10035.851024
13756.849722,-666.185348,74.020594,-10189.070123
13756.85004,-296.082377,0.0,-9806.022374
13756.850358,-222.061783,0.0,-9882.631924
13756.850676,0.0,74.020594,-9806.022374
13756.850994,962.267725,-740.205942,-9499.584175
13756.851311,0.0,0.0,-9806.022374
13756.851629,74.020594,222.061783,-9806.022374
13756.851947,0.0,74.020594,-10189.070123
13756.852265,0.0,148.041188,-10418.898773
13756.852583,-296.082377,0.0,-10648.727422
13756.8529,-296.082377,148.041188,-10418.898773
13756.853218,0.0,74.020594,-10189.070123
13756.853536,-148.041188,444.123565,-10265.679673
13756.853854,370.102971,0.0,-9882.631924
13756.854172,0.0,296.082377,-10495.508323
13756.854489,0.0,444.123565,-10648.727422
13756.854807,-370.102971,0.0,-10572.117872
13756.855125,-370.102971,-296.082377,-9652.803275
13756.855443,-296.082377,-592.164754,-10648.727422
13756.855761,-592.164754,-148.041188,-10112.460574
13756.856078,-370.102971,-148.041188,-10035.851024
13756.856396,0.0,370.102971,-10418.898773
13756.856714,148.041188,0.0,-10265.679673
13756.857032,-148.041188,0.0,-10265.679673
13756.85735,-222.061783,0.0,-10342.289223
13756.857667,-518.144159,-222.061783,-10342.289223
13756.857985,-592.164754,-296.082377,-10112.460574
13756.858303,-518.144159,0.0,-9882.631924
13756.858621,-518.144159,296.082377,-10112.460574
13756.858939,-518.144159,444.123565,-9959.241474
13756.859256,-148.041188,296.082377,-10112.460574
13756.859574,222.061783,592.164754,-10035.851024
13756.859892,0.0,592.164754,-10035.851024
13756.86021,0.0,444.123565,-9959.241474
13756.860528,-148.041188,592.164754,-10342.289223
13756.860845,0.0,888.24713,-10112.460574
13756.861163,-148.041188,222.061783,-10035.851024
13756.861481,-148.041188,0.0,-10418.898773
13756.861799,74.020594,-296.082377,-10112.460574
13756.862117,0.0,0.0,-9882.631924
13756.862434,0.0,-222.061783,-9729.412825
13756.862752,0.0,-222.061783,-10265.679673
13756.86307,0.0,0.0,-10342.289223
13756.863388,-444.123565,-296.082377,-10112.460574
13756.863706,-296.082377,0.0,-10572.117872
13756.864023,-370.102971,-370.102971,-10572.117872
13756.864341,-370.102971,-148.041188,-10342.289223
13756.864659,-296.082377,222.061783,-10648.727422
13756.864977,-592.164754,296.082377,-10572.117872
13756.865295,0.0,592.164754,-10801.946522
13756.865612,-444.123565,592.164754,-10572.117872
13756.86593,-444.123565,444.123565,-10495.508323
13756.866248,-370.102971,148.041188,-10418.898773
13756.866566,-370.102971,296.082377,-10189.070123
13756.866884,-296.082377,222.061783,-10265.679673
13756.867201,-592.164754,148.041188,-9959.241474
13756.867519,-444.123565,148.041188,-9882.631924
13756.867837,-296.082377,0.0,-9959.241474
13756.868155,0.0,-296.082377,-9576.193725
13756.868473,0.0,0.0,-9806.022374
13756.868791,0.0,0.0,-9806.022374
13756.869108,148.041188,74.020594,-10112.460574
13756.869426,-222.061783,222.061783,-10112.460574
13756.869744,0.0,74.020594,-10265.679673
13756.870062,-148.041188,0.0,-10418.898773
13756.87038,0.0,0.0,-10418.898773
13756.870697,0.0,74.020594,-10265.679673
13756.871015,0.0,370.102971,-10342.289223
13756.871333,0.0,518.144159,-10189.070123
13756.871651,74.020594,296.082377,-10418.898773
13756.871969,0.0,222.061783,-10495.508323
13756.872286,0.0,-370.102971,-10342.289223
13756.872604,-518.144159,148.041188,-10648.727422
13756.872922,-444.123565,0.0,-10418.898773
13756.87324,-370.102971,0.0,-10342.289223
13756.873558,-444.123565,222.061783,-10342.289223
13756.873875,-222.061783,296.082377,-10418.898773
13756.874193,-148.041188,74.020594,-10342.289223
13756.874511,-222.061783,-148.041188,-10418.898773
13756.874829,0.0,-148.041188,-9959.241474
13756.875147,-592.164754,222.061783,-9959.241474
13756.875464,-666.185348,0.0,-10112.460574
13756.875782,-592.164754,0.0,-9806.022374
13756.8761,-444.123565,0.0,-9806.022374
13756.876418,-296.082377,148.041188,-9882.631924
13756.876736,-148.041188,222.061783,-9959.241474
13756.877053,-148.041188,370.102971,-9806.022374
13756.877371,0.0,592.164754,-10035.851024
13756.877689,0.0,666.185348,-10189.070123
13756.878007,-148.041188,370.102971,-10801.946522
13756.878325,0.0,444.123565,-10418.898773
13756.878642,0.0,296.082377,-10495.508323
13756.87896,0.0,370.102971,-10572.117872
13756.879278,0.0,370.102971,-10342.289223
13756.879596,-148.041188,222.061783,-9959.241474
13756.879914,74.020594,0.0,-9959.241474
13756.880231,0.0,74.020594,-10112.460574
13756.880549,0.0,0.0,-10189.070123
13756.880867,-518.144159,148.041188,-10801.946522
13756.881185,-148.041188,-222.061783,-10265.679673
13756.881503,-370.102971,-444.123565,-10189.070123
13756.88182,-222.061783,-296.082377,-10342.289223
13756.882138,-370.102971,0.0,-10035.851024
13756.882456,-148.041188,74.020594,-10495.508323
13756.882774,-296.082377,370.102971,-10418.898773
13756.883092,-518.144159,296.082377,-10648.727422
13756.883409,-296.082377,518.144159,-10418.898773
13756.883727,74.020594,0.0,-10342.289223
13756.884045,-370.102971,222.061783,-10342.289223
13756.884363,-518.144159,148.041188,-10342.289223
13756.884681,-592.164754,370.102971,-10418.898773
13756.884998,-444.123565,370.102971,-9882.631924
13756.885316,-296.082377,148.041188,-9959.241474
13756.885634,0.0,296.082377,-9959.241474
13756.885952,222.061783,222.061783,-9959.241474
13756.88627,370.102971,222.061783,-10035.851024
13756.886587,370.102971,444.123565,-9806.022374
13756.886905,74.020594,-148.041188,-10189.070123
13756.887223,-296.082377,0.0,-10112.460574
13756.887541,-222.061783,0.0,-10035.851024
13756.887859,0.0,-74.020594,-10265.679673
13756.888176,-148.041188,148.041188,-10035.851024
13756.888494,148.041188,0.0,-10265.679673
13756.888812,0.0,0.0,-10418.898773
13756.88913,-370.102971,370.102971,-10189.070123
13756.889448,-222.061783,74.020594,-10725.336972
13756.889765,-444.123565,74.020594,-10495.508323
13756.890083,-370.102971,0.0,-10342.289223
13756.890401,-444.123565,222.061783,-10572.117872
13756.890719,-370.102971,814.226536,-10035.851024
13756.891037,-296.082377,370.102971,-10495.508323
13756.891354,0.0,444.123565,-10495.508323
13756.891672,-296.082377,222.061783,-10495.508323
13756.89199,-296.082377,148.041188,-10342.289223
13756.892308,-814.226536,222.061783,-10495.508323
13756.892626,-370.102971,0.0,-9959.241474
13756.892943,-444.123565,-222.061783,-10265.679673
13756.893261,-518.144159,0.0,-10112.460574
13756.893579,0.0,518.144159,-10189.070123
13756.893897,-296.082377,0.0,-9806.022374
13756.894215,0.0,0.0,-10035.851024
13756.894532,0.0,222.061783,-9882.631924
13756.89485,0.0,444.123565,-9806.022374
13756.895168,148.041188,370.102971,-10035.851024
13756.895486,0.0,592.164754,-10189.070123
13756.895804,0.0,518.144159,-10572.117872
13756.896121,0.0,296.082377,-10495.508323
13756.896439,148.041188,296.082377,-10342.289223
13756.896757,-148.041188,296.082377,-10418.898773
13756.897075,0.0,148.041188,-10418.898773
13756.897393,0.0,148.041188,-10265.679673
13756.89771,74.020594,74.020594,-10189.070123
13756.898028,-296.082377,-296.082377,-10189.070123
13756.898346,-222.061783,-148.041188,-10572.117872
13756.898664,-296.082377,-370.102971,-10495.508323
13756.898982,-518.144159,-444.123565,-10265.679673
13756.899299,-592.164754,444.123565,-10878.556072
13756.899617,-370.102971,0.0,-10495.508323
13756.899935,-148.041188,74.020594,-10495.508323
13756.900253,-148.041188,148.041188,-10189.070123
13756.900571,-148.041188,148.041188,-10725.336972
13756.900888,-74.020594,0.0,-10342.289223
13756.901206,-518.144159,0.0,-10495.508323
13756.901524,-444.123565,370.102971,-10265.679673
13756.901842,-592.164754,222.061783,-10265.679673
13756.90216,-592.164754,296.082377,-10112.460574
13756.902477,-296.082377,518.144159,-10189.070123
13756.902795,-222.061783,518.144159,-9806.022374
13756.903113,0.0,370.102971,-10342.289223
13756.903431,0.0,518.144159,-10265.679673
13756.903748,296.082377,518.144159,-9422.974625
13756.904066,0.0,74.020594,-10112.460574
13756.904384,0.0,0.0,-10112.460574
13756.904702,0.0,-222.061783,-10418.898773
13756.90502,0.0,-222.061783,-10265.679673
13756.905337,-148.041188,0.0,-10418.898773
13756.905655,74.020594,-148.041188,-9959.241474
13756.905973,0.0,0.0,-9959.241474
13756.906291,0.0,74.020594,-10265.679673
13756.906609,0.0,148.041188,-10112.460574
13756.906926,-592.164754,0.0,-10342.289223
13756.907244,-518.144159,-148.041188,-10418.898773
13756.907562,-592.164754,-222.061783,-10342.289223
13756.90788,-444.123565,148.041188,-10418.898773
13756.908197,-370.102971,518.144159,-10342.289223
13756.908515,-148.041188,666.185348,-10572.117872
13756.908833,0.0,518.144159,-10955.165621
13756.909151,0.0,444.123565,-10648.727422
13756.909469,-296.082377,666.185348,-10265.679673
13756.909786,-296.082377,0.0,-10112.460574
13756.910104,-518.144159,0.0,-10035.851024
13756.910422,-518.144159,222.061783,-10265.679673
13756.91074,-370.102971,0.0,-9806.022374
13756.911058,-296.082377,222.061783,-10189.070123
13756.911375,0.0,0.0,-9729.412825
13756.911693,0.0,74.020594,-9806.022374
13756.912011,0.0,74.020594,-9806.022374
13756.912329,0.0,148.041188,-9346.365076
13756.912647,0.0,148.041188,-10189.070123
13756.912964,0.0,222.061783,-10265.679673
13756.913282,-296.082377,222.061783,-10418.898773
13756.9136,-222.061783,148.041188,-10342.289223
13756.913918,518.144159,222.061783,-9806.022374
13756.914235,0.0,444.123565,-10035.851024
13756.914553,74.020594,370.102971,-10189.070123
13756.914871,148.041188,148.041188,-10342.289223
13756.915189,-148.041188,444.123565,-10189.070123
13756.915507,-370.102971,0.0,-10572.117872
13756.915824,-592.164754,-444.123565,-10342.289223
13756.916142,-592.164754,-444.123565,-10342.289223
13756.91646,-222.061783,0.0,-10112.460574
13756.916778,444.123565,0.0,-10112.460574
13756.917096,-148.041188,148.041188,-10418.898773
13756.917413,74.020594,148.041188,-10495.508323
13756.917731,-296.082377,74.020594,-10572.117872
13756.918049,-296.082377,0.0,-10265.679673
13756.918367,-444.123565,0.0,-10189.070123
13756.918684,-444.123565,-148.041188,-10112.460574
13756.919002,-592.164754,0.0,-10112.460574
13756.91932,-518.144159,296.082377,-10112.460574
13756.919638,-296.082377,296.082377,-9959.241474
13756.919956,-222.061783,444.123565,-9882.631924
13756.920273,0.0,518.144159,-10035.851024
13756.920591,0.0,666.185348,-10112.460574
13756.920909,-148.041188,666.185348,-10035.851024
13756.921227,0.0,444.123565,-9499.584175
13756.921545,0.0,518.144159,-10418.898773
13756.921862,0.0,148.041188,-10265.679673
13756.92218,0.0,0.0,-10342.289223
13756.922498,0.0,74.020594,-10112.460574
13756.922816,222.061783,0.0,-10265.679673
13756.923133,0.0,0.0,-9959.241474
13756.923451,0.0,0.0,-10342.289223
13756.923769,-148.041188,-296.082377,-10418.898773
13756.924087,-370.102971,-370.102971,-9039.926876
13756.924405,-296.082377,-222.061783,-10495.508323
13756.924722,-296.082377,-296.082377,-10265.679673
13756.92504,-370.102971,0.0,-10189.070123
13756.925358,-148.041188,0.0,-10495.508323
13756.925676,-370.102971,74.020594,-10342.289223
13756.925994,-444.123565,444.123565,-10572.117872
13756.926311,-444.123565,444.123565,-10648.727422
13756.926629,-518.144159,444.123565,-10572.117872
13756.926947,-370.102971,592.164754,-10342.289223
13756.927265,-222.061783,148.041188,-10265.679673
13756.927583,-222.061783,74.020594,-10112.460574
13756.9279,-444.123565,0.0,-10265.679673
13756.928218,-296.082377,0.0,-9959.241474
13756.928536,-592.164754,296.082377,-9959.241474
13756.928854,-148.041188,0.0,-9729.412825
13756.929171,-222.061783,222.061783,-10112.460574
13756.929489,0.0,222.061783,-9806.022374
13756.929807,148.041188,222.061783,-9806.022374
13756.930125,0.0,0.0,-10035.851024
13756.930443,0.0,222.061783,-10112.460574
13756.93076,0.0,0.0,-10265.679673
13756.931078,0.0,0.0,-10342.289223
13756.931396,0.0,740.205942,-10648.727422
13756.931714,-370.102971,370.102971,-10035.851024
13756.932032,0.0,148.041188,-10265.679673
13756.932349,0.0,518.144159,-10265.679673
13756.932667,0.0,370.102971,-10342.289223
13756.932985,-518.144159,0.0,-10495.508323
13756.933303,-370.102971,74.020594,-10495.508323
13756.93362,-370.102971,0.0,-10495.508323
13756.933938,-370.102971,0.0,-10265.679673
13756.934256,-370.102971,222.061783,-10189.070123
13756.934574,0.0,74.020594,-10418.898773
13756.934892,-222.061783,222.061783,-10495.508323
13756.935209,-296.082377,74.020594,-10265.679673
13756.935527,-370.102971,148.041188,-10189.070123
13756.935845,-444.123565,-222.061783,-10265.679673
13756.936163,-518.144159,0.0,-10112.460574
13756.936481,-518.144159,0.0,-9959.241474
13756.936798,-444.123565,0.0,-9806.022374
13756.937116,-370.102971,222.061783,-9422.974625
13756.937434,-222.061783,296.082377,-9806.022374
13756.937752,-222.061783,518.144159,-9882.631924
13756.93807,0.0,666.185348,-9882.631924
13756.938387,0.0,740.205942,-10265.679673
13756.938705,148.041188,370.102971,-10112.460574
13756.939023,74.020594,370.102971,-10265.679673
13756.939341,-148.041188,296.082377,-10418.898773
13756.939658,0.0,148.041188,-10418.898773
13756.939976,0.0,518.144159,-9959.241474
13756.940294,0.0,0.0,-10189.070123
13756.940612,0.0,74.020594,-10418.898773
13756.94093,0.0,74.020594,-9882.631924
13756.941247,148.041188,0.0,-10342.289223
13756.941565,74.020594,-222.061783,-10189.070123
13756.941883,-296.082377,-740.205942,-10418.898773
13756.942201,-592.164754,-370.102971,-10112.460574
13756.942519,-518.144159,-222.061783,-10112.460574
13756.942836,-888.24713,-148.041188,-10265.679673
13756.943154,-148.041188,74.020594,-10189.070123
13756.943472,-148.041188,518.144159,-10418.898773
13756.94379,-296.082377,518.144159,-10725.336972
13756.944107,-296.082377,518.144159,-10342.289223
13756.944425,-370.102971,370.102971,-10572.117872
13756.944743,-518.144159,148.041188,-10418.898773
13756.945061,-518.144159,296.082377,-10112.460574
13756.945379,-444.123565,444.123565,-10342.289223
13756.945696,518.144159,74.020594,-10495.508323
13756.946014,-222.061783,0.0,-9806.022374
13756.946332,0.0,296.082377,-9959.241474
13756.94665,74.020594,444.123565,-9882.631924
13756.946968,0.0,296.082377,-10112.460574
13756.947285,0.0,148.041188,-10418.898773
13756.947603,0.0,148.041188,-10342.289223
13756.947921,0.0,-148.041188,-10265.679673
13756.948239,-370.102971,-148.041188,-10265.679673
13756.948557,-296.082377,0.0,-9729.412825
13756.948874,0.0,-148.041188,-10035.851024
13756.949192,0.0,74.020594,-9959.241474
13756.94951,-148.041188,222.061783,-10418.898773
13756.949828,-296.082377,148.041188,-10418.898773
13756.950145,-444.123565,148.041188,-10265.679673
13756.950463,-444.123565,74.020594,-10495.508323
13756.950781,-370.102971,0.0,-10342.289223
13756.951099,-370.102971,148.041188,-10572.117872
13756.951417,0.0,518.144159,-10725.336972
13756.951734,-444.123565,222.061783,-10725.336972
13756.952052,-296.082377,296.082377,-10725.336972
13756.95237,-296.082377,0.0,-10572.117872
13756.952688,-444.123565,74.020594,-10342.289223
13756.953006,-222.061783,0.0,-10495.508323
13756.953323,-148.041188,74.020594,-10112.460574
13756.953641,-370.102971,0.0,-10112.460574
13756.953959,-444.123565,0.0,-10189.070123
13756.954277,-222.061783,0.0,-9652.803275
13756.954594,-444.123565,74.020594,-9959.241474
13756.954912,0.0,0.0,-9806.022374
13756.95523,0.0,0.0,-9882.631924
13756.955548,0.0,370.102971,-10189.070123
13756.955866,370.102971,666.185348,-9576.193725
13756.956183,0.0,592.164754,-10265.679673
13756.956501,0.0,518.144159,-10572.117872
13756.956819,-222.061783,444.123565,-10418.898773
13756.957137,-296.082377,444.123565,-10342.289223
13756.957455,0.0,296.082377,-10265.679673
13756.957772,0.0,296.082377,-10035.851024
13756.95809,0.0,74.020594,-10495.508323
13756.958408,0.0,0.0,-10342.289223
13756.958726,0.0,0.0,-10265.679673
13756.959044,-444.123565,-222.061783,-10342.289223
13756.959361,-370.102971,-518.144159,-10418.898773
13756.959679,-296.082377,-592.164754,-10112.460574
13756.959997,-518.144159,0.0,-9806.022374
13756.960315,-222.061783,0.0,-10112.460574
13756.960632,-148.041188,74.020594,-10342.289223
13756.96095,0.0,0.0,-10495.508323
13756.961268,-222.061783,0.0,-10495.508323
13756.961586,-148.041188,148.041188,-9806.022374
13756.961904,-592.164754,0.0,-10189.070123
13756.962221,-444.123565,296.082377,-10189.070123
13756.962539,-370.102971,296.082377,-10112.460574
13756.962857,-370.102971,444.123565,-9576.193725
13756.963175,-370.102971,296.082377,-10112.460574
13756.963493,0.0,444.123565,-9959.241474
13756.96381,0.0,296.082377,-10035.851024
13756.964128,0.0,370.102971,-10112.460574
13756.964446,814.226536,444.123565,-10495.508323
13756.964764,148.041188,222.061783,-10035.851024
13756.965081,74.020594,0.0,-10265.679673
13756.965399,-148.041188,0.0,-10112.460574
13756.965717,0.0,-148.041188,-10035.851024
13756.966035,0.0,-370.102971,-10112.460574
13756.966353,0.0,-222.061783,-10112.460574
13756.96667,0.0,0.0,-10112.460574
13756.966988,-148.041188,0.0,-10035.851024
13756.967306,0.0,222.061783,-10112.460574
13756.967624,-296.082377,0.0,-10342.289223
13756.967942,-444.123565,148.041188,-10342.289223
13756.968259,-592.164754,0.0,-10342.289223
13756.968577,-444.123565,222.061783,-10418.898773
13756.968895,-296.082377,296.082377,-10572.117872
13756.969213,-222.061783,666.185348,-10648.727422
13756.96953,-148.041188,592.164754,-10648.727422
13756.969848,-296.082377,296.082377,-10801.946522
13756.970166,-370.102971,148.041188,-10189.070123
13756.970484,-296.082377,74.020594,-10342.289223
13756.970802,-296.082377,0.0,-9806.022374
13756.971119,-444.123565,0.0,-9806.022374
13756.971437,0.0,0.0,-9806.022374
13756.971755,-148.041188,148.041188,-9882.631924
13756.972073,-296.082377,-148.041188,-9729.412825
13756.972391,-222.061783,0.0,-9729.412825
13756.972708,-148.041188,0.0,-9959.241474
13756.973026,0.0,222.061783,-9806.022374
13756.973344,-518.144159,444.123565,-10342.289223
13756.973662,148.041188,518.144159,-10342.289223
13756.97398,0.0,370.102971,-10495.508323
13756.974297,-296.082377,370.102971,-10572.117872
13756.974615,0.0,222.061783,-10189.070123
13756.974933,-296.082377,222.061783,-10418.898773
13756.975251,0.0,444.123565,-10342.289223
13756.975568,0.0,296.082377,-10495.508323
13756.975886,0.0,222.061783,-10495.508323
13756.976204,296.082377,0.0,-10342.289223
13756.976522,-444.123565,-148.041188,-10265.679673
13756.97684,-518.144159,-296.082377,-10418.898773
13756.977157,-518.144159,0.0,-10112.460574
13756.977475,-518.144159,0.0,-10342.289223
13756.977793,-592.164754,0.0,-10418.898773
13756.978111,0.0,0.0,-10495.508323
13756.978429,-296.082377,74.020594,-10418.898773
13756.978746,-370.102971,74.020594,-10342.289223
13756.979064,-370.102971,222.061783,-10035.851024
13756.979382,-296.082377,0.0,-9959.241474
13756.9797,-518.144159,222.061783,-10035.851024
13756.980017,-518.144159,222.061783,-10112.460574
13756.980335,-592.164754,370.102971,-10035.851024
13756.980653,-296.082377,222.061783,-10189.070123
13756.980971,-148.041188,222.061783,-10112.460574
13756.981289,0.0,666.185348,-10189.070123
13756.981606,0.0,666.185348,-10112.460574
13756.981924,74.020594,444.123565,-10572.117872
13756.982242,0.0,370.102971,-10265.679673
13756.98256,0.0,74.020594,-10342.289223
13756.982878,0.0,-222.061783,-10265.679673
13756.983195,0.0,74.020594,-10112.460574
13756.983513,222.061783,0.0,-10418.898773
13756.983831,0.0,74.020594,-10112.460574
13756.984149,0.0,0.0,-10189.070123
13756.984467,0.0,0.0,-10265.679673
13756.984784,-444.123565,0.0,-9806.022374
13756.985102,-518.144159,-148.041188,-10112.460574
13756.98542,-370.102971,-222.061783,-10265.679673
13756.985738,-518.144159,-148.041188,-10342.289223
13756.986055,-296.082377,0.0,-10342.289223
13756.986373,-296.082377,296.082377,-10572.117872
13756.986691,0.0,518.144159,-10572.117872
13756.987009,-296.082377,518.144159,-10801.946522
13756.987327,-296.082377,518.144159,-10725.336972
13756.987644,-370.102971,814.226536,-9959.241474
13756.987962,-592.164754,74.020594,-10572.117872
13756.98828,-370.102971,222.061783,-10112.460574
13756.988598,-296.082377,0.0,-10035.851024
13756.988916,-518.144159,0.0,-9959.241474
13756.989233,0.0,0.0,-9959.241474
13756.989551,-296.082377,74.020594,-9806.022374
13756.989869,0.0,0.0,-9806.022374
13756.990187,0.0,296.082377,-9882.631924
13756.990504,-148.041188,296.082377,-9652.803275
13756.990822,0.0,0.0,-9882.631924
13756.99114,0.0,0.0,-10035.851024
13756.991458,0.0,0.0,-10265.679673
13756.991776,0.0,0.0,-10342.289223
13756.992093,-296.082377,0.0,-10572.117872
13756.992411,-148.041188,370.102971,-10418.898773
13756.992729,0.0,444.123565,-10189.070123
13756.993047,0.0,148.041188,-10572.117872
13756.993365,0.0,518.144159,-10112.460574
13756.993682,-444.123565,222.061783,-10572.117872
13756.994,-222.061783,0.0,-10572.117872
13756.994318,-444.123565,0.0,-10265.679673
13756.994636,-370.102971,0.0,-10342.289223
13756.994954,74.020594,-222.061783,-10418.898773
13756.995271,0.0,74.020594,-10418.898773
13756.995589,0.0,-148.041188,-10265.679673
13756.995907,-222.061783,0.0,-10495.508323
13756.996225,-148.041188,74.020594,-9806.022374
13756.996542,-296.082377,-296.082377,-10112.460574
13756.99686,-444.123565,0.0,-10112.460574
13756.997178,-592.164754,0.0,-9959.241474
13756.997496,-518.144159,74.020594,-10035.851024
13756.997814,0.0,592.164754,-10648.727422
13756.998131,-296.082377,222.061783,-9882.631924
13756.998449,0.0,444.123565,-10189.070123
13756.998767,0.0,592.164754,-10112.460574
13756.999085,0.0,592.164754,-9652.803275
13756.999403,148.041188,592.164754,-10265.679673
13756.99972,0.0,370.102971,-10189.070123
13757.000038,0.0,444.123565,-10189.070123
13757.000356,-148.041188,296.082377,-10418.898773
13757.000674,0.0,74.020594,-10342.289223
13757.000992,0.0,0.0,-10342.289223
13757.001309,0.0,0.0,-10112.460574
13757.001627,0.0,-148.041188,-10265.679673
13757.001945,0.0,296.082377,-9806.022374
13757.002263,-370.102971,0.0,-10342.289223
13757.002581,-222.061783,-592.164754,-10342.289223
13757.002898,-296.082377,-370.102971,-10418.898773
13757.003216,-296.082377,-222.061783,-10189.070123
13757.003534,296.082377,0.0,-9959.241474
13757.003852,-370.102971,0.0,-10495.508323
13757.00417,-296.082377,518.144159,-10725.336972
13757.004488,-370.102971,518.144159,-10725.336972
13757.004805,-370.102971,370.102971,-10725.336972
13757.005123,-444.123565,370.102971,-10265.679673
13757.005441,-222.061783,296.082377,-10495.508323
13757.005759,-296.082377,148.041188,-10265.679673
13757.006077,-592.164754,296.082377,-10189.070123
13757.006394,-370.102971,518.144159,-9576.193725
13757.006712,-296.082377,0.0,-9959.241474
13757.00703,-222.061783,148.041188,-10035.851024
13757.007348,0.0,148.041188,-9806.022374
13757.007666,0.0,296.082377,-9576.193725
13757.007983,0.0,0.0,-9959.241474
13757.008301,0.0,148.041188,-10112.460574
13757.008619,0.0,74.020594,-10035.851024
13757.008937,-222.061783,0.0,-10112.460574
13757.009255,148.041188,74.020594,-10112.460574
13757.009572,-148.041188,0.0,-10112.460574
13757.00989,-222.061783,74.020594,-10189.070123
13757.010208,0.0,222.061783,-10189.070123
13757.010526,0.0,222.061783,-10265.679673
13757.010844,-370.102971,296.082377,-10342.289223
13757.011162,-444.123565,148.041188,-10495.508323
13757.011479,-518.144159,148.041188,-10495.508323
13757.011797,-592.164754,0.0,-10572.117872
13757.012115,-1110.308913,666.185348,-10342.289223
13757.012433,-222.061783,148.041188,-10572.117872
13757.012751,-148.041188,222.061783,-10342.289223
13757.013068,-296.082377,518.144159,-10495.508323
13757.013386,-296.082377,296.082377,-10572.117872
13757.013704,0.0,0.0,-10035.851024
13757.014022,-518.144159,-148.041188,-10189.070123
13757.01434,-740.205942,0.0,-10112.460574
13757.014657,-666.185348,0.0,-9806.022374
13757.014975,0.0,0.0,-10418.898773
13757.015293,-222.061783,0.0,-9806.022374
13757.015611,0.0,148.041188,-9806.022374
13757.015929,0.0,370.102971,-9729.412825
13757.016246,0.0,518.144159,-9882.631924
13757.016564,0.0,592.164754,-9959.241474
13757.016882,0.0,444.123565,-10342.289223
13757.0172,0.0,370.102971,-10648.727422
13757.017518,-222.061783,370.102971,-10572.117872
13757.017836,0.0,222.061783,-10189.070123
13757.018153,0.0,222.061783,-10342.289223
13757.018471,0.0,222.061783,-10265.679673
13757.018789,0.0,222.061783,-10342.289223
13757.019107,148.041188,222.061783,-10189.070123
13757.019425,370.102971,0.0,-10418.898773
13757.019742,-444.123565,0.0,-10418.898773
13757.02006,-444.123565,-222.061783,-10418.898773
13757.020378,-444.123565,-518.144159,-10112.460574
13757.020696,-518.144159,-370.102971,-10418.898773
13757.021014,-370.102971,148.041188,-10725.336972
13757.021331,0.0,148.041188,-10495.508323
13757.021649,-296.082377,370.102971,-10418.898773
13757.021967,-370.102971,296.082377,-10342.289223
13757.022285,0.0,518.144159,-10418.898773
13757.022603,-370.102971,222.061783,-10265.679673
13757.02292,-592.164754,148.041188,-9882.631924
13757.023238,-666.185348,148.041188,-10265.679673
13757.023556,-444.123565,148.041188,-10265.679673
13757.023874,-148.041188,444.123565,-10648.727422
13757.024192,0.0,444.123565,-10112.460574
13757.024509,74.020594,444.123565,-10112.460574
13757.024827,0.0,444.123565,-10035.851024
13757.025145,148.041188,814.226536,-9346.365076
13757.025463,0.0,148.041188,-10112.460574
13757.025781,0.0,0.0,-10035.851024
13757.026099,-148.041188,0.0,-10189.070123
13757.026416,0.0,0.0,-10265.679673
13757.026734,0.0,0.0,-10189.070123
13757.027052,0.0,0.0,-10035.851024
13757.02737,0.0,-148.041188,-9959.241474
13757.027688,-222.061783,0.0,-10112.460574
13757.028005,-296.082377,296.082377,-10495.508323
13757.028323,-592.164754,222.061783,-10572.117872
13757.028641,-444.123565,0.0,-10418.898773
13757.028959,-592.164754,148.041188,-10572.117872
13757.029277,-444.123565,148.041188,-10572.117872
13757.029594,-148.041188,444.123565,-10342.289223
13757.029912,-296.082377,370.102971,-10572.117872
13757.03023,0.0,518.144159,-10572.117872
13757.030548,-222.061783,444.123565,-10878.556072
13757.030866,370.102971,-148.041188,-10189.070123
13757.031183,-444.123565,74.020594,-10418.898773
13757.031501,-444.123565,-444.123565,-10265.679673
13757.031819,-666.185348,0.0,-9959.241474
13757.032137,-370.102971,0.0,-9959.241474
13757.032455,-370.102971,74.020594,-9806.022374
13757.032773,-370.102971,0.0,-9499.584175
13757.03309,0.0,0.0,-9806.022374
13757.033408,0.0,0.0,-10035.851024
13757.033726,-370.102971,518.144159,-10265.679673
13757.034044,-148.041188,74.020594,-9959.241474
13757.034362,0.0,296.082377,-10189.070123
13757.034679,-222.061783,222.061783,-10265.679673
13757.034997,-296.082377,444.123565,-11031.775171
13757.035315,0.0,370.102971,-10572.117872
13757.035633,0.0,222.061783,-10418.898773
13757.035951,0.0,444.123565,-10418.898773
13757.036268,74.020594,518.144159,-10342.289223
13757.036586,296.082377,444.123565,-10495.508323
13757.036904,-296.082377,148.041188,-10418.898773
13757.037222,-444.123565,0.0,-10495.508323
13757.03754,-222.061783,-370.102971,-10495.508323
13757.037857,-370.102971,-370.102971,-10035.851024
13757.038175,-222.061783,-296.082377,-10112.460574
13757.038493,-222.061783,0.0,-10189.070123
13757.038811,0.0,148.041188,-10265.679673
13757.039129,-370.102971,222.061783,-10342.289223
13757.039446,-296.082377,-222.061783,-10342.289223
13757.039764,-518.144159,0.0,-10495.508323
13757.040082,-666.185348,74.020594,-10189.070123
13757.0404,-592.164754,74.020594,-10342.289223
13757.040718,-444.123565,148.041188,-9806.022374
13757.041036,-296.082377,370.102971,-10265.679673
13757.041353,-222.061783,370.102971,-9882.631924
13757.041671,0.0,518.144159,-9806.022374
13757.041989,0.0,444.123565,-10112.460574
13757.042307,296.082377,1036.288319,-10725.336972
13757.042625,0.0,222.061783,-10112.460574
13757.042942,0.0,296.082377,-10418.898773
13757.04326,0.0,370.102971,-10265.679673
13757.043578,74.020594,0.0,-10189.070123
13757.043896,74.020594,-296.082377,-10112.460574
13757.044214,0.0,0.0,-10112.460574
13757.044531,74.020594,0.0,-9806.022374
13757.044849,0.0,-148.041188,-9959.241474
13757.045167,-296.082377,74.020594,-9806.022374
13757.045485,0.0,0.0,-10342.289223
13757.045803,-518.144159,0.0,-10342.289223
13757.04612,-444.123565,0.0,-10189.070123
13757.046438,-666.185348,-222.061783,-10725.336972
13757.046756,-518.144159,148.041188,-10495.508323
13757.047074,-370.102971,592.164754,-10495.508323
13757.047392,-148.041188,592.164754,-10801.946522
13757.04771,0.0,666.185348,-10495.508323
13757.048027,148.041188,370.102971,-10648.727422
13757.048345,-444.123565,444.123565,-10495.508323
13757.048663,-518.144159,74.020594,-10342.289223
13757.048981,-518.144159,148.041188,-10265.679673
13757.049299,-370.102971,0.0,-9576.193725
13757.049616,-370.102971,0.0,-9806.022374
13757.049934,-148.041188,0.0,-9652.803275
13757.050252,-296.082377,222.061783,-9806.022374
13757.05057,0.0,0.0,-9806.022374
13757.050888,518.144159,0.0,-9729.412825
13757.051205,0.0,296.082377,-9882.631924
13757.051523,0.0,74.020594,-9959.241474
13757.051841,-222.061783,0.0,-10189.070123
13757.052159,-148.041188,148.041188,-10265.679673
13757.052477,0.0,148.041188,-10418.898773
13757.052794,-222.061783,222.061783,-10265.679673
13757.053112,0.0,296.082377,-10112.460574
13757.05343,74.020594,370.102971,-10112.460574
13757.053748,-148.041188,444.123565,-10801.946522
13757.054066,0.0,370.102971,-10342.289223
13757.054384,-296.082377,148.041188,-10418.898773
13757.054701,-296.082377,0.0,-10342.289223
13757.055019,-296.082377,-444.123565,-10572.117872
13757.055337,-444.123565,74.020594,-10648.727422
13757.055655,-592.164754,74.020594,-10112.460574
13757.055973,-296.082377,74.020594,-10342.289223
13757.05629,-148.041188,74.020594,-10112.460574
13757.056608,-296.082377,74.020594,-10572.117872
13757.056926,-222.061783,0.0,-10418.898773
13757.057244,-296.082377,0.0,-9882.631924
13757.057562,-518.144159,-222.061783,-10342.289223
13757.057879,-148.041188,-222.061783,-9959.241474
13757.058197,-518.144159,74.020594,-9959.241474
13757.058515,-370.102971,296.082377,-9882.631924
13757.058833,-296.082377,296.082377,-9806.022374
13757.059151,0.0,592.164754,-10112.460574
13757.059468,-296.082377,666.185348,-10189.070123
13757.059786,0.0,592.164754,-10342.289223
13757.060104,0.0,370.102971,-10418.898773
13757.060422,0.0,370.102971,-10189.070123
13757.06074,0.0,666.185348,-9806.022374
13757.061057,0.0,222.061783,-10189.070123
13757.061375,0.0,74.020594,-10189.070123
13757.061693,74.020594,0.0,-10189.070123
13757.062011,0.0,222.061783,-10112.460574
13757.062329,148.041188,0.0,-10035.851024
13757.062647,74.020594,-148.041188,-9959.241474
13757.062964,-518.144159,-148.041188,-10342.289223
13757.063282,-592.164754,-592.164754,-10265.679673
13757.0636,-666.185348,-296.082377,-10878.556072
13757.063918,-444.123565,-296.082377,-10342.289223
13757.064236,-370.102971,0.0,-10265.679673
13757.064553,-222.061783,222.061783,-10418.898773
13757.064871,-222.061783,518.144159,-10418.898773
13757.065189,-222.061783,444.123565,-11031.775171
13757.065507,-518.144159,370.102971,-10725.336972
13757.065825,-444.123565,74.020594,-10801.946522
13757.066142,-592.164754,444.123565,-10342.289223
13757.06646,-296.082377,518.144159,-10265.679673
13757.066778,-666.185348,296.082377,-10112.460574
13757.067096,0.0,74.020594,-9959.241474
13757.067414,-148.041188,74.020594,-9806.022374
13757.067731,148.041188,222.061783,-9729.412825
13757.068049,0.0,74.020594,-9806.022374
13757.068367,0.0,370.102971,-9806.022374
13757.068685,148.041188,0.0,-9882.631924
13757.069003,0.0,0.0,-10265.679673
13757.069321,0.0,0.0,-11031.775171
13757.069638,0.0,-148.041188,-10265.679673
13757.069956,0.0,74.020594,-10112.460574
13757.070274,-222.061783,0.0,-9882.631924
13757.070592,0.0,74.020594,-10035.851024
13757.07091,-222.061783,222.061783,-10035.851024
13757.071227,0.0,222.061783,-10189.070123
13757.071545,-370.102971,74.020594,-10342.289223
13757.071863,-370.102971,296.082377,-10495.508323
13757.072181,-814.226536,444.123565,-10342.289223
13757.072499,-296.082377,-222.061783,-10495.508323
13757.072816,-370.102971,0.0,-10342.289223
13757.073134,-518.144159,222.061783,-10342.289223
13757.073452,-370.102971,222.061783,-10342.289223
13757.07377,-296.082377,222.061783,-10572.117872
13757.074088,-296.082377,74.020594,-10342.289223
13757.074405,-296.082377,0.0,-10189.070123
13757.074723,-444.123565,0.0,-9959.241474
13757.075041,-518.144159,0.0,-9806.022374
13757.075359,-444.123565,0.0,-9882.631924
13757.075677,-370.102971,-222.061783,-9806.022374
13757.075994,-370.102971,0.0,-10112.460574
13757.076312,-370.102971,296.082377,-9806.022374
13757.07663,0.0,296.082377,-10035.851024
13757.076948,0.0,444.123565,-10189.070123
13757.077266,0.0,592.164754,-10112.460574
13757.077584,0.0,370.102971,-10342.289223
13757.077901,-370.102971,666.185348,-10035.851024
13757.078219,0.0,296.082377,-10725.336972
13757.078537,0.0,148.041188,-10495.508323
13757.078855,-148.041188,148.041188,-10418.898773
13757.079173,0.0,222.061783,-10725.336972
13757.07949,148.041188,-222.061783,-10342.289223
13757.079808,148.041188,0.0,-10035.851024
13757.080126,0.0,74.020594,-10035.851024
13757.080444,-370.102971,-222.061783,-10112.460574
13757.080762,0.0,-814.226536,-10265.679673
13757.081079,-518.144159,-592.164754,-10189.070123
13757.081397,-444.123565,-296.082377,-10112.460574
13757.081715,-444.123565,-148.041188,-10342.289223
13757.082033,-370.102971,370.102971,-10189.070123
13757.082351,0.0,148.041188,-10495.508323
13757.082668,-370.102971,296.082377,-10572.117872
13757.082986,-222.061783,518.144159,-10572.117872
13757.083304,-518.144159,148.041188,-10418.898773
13757.083622,-518.144159,222.061783,-10878.556072
13757.08394,-592.164754,222.061783,-10265.679673
13757.084258,-370.102971,296.082377,-9959.241474
13757.084575,-296.082377,370.102971,-9806.022374
13757.084893,74.020594,888.24713,-9499.584175
13757.085211,0.0,222.061783,-9806.022374
13757.085529,0.0,74.020594,-9882.631924
13757.085847,0.0,296.082377,-9806.022374
13757.086164,0.0,148.041188,-10035.851024
13757.086482,0.0,74.020594,-10342.289223
13757.0868,0.0,0.0,-9959.241474
13757.087118,0.0,-222.061783,-10189.070123
13757.087436,0.0,-370.102971,-10112.460574
13757.087753,0.0,0.0,-10572.117872
13757.088071,-148.041188,148.041188,-10035.851024
13757.088389,-148.041188,0.0,-10189.070123
13757.088707,-222.061783,0.0,-10189.070123
13757.089025,-370.102971,74.020594,-10418.898773
13757.089342,-296.082377,0.0,-10418.898773
13757.08966,-592.164754,0.0,-10495.508323
13757.089978,-592.164754,0.0,-10112.460574
13757.090296,-666.185348,296.082377,-10418.898773
13757.090614,-296.082377,518.144159,-10189.070123
13757.090932,-148.041188,518.144159,-10648.727422
13757.091249,-370.102971,592.164754,-10572.117872
13757.091567,-296.082377,296.082377,-10265.679673
13757.091885,-370.102971,0.0,-10265.679673
13757.092203,-222.061783,0.0,-10112.460574
13757.092521,-444.123565,0.0,-9806.022374
13757.092838,-296.082377,0.0,-9806.022374
13757.093156,-222.061783,-148.041188,-9729.412825
13757.093474,0.0,222.061783,-9193.145976
13757.093792,74.020594,0.0,-9806.022374
13757.09411,0.0,0.0,-9806.022374
13757.094427,0.0,222.061783,-10035.851024
13757.094745,0.0,222.061783,-9959.241474
13757.095063,0.0,444.123565,-10495.508323
13757.095381,-222.061783,444.123565,-10342.289223
13757.095699,0.0,222.061783,-10572.117872
13757.096016,-222.061783,148.041188,-10418.898773
13757.096334,74.020594,0.0,-9882.631924
13757.096652,0.0,222.061783,-10342.289223
13757.09697,0.0,444.123565,-10265.679673
13757.097288,148.041188,222.061783,-10495.508323
13757.097605,0.0,74.020594,-10648.727422
13757.097923,-148.041188,0.0,-10495.508323
13757.098241,-296.082377,-296.082377,-10265.679673
13757.098559,-444.123565,-592.164754,-10342.289223
13757.098877,-222.061783,0.0,-10112.460574
13757.099195,370.102971,-148.041188,-10112.460574
13757.099512,0.0,148.041188,-10265.679673
13757.09983,-296.082377,0.0,-10418.898773
13757.100148,-444.123565,74.020594,-10265.679673
13757.100466,-444.123565,0.0,-10265.679673
13757.100784,-518.144159,0.0,-10189.070123
13757.101101,-592.164754,148.041188,-10418.898773
13757.101419,-592.164754,370.102971,-10189.070123
13757.101737,-444.123565,222.061783,-10495.508323
13757.102055,148.041188,148.041188,-9806.022374
13757.102372,0.0,296.082377,-9959.241474
13757.10269,0.0,148.041188,-10035.851024
13757.103008,0.0,444.123565,-10035.851024
13757.103326,-148.041188,444.123565,-10112.460574
13757.103644,-296.082377,518.144159,-10495.508323
13757.103961,74.020594,222.061783,-10265.679673
13757.104279,0.0,0.0,-10572.117872
13757.104597,0.0,0.0,-10189.070123
13757.104915,74.020594,-222.061783,-9882.631924
13757.105233,0.0,0.0,-10189.070123
13757.10555,0.0,0.0,-9882.631924
13757.105868,0.0,0.0,-10189.070123
13757.106186,-148.041188,0.0,-10342.289223
13757.106504,-444.123565,-518.144159,-10265.679673
13757.106821,-518.144159,-222.061783,-10342.289223
13757.107139,-444.123565,-222.061783,-10189.070123
13757.107457,-296.082377,222.061783,-10418.898773
13757.107775,-518.144159,444.123565,-10495.508323
13757.108093,-296.082377,444.123565,-10725.336972
13757.10841,-370.102971,592.164754,-10801.946522
13757.108728,-444.123565,592.164754,-10725.336972
13757.109046,-518.144159,296.082377,-10418.898773
13757.109364,0.0,0.0,-10572.117872
13757.109682,-666.185348,148.041188,-10189.070123
13757.109999,-518.144159,0.0,-10189.070123
13757.110317,-148.041188,0.0,-9806.022374
13757.110635,-148.041188,0.0,-9806.022374
13757.110953,0.0,148.041188,-10572.117872
13757.11127,0.0,0.0,-9729.412825
13757.111588,0.0,74.020594,-9959.241474
13757.111906,0.0,148.041188,-9959.241474
13757.112224,0.0,74.020594,-9652.803275
13757.112542,0.0,74.020594,-9882.631924
13757.112859,-222.061783,222.061783,-10189.070123
13757.113177,-148.041188,74.020594,-10418.898773
13757.113495,-148.041188,222.061783,-10495.508323
13757.113813,0.0,148.041188,-10648.727422
13757.114131,0.0,296.082377,-10342.289223
13757.114448,-148.041188,296.082377,-10495.508323
13757.114766,0.0,370.102971,-10418.898773
13757.115084,-296.082377,148.041188,-9959.241474
13757.115402,-518.144159,148.041188,-10265.679673
13757.115719,-518.144159,-370.102971,-10418.898773
13757.116037,-370.102971,0.0,-10265.679673
13757.116355,-444.123565,0.0,-10112.460574
13757.116673,0.0,74.020594,-10112.460574
13757.116991,0.0,148.041188,-10342.289223
13757.117308,-296.082377,148.041188,-10189.070123
13757.117626,-222.061783,0.0,-10265.679673
13757.117944,-444.123565,0.0,-10265.679673
13757.118262,-592.164754,-148.041188,-10265.679673
13757.11858,-592.164754,0.0,-10035.851024
13757.118897,-444.123565,74.020594,-10112.460574
13757.119215,-296.082377,222.061783,-9882.631924
13757.119533,0.0,888.24713,-9806.022374
13757.119851,0.0,222.061783,-9959.241474
13757.120168,-148.041188,518.144159,-9959.241474
13757.120486,0.0,666.185348,-10418.898773
13757.120804,-148.041188,592.164754,-10265.679673
13757.121122,222.061783,1110.308913,-10648.727422
13757.12144,0.0,222.061783,-10265.679673
13757.121757,0.0,0.0,-10495.508323
13757.122075,0.0,0.0,-10342.289223
13757.122393,0.0,0.0,-10035.851024
13757.122711,-148.041188,-148.041188,-9959.241474
13757.123029,0.0,0.0,-9959.241474
13757.123346,74.020594,0.0,-10189.070123
13757.123664,-222.061783,0.0,-9882.631924
13757.123982,0.0,-222.061783,-10648.727422
13757.1243,-666.185348,-296.082377,-10342.289223
13757.124617,-666.185348,-296.082377,-10342.289223
13757.124935,-444.123565,0.0,-10189.070123
13757.125253,-370.102971,370.102971,-10495.508323
13757.125571,-296.082377,814.226536,-10801.946522
13757.125889,-296.082377,740.205942,-10572.117872
13757.126206,-148.041188,666.185348,-10725.336972
13757.126524,-296.082377,370.102971,-10418.898773
13757.126842,-370.102971,370.102971,-9729.412825
13757.12716,-518.144159,0.0,-10265.679673
13757.127478,-666.185348,0.0,-10035.851024
13757.127795,-444.123565,222.061783,-10265.679673
13757.128113,-296.082377,74.020594,-9729.412825
13757.128431,148.041188,0.0,-9576.193725
13757.128749,296.082377,0.0,-9729.412825
13757.129066,148.041188,0.0,-9652.803275
13757.129384,74.020594,0.0,-10189.070123
13757.129702,0.0,518.144159,-10342.289223
13757.13002,0.0,74.020594,-10189.070123
13757.130338,-148.041188,-222.061783,-10265.679673
13757.130655,-296.082377,0.0,-9959.241474
13757.130973,-148.041188,0.0,-10035.851024
13757.131291,370.102971,518.144159,-10495.508323
13757.131609,0.0,370.102971,-10189.070123
13757.131927,0.0,444.123565,-10418.898773
13757.132244,-370.102971,444.123565,-10725.336972
13757.132562,-666.185348,222.061783,-10648.727422
13757.13288,-814.226536,74.020594,-10648.727422
13757.133198,-592.164754,0.0,-10189.070123
13757.133515,-518.144159,0.0,-10265.679673
13757.133833,-296.082377,370.102971,-10418.898773
13757.134151,0.0,222.061783,-10189.070123
13757.134469,0.0,148.041188,-10418.898773
13757.134787,-296.082377,148.041188,-10418.898773
13757.135104,-518.144159,74.020594,-10112.460574
13757.135422,-592.164754,-296.082377,-9959.241474
13757.13574,-518.144159,-222.061783,-9806.022374
13757.136058,-592.164754,-444.123565,-10035.851024
13757.136376,-444.123565,-222.061783,-9959.241474
13757.136693,-148.041188,0.0,-10112.460574
13757.137011,0.0,444.123565,-9652.803275
13757.137329,0.0,296.082377,-9882.631924
13757.137647,0.0,444.123565,-10112.460574
13757.137964,148.041188,592.164754,-10265.679673
13757.138282,0.0,370.102971,-10495.508323
13757.1386,0.0,222.061783,-10495.508323
13757.138918,-222.061783,222.061783,-10725.336972
13757.139236,0.0,296.082377,-10342.289223
13757.139553,-222.061783,74.020594,-10418.898773
13757.139871,-296.082377,814.226536,-10725.336972
13757.140189,0.0,0.0,-10035.851024
13757.140507,0.0,0.0,-10112.460574
13757.140825,222.061783,74.020594,-10112.460574
13757.141142,-296.082377,0.0,-10189.070123
13757.14146,-296.082377,-518.144159,-10112.460574
13757.141778,-370.102971,-444.123565,-10112.460574
13757.142096,-518.144159,-370.102971,-10342.289223
13757.142413,-444.123565,0.0,-10418.898773
13757.142731,0.0,0.0,-10495.508323
13757.143049,-222.061783,370.102971,-10265.679673
13757.143367,0.0,370.102971,-10725.336972
13757.143685,-296.082377,296.082377,-10265.679673
13757.144002,-518.144159,148.041188,-10418.898773
13757.14432,-370.102971,0.0,-10112.460574
13757.144638,-592.164754,148.041188,-10342.289223
13757.144956,-296.082377,518.144159,-10189.070123
13757.145274,-592.164754,518.144159,-9959.241474
13757.145591,0.0,592.164754,-9652.803275
13757.145909,0.0,296.082377,-9882.631924
13757.146227,74.020594,296.082377,-9959.241474
13757.146545,0.0,444.123565,-10035.851024
13757.146862,148.041188,0.0,-10112.460574
13757.14718,0.0,74.020594,-10342.289223
13757.147498,-148.041188,-222.061783,-10418.898773
13757.147816,0.0,-148.041188,-10189.070123
13757.148134,0.0,-370.102971,-10112.460574
13757.148451,-370.102971,-592.164754,-9652.803275
13757.148769,0.0,148.041188,-9882.631924
13757.149087,0.0,222.061783,-9806.022374
13757.149405,0.0,222.061783,-10342.289223
13757.149723,-296.082377,222.061783,-10418.898773
13757.15004,-740.205942,0.0,-10418.898773
13757.150358,-518.144159,0.0,-10495.508323
13757.150676,-518.144159,0.0,-10725.336972
13757.150994,-444.123565,74.020594,-10801.946522
13757.151311,-370.102971,740.205942,-10418.898773
13757.151629,0.0,592.164754,-10725.336972
13757.151947,0.0,518.144159,-10495.508323
13757.152265,-222.061783,444.123565,-10418.898773
13757.152583,-444.123565,0.0,-10189.070123
13757.1529,0.0,-222.061783,-9959.241474
13757.153218,-444.123565,-222.061783,-9882.631924
13757.153536,-740.205942,0.0,-9806.022374
13757.153854,-370.102971,0.0,-9806.022374
13757.154172,-370.102971,-148.041188,-9269.755526
13757.154489,0.0,148.041188,-9959.241474
13757.154807,0.0,0.0,-9806.022374
13757.155125,148.041188,370.102971,-9806.022374
13757.155443,0.0,370.102971,-10265.679673
13757.155761,148.041188,222.061783,-10265.679673
13757.156078,-148.041188,444.123565,-10495.508323
13757.156396,-296.082377,222.061783,-10572.117872
13757.156714,0.0,148.041188,-10418.898773
13757.157032,-148.041188,0.0,-10035.851024
13757.157349,0.0,370.102971,-10189.070123
13757.157667,0.0,296.082377,-10418.898773
13757.157985,-148.041188,222.061783,-10342.289223
13757.158303,-296.082377,148.041188,-10418.898773
13757.158621,-370.102971,-296.082377,-10189.070123
13757.158938,-370.102971,-592.164754,-10418.898773
13757.159256,-518.144159,-518.144159,-10189.070123
13757.159574,-370.102971,0.0,-10342.289223
13757.159892,-518.144159,518.144159,-10648.727422
13757.16021,0.0,0.0,-10112.460574
13757.160527,0.0,74.020594,-10495.508323
13757.160845,-296.082377,222.061783,-10572.117872
13757.161163,-296.082377,0.0,-10189.070123
13757.161481,-370.102971,0.0,-10265.679673
13757.161798,-592.164754,148.041188,-10342.289223
13757.162116,-740.205942,74.020594,-10342.289223
13757.162434,-370.102971,148.041188,-10189.070123
13757.162752,0.0,444.123565,-10035.851024
13757.16307,0.0,444.123565,-10112.460574
13757.163387,74.020594,444.123565,-10265.679673
13757.163705,74.020594,592.164754,-10189.070123
13757.164023,0.0,444.123565,-10112.460574
13757.164341,592.164754,444.123565,-10342.289223
13757.164659,0.0,0.0,-10265.679673
13757.164976,0.0,0.0,-10572.117872
13757.165294,0.0,0.0,-10035.851024
13757.165612,0.0,0.0,-9882.631924
13757.16593,74.020594,-148.041188,-10112.460574
13757.166247,74.020594,0.0,-9882.631924
13757.166565,0.0,-222.061783,-9882.631924
13757.166883,-222.061783,148.041188,-10189.070123
13757.167201,-222.061783,-592.164754,-10495.508323
13757.167519,-518.144159,0.0,-10418.898773
13757.167836,-518.144159,-222.061783,-10342.289223
13757.168154,-592.164754,0.0,-10342.289223
13757.168472,-444.123565,370.102971,-10265.679673
13757.16879,-148.041188,370.102971,-10801.946522
13757.169108,-148.041188,666.185348,-10878.556072
13757.169425,-444.123565,518.144159,-10725.336972
13757.169743,-148.041188,296.082377,-10878.556072
13757.170061,222.061783,148.041188,-9882.631924
13757.170379,-370.102971,0.0,-10342.289223
13757.170696,-592.164754,0.0,-10189.070123
13757.171014,-296.082377,0.0,-9806.022374
13757.171332,-370.102971,0.0,-9806.022374
13757.17165,-222.061783,0.0,-9959.241474
13757.171968,0.0,0.0,-9729.412825
13757.172285,0.0,148.041188,-9882.631924
13757.172603,0.0,222.061783,-10035.851024
13757.172921,296.082377,444.123565,-10418.898773
13757.173239,0.0,74.020594,-10189.070123
13757.173557,0.0,296.082377,-10189.070123
13757.173874,0.0,222.061783,-10342.289223
13757.174192,0.0,148.041188,-10265.679673
13757.17451,-370.102971,296.082377,-10418.898773
13757.174828,0.0,518.144159,-10265.679673
13757.175145,0.0,148.041188,-10342.289223
13757.175463,0.0,370.102971,-10189.070123
13757.175781,-592.164754,888.24713,-9729.412825
13757.176099,-296.082377,0.0,-10495.508323
13757.176417,-296.082377,0.0,-10572.117872
13757.176734,-296.082377,-222.061783,-10342.289223
13757.177052,-370.102971,0.0,-10265.679673
13757.17737,0.0,148.041188,-10418.898773
13757.177688,0.0,0.0,-10725.336972
13757.178006,-296.082377,74.020594,-10495.508323
13757.178323,0.0,0.0,-10418.898773
13757.178641,-148.041188,296.082377,-10801.946522
13757.178959,-370.102971,0.0,-10265.679673
13757.179277,-592.164754,0.0,-10035.851024
13757.179594,-518.144159,74.020594,-10035.851024
13757.179912,-444.123565,74.020594,-10035.851024
13757.18023,-222.061783,222.061783,-10112.460574
13757.180548,0.0,370.102971,-10035.851024
13757.180866,0.0,518.144159,-10112.460574
13757.181183,0.0,592.164754,-10112.460574
13757.181501,370.102971,444.123565,-9959.241474
13757.181819,74.020594,518.144159,-10418.898773
13757.182137,-296.082377,296.082377,-10572.117872
13757.182455,-148.041188,74.020594,-10265.679673
13757.182772,-148.041188,0.0,-10189.070123
13757.18309,-222.061783,-444.123565,-10265.679673
13757.183408,0.0,0.0,-10112.460574
13757.183726,0.0,0.0,-10112.460574
13757.184043,0.0,0.0,-10189.070123
13757.184361,0.0,0.0,-9959.241474
13757.184679,-222.061783,-296.082377,-10189.070123
13757.184997,-370.102971,-370.102971,-10418.898773
13757.185315,-666.185348,0.0,-10418.898773
13757.185632,-592.164754,74.020594,-10189.070123
13757.18595,-444.123565,296.082377,-10801.946522
13757.186268,-370.102971,518.144159,-10572.117872
13757.186586,-222.061783,592.164754,-10418.898773
13757.186904,-370.102971,444.123565,-10495.508323
13757.187221,-222.061783,444.123565,-10265.679673
13757.187539,-370.102971,518.144159,-10572.117872
13757.187857,-444.123565,148.041188,-10265.679673
13757.188175,-666.185348,74.020594,-10189.070123
13757.188492,-296.082377,0.0,-9806.022374
13757.18881,-370.102971,0.0,-10189.070123
13757.189128,0.0,222.061783,-9806.022374
13757.189446,0.0,222.061783,-9959.241474
13757.189764,222.061783,222.061783,-9959.241474
13757.190081,296.082377,740.205942,-10342.289223
13757.190399,-222.061783,0.0,-10112.460574
13757.190717,0.0,148.041188,-10265.679673
13757.191035,-296.082377,0.0,-10035.851024
13757.191353,0.0,0.0,-10112.460574
13757.19167,-296.082377,0.0,-9959.241474
13757.191988,0.0,296.082377,-10189.070123
13757.192306,0.0,296.082377,-10418.898773
13757.192624,0.0,592.164754,-10189.070123
13757.192941,0.0,740.205942,-10342.289223
13757.193259,-370.102971,222.061783,-10495.508323
13757.193577,-296.082377,148.041188,-10648.727422
13757.193895,-518.144159,0.0,-10495.508323
13757.194213,-444.123565,0.0,-10495.508323
13757.19453,0.0,0.0,-10725.336972
13757.194848,-148.041188,370.102971,-10342.289223
13757.195166,0.0,222.061783,-10189.070123
13757.195484,-222.061783,222.061783,-10189.070123
13757.195802,-222.061783,0.0,-10265.679673
13757.196119,-296.082377,-444.123565,-10265.679673
13757.196437,-592.164754,0.0,-10035.851024
13757.196755,-740.205942,0.0,-9959.241474
13757.197073,-444.123565,-222.061783,-10035.851024
13757.19739,-148.041188,444.123565,-10725.336972
13757.197708,-148.041188,296.082377,-9882.631924
13757.198026,0.0,222.061783,-9959.241474
13757.198344,0.0,592.164754,-9959.241474
13757.198662,0.0,592.164754,-9346.365076
13757.198979,-148.041188,370.102971,-10189.070123
13757.199297,0.0,370.102971,-10265.679673
13757.199615,-148.041188,296.082377,-10495.508323
13757.199933,-148.041188,296.082377,-10495.508323
13757.200251,0.0,296.082377,-10878.556072
13757.200568,74.020594,0.0,-10418.898773
13757.200886,0.0,148.041188,-9882.631924
13757.201204,0.0,0.0,-10265.679673
13757.201522,0.0,0.0,-10342.289223
13757.201839,-296.082377,0.0,-10265.679673
13757.202157,-444.123565,-518.144159,-10265.679673
13757.202475,-518.144159,-592.164754,-10265.679673
13757.202793,-444.123565,-148.041188,-10189.070123
13757.203111,-296.082377,0.0,-10112.460574
13757.203428,-148.041188,74.020594,-10418.898773
13757.203746,0.0,0.0,-10189.070123
13757.204064,-444.123565,444.123565,-10418.898773
13757.204382,-444.123565,518.144159,-10725.336972
13757.2047,-370.102971,592.164754,-10801.946522
13757.205017,-444.123565,148.041188,-10342.289223
13757.205335,-666.185348,296.082377,-10418.898773
13757.205653,-444.123565,370.102971,-10189.070123
13757.205971,-222.061783,296.082377,-9882.631924
13757.206288,-296.082377,370.102971,-9959.241474
13757.206606,0.0,148.041188,-10035.851024
13757.206924,74.020594,370.102971,-10035.851024
13757.207242,0.0,148.041188,-10112.460574
13757.20756,-222.061783,592.164754,-10035.851024
13757.207877,74.020594,0.0,-10189.070123
13757.208195,0.0,-296.082377,-10265.679673
13757.208513,0.0,-148.041188,-10265.679673
13757.208831,0.0,0.0,-10189.070123
13757.209148,-148.041188,-148.041188,-10189.070123
13757.209466,0.0,74.020594,-10189.070123
13757.209784,0.0,222.061783,-10342.289223
13757.210102,0.0,0.0,-10265.679673
13757.21042,-666.185348,518.144159,-10112.460574
13757.210737,-592.164754,148.041188,-10495.508323
13757.211055,-518.144159,0.0,-10495.508323
13757.211373,-518.144159,74.020594,-10725.336972
13757.211691,-222.061783,222.061783,-10495.508323
13757.212008,-296.082377,370.102971,-10648.727422
13757.212326,-222.061783,666.185348,-10495.508323
13757.212644,-222.061783,444.123565,-10648.727422
13757.212962,-222.061783,74.020594,-10572.117872
13757.21328,-666.185348,296.082377,-10112.460574
13757.213597,-518.144159,0.0,-10189.070123
13757.213915,-518.144159,-222.061783,-10265.679673
13757.214233,-444.123565,-222.061783,-9806.022374
13757.214551,-296.082377,-296.082377,-9729.412825
13757.214869,-296.082377,0.0,-10112.460574
13757.215186,0.0,74.020594,-9882.631924
13757.215504,0.0,74.020594,-10035.851024
13757.215822,0.0,444.123565,-9882.631924
13757.21614,0.0,666.185348,-10189.070123
13757.216457,0.0,370.102971,-10495.508323
13757.216775,0.0,518.144159,-10418.898773
13757.217093,-222.061783,222.061783,-10648.727422
13757.217411,-222.061783,74.020594,-10418.898773
13757.217729,0.0,148.041188,-10495.508323
13757.218046,-148.041188,222.061783,-10112.460574
13757.218364,0.0,296.082377,-10035.851024
13757.218682,222.061783,148.041188,-10418.898773
13757.219,0.0,666.185348,-11261.603821
13757.219317,-296.082377,-148.041188,-10189.070123
13757.219635,-296.082377,-592.164754,-10418.898773
13757.219953,-444.123565,-666.185348,-10342.289223
13757.220271,-518.144159,-222.061783,-10035.851024
13757.220589,-296.082377,0.0,-9959.241474
13757.220906,0.0,0.0,-10495.508323
13757.221224,-148.041188,74.020594,-10418.898773
13757.221542,-222.061783,74.020594,-10572.117872
13757.22186,-370.102971,74.020594,-10342.289223
13757.222178,0.0,74.020594,-9959.241474
13757.222495,-666.185348,444.123565,-10265.679673
13757.222813,-592.164754,444.123565,-10265.679673
13757.223131,-444.123565,518.144159,-10035.851024
13757.223449,-444.123565,518.144159,-10189.070123
13757.223766,518.144159,296.082377,-9729.412825
13757.224084,0.0,444.123565,-9882.631924
13757.224402,0.0,518.144159,-10112.460574
13757.22472,0.0,518.144159,-10035.851024
13757.225038,74.020594,296.082377,-10342.289223
13757.225355,74.020594,74.020594,-10189.070123
13757.225673,0.0,222.061783,-10418.898773
13757.225991,-222.061783,0.0,-10035.851024
13757.226309,0.0,0.0,-9959.241474
13757.226626,0.0,-148.041188,-10112.460574
13757.226944,0.0,0.0,-9959.241474
13757.227262,0.0,0.0,-10189.070123
13757.22758,-148.041188,74.020594,-9882.631924
13757.227898,-444.123565,0.0,-10342.289223
13757.228215,-444.123565,74.020594,-10572.117872
13757.228533,-592.164754,0.0,-10265.679673
13757.228851,-370.102971,74.020594,-10265.679673
13757.229169,-444.123565,444.123565,-10801.946522
13757.229486,-296.082377,444.123565,-10572.117872
13757.229804,0.0,518.144159,-10648.727422
13757.230122,-370.102971,444.123565,-10648.727422
13757.23044,-148.041188,296.082377,-10648.727422
13757.230758,-518.144159,148.041188,-10418.898773
13757.231075,-222.061783,296.082377,-9882.631924
13757.231393,-592.164754,0.0,-10035.851024
13757.231711,-370.102971,0.0,-9959.241474
13757.232029,-296.082377,0.0,-9729.412825
13757.232347,0.0,0.0,-9116.536426
13757.232664,-148.041188,148.041188,-9806.022374
13757.232982,0.0,0.0,-9806.022374
13757.2333,0.0,222.061783,-9806.022374
13757.233618,74.020594,148.041188,-10112.460574
13757.233935,74.020594,148.041188,-9959.241474
13757.234253,-148.041188,222.061783,-10495.508323
13757.234571,0.0,148.041188,-10418.898773
13757.234889,0.0,148.041188,-10189.070123
13757.235207,0.0,148.041188,-10342.289223
13757.235524,0.0,296.082377,-10189.070123
13757.235842,0.0,296.082377,-10418.898773
13757.23616,0.0,296.082377,-10342.289223
13757.236478,-222.061783,74.020594,-10648.727422
13757.236795,-444.123565,0.0,-11031.775171
13757.237113,-296.082377,0.0,-10342.289223
13757.237431,-518.144159,0.0,-10418.898773
13757.237749,-518.144159,74.020594,-10189.070123
13757.238067,-296.082377,0.0,-10342.289223
13757.238384,0.0,148.041188,-10112.460574
13757.238702,-148.041188,148.041188,-10725.336972
13757.23902,-296.082377,0.0,-10495.508323
13757.239338,-370.102971,0.0,-10265.679673
13757.239656,-592.164754,74.020594,-9806.022374
13757.239973,-518.144159,-148.041188,-9959.241474
13757.240291,-518.144159,370.102971,-10265.679673
13757.240609,-296.082377,444.123565,-10112.460574
13757.240927,-370.102971,370.102971,-9882.631924
13757.241244,-296.082377,296.082377,-9959.241474
13757.241562,-148.041188,444.123565,-10189.070123
13757.24188,0.0,888.24713,-10189.070123
13757.242198,0.0,444.123565,-10189.070123
13757.242516,148.041188,518.144159,-10572.117872
13757.242833,0.0,296.082377,-10265.679673
13757.243151,0.0,444.123565,-10342.289223
13757.243469,0.0,148.041188,-10189.070123
13757.243787,0.0,-296.082377,-10112.460574
13757.244104,0.0,0.0,-10572.117872
13757.244422,0.0,0.0,-10112.460574
13757.24474,74.020594,0.0,-10112.460574
13757.245058,-370.102971,-370.102971,-10189.070123
13757.245376,-370.102971,74.020594,-10035.851024
13757.245693,-518.144159,-148.041188,-10189.070123
13757.246011,-370.102971,-222.061783,-10112.460574
13757.246329,-370.102971,0.0,-10495.508323
13757.246647,-592.164754,518.144159,-10725.336972
13757.246964,-370.102971,740.205942,-10495.508323
13757.247282,-444.123565,666.185348,-10572.117872
13757.2476,-370.102971,592.164754,-10418.898773
13757.247918,-370.102971,222.061783,-10572.117872
13757.248236,-370.102971,222.061783,-10572.117872
13757.248553,-370.102971,74.020594,-10418.898773
13757.248871,-444.123565,0.0,-10265.679673
13757.249189,-370.102971,0.0,-9959.241474
13757.249507,0.0,0.0,-9806.022374
13757.249825,296.082377,-222.061783,-9499.584175
13757.250142,0.0,0.0,-10035.851024
13757.25046,0.0,222.061783,-9806.022374
13757.250778,74.020594,74.020594,-9959.241474
13757.251096,0.0,296.082377,-10725.336972
13757.251413,-222.061783,148.041188,-10035.851024
13757.251731,-296.082377,148.041188,-10112.460574
13757.252049,148.041188,0.0,-10189.070123
13757.252367,0.0,0.0,-10342.289223
13757.252685,296.082377,74.020594,-10112.460574
13757.253002,-222.061783,148.041188,-10418.898773
13757.25332,0.0,518.144159,-10572.117872
13757.253638,0.0,592.164754,-10418.898773
13757.253956,-444.123565,0.0,-10342.289223
13757.254273,-296.082377,74.020594,-10265.679673
13757.254591,-592.164754,0.0,-10418.898773
13757.254909,-148.041188,-148.041188,-10189.070123
13757.255227,-592.164754,370.102971,-10342.289223
13757.255545,-74.020594,444.123565,-10648.727422
13757.255862,0.0,74.020594,-10418.898773
13757.25618,-222.061783,0.0,-10342.289223
13757.256498,0.0,0.0,-10418.898773
13757.256816,-296.082377,-148.041188,-10342.289223
13757.257134,-592.164754,-296.082377,-9882.631924
13757.257451,-814.226536,0.0,-10035.851024
13757.257769,-296.082377,0.0,-9959.241474
13757.258087,-370.102971,74.020594,-9806.022374
13757.258405,222.061783,222.061783,-9499.584175
13757.258722,0.0,444.123565,-9806.022374
13757.25904,0.0,518.144159,-10035.851024
13757.259358,0.0,814.226536,-10112.460574
13757.259676,0.0,666.185348,-10572.117872
13757.259994,0.0,296.082377,-10648.727422
13757.260311,0.0,222.061783,-10572.117872
13757.260629,-222.061783,148.041188,-10342.289223
13757.260947,0.0,0.0,-10418.898773
13757.261265,296.082377,74.020594,-10572.117872
13757.261582,0.0,0.0,-9959.241474
13757.2619,74.020594,0.0,-10035.851024
13757.262218,0.0,74.020594,-10189.070123
13757.262536,-296.082377,0.0,-9499.584175
13757.262854,-370.102971,-370.102971,-10265.679673
13757.263171,-518.144159,-370.102971,-10189.070123
13757.263489,-370.102971,-370.102971,-10342.289223
13757.263807,-518.144159,0.0,-10112.460574
13757.264125,0.0,370.102971,-10495.508323
13757.264442,-148.041188,444.123565,-10418.898773
13757.26476,-518.144159,518.144159,-10648.727422
13757.265078,-518.144159,370.102971,-10725.336972
13757.265396,-370.102971,370.102971,-10495.508323
13757.265714,-296.082377,222.061783,-10265.679673
13757.266031,-666.185348,296.082377,-10265.679673
13757.266349,-370.102971,296.082377,-10265.679673
13757.266667,-296.082377,444.123565,-9959.241474
13757.266985,222.061783,0.0,-9269.755526
13757.267303,0.0,370.102971,-9959.241474
13757.26762,0.0,74.020594,-10112.460574
13757.267938,0.0,0.0,-9882.631924
13757.268256,0.0,0.0,-10035.851024
13757.268574,0.0,296.082377,-10035.851024
13757.268891,-148.041188,0.0,-10189.070123
13757.269209,0.0,-148.041188,-10112.460574
13757.269527,0.0,-148.041188,-10189.070123
13757.269845,-148.041188,0.0,-9346.365076
13757.270163,-296.082377,0.0,-9806.022374
13757.27048,-222.061783,222.061783,-10265.679673
13757.270798,0.0,0.0,-10189.070123
13757.271116,-296.082377,370.102971,-10342.289223
13757.271434,0.0,148.041188,-10648.727422
13757.271751,-296.082377,0.0,-10418.898773
13757.272069,-518.144159,74.020594,-10572.117872
13757.272387,-444.123565,148.041188,-10572.117872
13757.272705,-592.164754,-296.082377,-10265.679673
13757.273023,-222.061783,222.061783,-10342.289223
13757.27334,0.0,444.123565,-10342.289223
13757.273658,-222.061783,222.061783,-10418.898773
13757.273976,-222.061783,0.0,-10418.898773
13757.274294,-370.102971,-222.061783,-10112.460574
13757.274612,-518.144159,0.0,-9882.631924
13757.274929,-666.185348,-370.102971,-9806.022374
13757.275247,-592.164754,-296.082377,-9882.631924
13757.275565,-444.123565,-148.041188,-9652.803275
13757.275883,0.0,0.0,-10035.851024
13757.2762,0.0,148.041188,-10112.460574
13757.276518,148.041188,370.102971,-9882.631924
13757.276836,0.0,518.144159,-10342.289223
13757.277154,0.0,518.144159,-10418.898773
13757.277472,0.0,444.123565,-10572.117872
13757.277789,0.0,148.041188,-10572.117872
13757.278107,0.0,148.041188,-10572.117872
13757.278425,-370.102971,0.0,-10189.070123
13757.278743,0.0,0.0,-10189.070123
13757.27906,-296.082377,296.082377,-10265.679673
13757.279378,148.041188,74.020594,-10112.460574
13757.279696,74.020594,0.0,-10189.070123
13757.280014,0.0,0.0,-10265.679673
13757.280332,-148.041188,-296.082377,-10342.289223
13757.280649,-518.144159,-518.144159,-10189.070123
13757.280967,-444.123565,-518.144159,-10189.070123
13757.281285,-370.102971,370.102971,-10725.336972
13757.281603,-370.102971,296.082377,-10189.070123
13757.28192,0.0,222.061783,-10418.898773
13757.282238,-148.041188,370.102971,-10418.898773
13757.282556,-370.102971,148.041188,-10418.898773
13757.282874,148.041188,0.0,-10035.851024
13757.283192,-592.164754,296.082377,-10265.679673
13757.283509,-592.164754,74.020594,-10265.679673
13757.283827,-518.144159,370.102971,-10189.070123
13757.284145,-444.123565,296.082377,-9806.022374
13757.284463,-222.061783,444.123565,-10112.460574
13757.284781,-296.082377,370.102971,-10112.460574
13757.285098,0.0,148.041188,-10035.851024
13757.285416,0.0,444.123565,-10112.460574
13757.285734,0.0,296.082377,-10265.679673
13757.286052,74.020594,148.041188,-10342.289223
13757.286369,0.0,0.0,-10189.070123
13757.286687,0.0,-296.082377,-10112.460574
13757.287005,0.0,0.0,-10572.117872
13757.287323,0.0,0.0,-10112.460574
13757.287641,-148.041188,74.020594,-9729.412825
13757.287958,0.0,0.0,-9882.631924
13757.288276,74.020594,0.0,-10418.898773
13757.288594,74.020594,0.0,-10035.851024
13757.288912,-444.123565,-222.061783,-10495.508323
13757.289229,-740.205942,-148.041188,-10648.727422
13757.289547,-518.144159,0.0,-10495.508323
13757.289865,-444.123565,148.041188,-10189.070123
13757.290183,-592.164754,370.102971,-10955.165621
13757.290501,0.0,518.144159,-10801.946522
13757.290818,-222.061783,296.082377,-10648.727422
13757.291136,0.0,370.102971,-10572.117872
13757.291454,0.0,0.0,-10572.117872
13757.291772,-444.123565,0.0,-10189.070123
13757.29209,-518.144159,0.0,-10112.460574
13757.292407,-444.123565,0.0,-9959.241474
13757.292725,-296.082377,74.020594,-9652.803275
13757.293043,-296.082377,-148.041188,-9576.193725
13757.293361,0.0,0.0,-9806.022374
13757.293678,0.0,0.0,-9959.241474
13757.293996,74.020594,222.061783,-9959.241474
13757.294314,444.123565,370.102971,-10495.508323
13757.294632,0.0,222.061783,-10189.070123
13757.29495,-296.082377,296.082377,-10265.679673
13757.295267,-296.082377,296.082377,-10418.898773
13757.295585,-222.061783,370.102971,-9422.974625
13757.295903,-296.082377,296.082377,-10342.289223
13757.296221,0.0,666.185348,-10342.289223
13757.296538,0.0,518.144159,-10112.460574
13757.296856,74.020594,222.061783,-10495.508323
13757.297174,0.0,592.164754,-10572.117872
13757.297492,-592.164754,-148.041188,-10189.070123
13757.29781,-592.164754,-370.102971,-10418.898773
13757.298127,-592.164754,-296.082377,-10342.289223
13757.298445,-370.102971,0.0,-10265.679673
13757.298763,0.0,0.0,-10112.460574
13757.299081,0.0,222.061783,-10418.898773
13757.299398,-222.061783,148.041188,-10189.070123
13757.299716,-370.102971,0.0,-10418.898773
13757.300034,0.0,-444.123565,-9959.241474
13757.300352,-518.144159,0.0,-10342.289223
13757.30067,-666.185348,0.0,-10189.070123
13757.300987,-814.226536,148.041188,-10112.460574
13757.301305,-518.144159,222.061783,-10035.851024
13757.301623,-222.061783,666.185348,-10189.070123
13757.301941,0.0,518.144159,-10189.070123
13757.302259,0.0,370.102971,-10265.679673
13757.302576,0.0,814.226536,-10035.851024
13757.302894,296.082377,222.061783,-10189.070123
13757.303212,0.0,222.061783,-10418.898773
13757.30353,74.020594,296.082377,-10572.117872
13757.303848,-296.082377,148.041188,-10265.679673
13757.304165,0.0,74.020594,-9806.022374
13757.304483,0.0,-222.061783,-9959.241474
13757.304801,0.0,0.0,-10189.070123
13757.305119,0.0,0.0,-10112.460574
13757.305437,148.041188,0.0,-10342.289223
13757.305754,148.041188,0.0,-11184.994271
13757.306072,-592.164754,0.0,-10265.679673
13757.30639,-370.102971,-296.082377,-10342.289223
13757.306708,-518.144159,-370.102971,-10265.679673
13757.307026,-592.164754,74.020594,-10495.508323
13757.307343,-666.185348,296.082377,-10648.727422
13757.307661,-222.061783,592.164754,-10418.898773
13757.307979,-444.123565,740.205942,-10495.508323
13757.308297,-296.082377,592.164754,-10572.117872
13757.308614,-222.061783,518.144159,-11261.603821
13757.308932,-444.123565,74.020594,-10418.898773
13757.30925,-814.226536,148.041188,-10112.460574
13757.309568,-592.164754,148.041188,-10112.460574
13757.309886,-370.102971,0.0,-10189.070123
13757.310203,-148.041188,0.0,-9806.022374
13757.310521,0.0,222.061783,-9806.022374
13757.310839,0.0,222.061783,-9882.631924
13757.311157,0.0,148.041188,-9806.022374
13757.311475,222.061783,592.164754,-9576.193725
13757.311792,74.020594,0.0,-10035.851024
13757.31211,0.0,-148.041188,-9959.241474
13757.312428,0.0,74.020594,-10265.679673
13757.312746,-222.061783,0.0,-10189.070123
13757.313064,-296.082377,0.0,-10265.679673
13757.313381,0.0,296.082377,-10112.460574
13757.313699,0.0,444.123565,-10189.070123
13757.314017,0.0,518.144159,-10265.679673
13757.314335,592.164754,0.0,-11261.603821
13757.314653,-296.082377,74.020594,-10725.336972
13757.31497,-592.164754,0.0,-10495.508323
13757.315288,-592.164754,-222.061783,-10495.508323
13757.315606,-666.185348,0.0,-10342.289223
13757.315924,-148.041188,0.0,-10418.898773
13757.316242,-148.041188,148.041188,-10265.679673
13757.316559,74.020594,296.082377,-10342.289223
13757.316877,-370.102971,0.0,-10495.508323
13757.317195,0.0,-370.102971,-10189.070123
13757.317513,-444.123565,0.0,-10189.070123
13757.317831,-592.164754,-222.061783,-10112.460574
13757.318148,-518.144159,0.0,-9806.022374
13757.318466,-518.144159,0.0,-9882.631924
13757.318784,0.0,0.0,-9806.022374
13757.319102,-444.123565,592.164754,-9882.631924
13757.31942,0.0,296.082377,-9959.241474
13757.319737,0.0,592.164754,-10035.851024
13757.320055,0.0,518.144159,-10189.070123
13757.320373,-222.061783,666.185348,-9959.241474
13757.320691,148.041188,370.102971,-10495.508323
13757.321008,0.0,222.061783,-10418.898773
13757.321326,-222.061783,296.082377,-10495.508323
13757.321644,222.061783,222.061783,-10035.851024
13757.321962,-148.041188,0.0,-10342.289223
13757.32228,0.0,148.041188,-10112.460574
13757.322597,0.0,74.020594,-10112.460574
13757.322915,0.0,0.0,-9806.022374
13757.323233,0.0,0.0,-10572.117872
13757.323551,-296.082377,-444.123565,-10418.898773
13757.323869,-296.082377,-518.144159,-10342.289223
13757.324186,-592.164754,-222.061783,-10342.289223
13757.324504,-592.164754,0.0,-9806.022374
13757.324822,-518.144159,74.020594,-10495.508323
13757.32514,-148.041188,296.082377,-10572.117872
13757.325458,-222.061783,740.205942,-10418.898773
13757.325775,-296.082377,444.123565,-10572.117872
13757.326093,0.0,222.061783,-10725.336972
13757.326411,-518.144159,222.061783,-10495.508323
13757.326729,-444.123565,296.082377,-10418.898773
13757.327047,-740.205942,0.0,-10189.070123
13757.327364,0.0,0.0,-9576.193725
13757.327682,-370.102971,370.102971,-10035.851024
13757.328,74.020594,148.041188,-9882.631924
13757.328318,148.041188,296.082377,-10035.851024
13757.328636,222.061783,296.082377,-9959.241474
13757.328953,148.041188,0.0,-9806.022374
13757.329271,0.0,-148.041188,-10112.460574
13757.329589,-222.061783,0.0,-10189.070123
13757.329907,-222.061783,0.0,-9959.241474
13757.330225,0.0,0.0,-10112.460574
13757.330542,0.0,0.0,-10112.460574
13757.33086,-148.041188,222.061783,-10112.460574
13757.331178,0.0,370.102971,-10189.070123
13757.331496,0.0,222.061783,-10342.289223
13757.331814,-370.102971,222.061783,-10495.508323
13757.332131,-592.164754,222.061783,-10495.508323
13757.332449,-296.082377,0.0,-10342.289223
13757.332767,-518.144159,-222.061783,-10418.898773
13757.333085,-888.24713,592.164754,-10418.898773
13757.333402,-518.144159,222.061783,-10418.898773
13757.33372,-296.082377,592.164754,-10418.898773
13757.334038,-222.061783,296.082377,-10265.679673
13757.334356,-296.082377,222.061783,-10572.117872
13757.334674,0.0,0.0,-10342.289223
13757.334991,-444.123565,-222.061783,-10112.460574
13757.335309,-370.102971,-148.041188,-9806.022374
13757.335627,-370.102971,-296.082377,-9959.241474
13757.335945,-222.061783,0.0,-10495.508323
13757.336263,-444.123565,148.041188,-9806.022374
13757.33658,-370.102971,296.082377,-10035.851024
13757.336898,0.0,296.082377,-9882.631924
13757.337216,518.144159,222.061783,-9729.412825
13757.337534,148.041188,444.123565,-10112.460574
13757.337852,0.0,370.102971,-10342.289223
13757.338169,0.0,444.123565,-10342.289223
13757.338487,-222.061783,592.164754,-10418.898773
13757.338805,-666.185348,444.123565,-9959.241474
13757.339123,0.0,370.102971,-10342.289223
13757.339441,0.0,444.123565,-10418.898773
13757.339758,-222.061783,222.061783,-10342.289223
13757.340076,0.0,0.0,-10342.289223
13757.340394,0.0,222.061783,-10342.289223
13757.340712,-296.082377,-148.041188,-10418.898773
13757.34103,-296.082377,-370.102971,-10495.508323
13757.341347,-444.123565,-592.164754,-10265.679673
13757.341665,-296.082377,-296.082377,-10265.679673
13757.341983,-592.164754,0.0,-10418.898773
13757.342301,-222.061783,0.0,-10342.289223
13757.342619,0.0,222.061783,-10342.289223
13757.342936,-592.164754,666.185348,-9652.803275
13757.343254,-296.082377,296.082377,-10418.898773
13757.343572,-370.102971,74.020594,-10189.070123
13757.34389,-666.185348,148.041188,-10495.508323
13757.344208,-740.205942,296.082377,-10112.460574
13757.344525,-370.102971,444.123565,-10342.289223
13757.344843,-370.102971,370.102971,-9806.022374
13757.345161,-370.102971,740.205942,-9959.241474
13757.345479,0.0,444.123565,-10035.851024
13757.345796,-148.041188,1036.288319,-9193.145976
13757.346114,0.0,296.082377,-10035.851024
13757.346432,0.0,444.123565,-10035.851024
13757.34675,74.020594,0.0,-10189.070123
13757.347068,0.0,74.020594,-10495.508323
13757.347385,0.0,-296.082377,-10112.460574
13757.347703,0.0,-148.041188,-10189.070123
13757.348021,0.0,-222.061783,-9882.631924
13757.348339,0.0,0.0,-9882.631924
13757.348657,148.041188,222.061783,-9652.803275
13757.348974,0.0,222.061783,-10189.070123
13757.349292,-518.144159,74.020594,-10418.898773
13757.34961,-518.144159,0.0,-10418.898773
13757.349928,-592.164754,0.0,-10342.289223
13757.350246,-370.102971,222.061783,-10342.289223
13757.350563,-370.102971,222.061783,-10572.117872
13757.350881,-296.082377,296.082377,-10495.508323
13757.351199,-222.061783,592.164754,-10495.508323
13757.351517,370.102971,222.061783,-10189.070123
13757.351835,-148.041188,222.061783,-10648.727422
13757.352152,-518.144159,222.061783,-10418.898773
13757.35247,-666.185348,0.0,-10189.070123
13757.352788,-740.205942,0.0,-9882.631924
13757.353106,-444.123565,-296.082377,-9959.241474
13757.353424,-370.102971,-222.061783,-9806.022374
13757.353741,-148.041188,0.0,-9576.193725
13757.354059,0.0,74.020594,-9806.022374
13757.354377,592.164754,74.020594,-9729.412825
13757.354695,-148.041188,370.102971,-9882.631924
13757.355013,-222.061783,148.041188,-10189.070123
13757.35533,-148.041188,74.020594,-10342.289223
13757.355648,0.0,370.102971,-9729.412825
13757.355966,0.0,148.041188,-10725.336972
13757.356284,0.0,296.082377,-10189.070123
13757.356602,0.0,222.061783,-10418.898773
13757.356919,0.0,296.082377,-10418.898773
13757.357237,-222.061783,666.185348,-9959.241474
13757.357555,0.0,296.082377,-10265.679673
13757.357873,-296.082377,74.020594,-10418.898773
13757.35819,-296.082377,0.0,-10572.117872
13757.358508,-444.123565,-444.123565,-10418.898773
13757.358826,-444.123565,-370.102971,-10342.289223
13757.359144,-296.082377,-148.041188,-10112.460574
13757.359462,-370.102971,0.0,-10112.460574
13757.359779,0.0,74.020594,-10418.898773
13757.360097,0.0,222.061783,-10725.336972
13757.360415,-296.082377,296.082377,-10342.289223
13757.360733,-370.102971,-148.041188,-10495.508323
13757.361051,-592.164754,0.0,-10342.289223
13757.361368,-666.185348,74.020594,-9882.631924
13757.361686,-592.164754,0.0,-9959.241474
13757.362004,-444.123565,222.061783,-10112.460574
13757.362322,-296.082377,370.102971,-10035.851024
13757.36264,0.0,518.144159,-10035.851024
13757.362957,148.041188,740.205942,-10572.117872
13757.363275,0.0,814.226536,-10112.460574
13757.363593,0.0,814.226536,-10112.460574
13757.363911,0.0,222.061783,-10342.289223
13757.364229,0.0,444.123565,-9806.022374
13757.364546,-222.061783,0.0,-10342.289223
13757.364864,0.0,0.0,-10418.898773
13757.365182,74.020594,0.0,-10189.070123
13757.3655,0.0,0.0,-10265.679673
13757.365818,74.020594,0.0,-10189.070123
13757.366135,0.0,0.0,-9882.631924
13757.366453,0.0,0.0,-10189.070123
13757.366771,-444.123565,-370.102971,-10342.289223
13757.367089,-370.102971,0.0,-10495.508323
13757.367407,-666.185348,-370.102971,-10342.289223
13757.367724,-518.144159,74.020594,-10342.289223
13757.368042,-592.164754,518.144159,-10495.508323
13757.36836,0.0,592.164754,-10801.946522
13757.368678,0.0,666.185348,-10955.165621
13757.368996,-296.082377,444.123565,-11108.384721
13757.369313,-444.123565,296.082377,-10572.117872
13757.369631,-370.102971,74.020594,-10342.289223
13757.369949,-592.164754,370.102971,-11414.82292
13757.370267,-518.144159,296.082377,-10189.070123
13757.370584,0.0,0.0,-9806.022374
13757.370902,-296.082377,0.0,-9729.412825
13757.37122,0.0,74.020594,-9652.803275
13757.371538,148.041188,0.0,-9882.631924
13757.371856,74.020594,0.0,-9806.022374
13757.372173,74.020594,0.0,-10112.460574
13757.372491,0.0,0.0,-10112.460574
13757.372809,-444.123565,-296.082377,-9499.584175
13757.373127,-148.041188,74.020594,-10112.460574
13757.373445,0.0,0.0,-10572.117872
13757.373762,0.0,148.041188,-10342.289223
13757.37408,-222.061783,148.041188,-10265.679673
13757.374398,0.0,444.123565,-10418.898773
13757.374716,0.0,74.020594,-10265.679673
13757.375034,0.0,518.144159,-10572.117872
13757.375351,-296.082377,370.102971,-10648.727422
13757.375669,0.0,-370.102971,-10112.460574
13757.375987,-518.144159,0.0,-10342.289223
13757.376305,-518.144159,0.0,-10189.070123
13757.376623,-444.123565,0.0,-10572.117872
13757.37694,-370.102971,296.082377,-9422.974625
13757.377258,0.0,0.0,-10418.898773
13757.377576,-148.041188,148.041188,-10418.898773
13757.377894,0.0,0.0,-10342.289223
13757.378212,-444.123565,-222.061783,-10112.460574
13757.378529,-444.123565,0.0,-10265.679673
13757.378847,-592.164754,-148.041188,-9959.241474
13757.379165,-444.123565,0.0,-10035.851024
13757.379483,-444.123565,296.082377,-10189.070123
13757.379801,-370.102971,444.123565,-9806.022374
13757.380118,74.020594,222.061783,-10112.460574
13757.380436,0.0,370.102971,-10035.851024
13757.380754,0.0,444.123565,-10189.070123
13757.381072,-148.041188,592.164754,-10265.679673
13757.38139,0.0,444.123565,-10572.117872
13757.381707,0.0,74.020594,-10189.070123
13757.382025,-222.061783,444.123565,-10342.289223
13757.382343,-148.041188,0.0,-10418.898773
13757.382661,0.0,148.041188,-10189.070123
13757.382978,0.0,0.0,-10265.679673
13757.383296,148.041188,0.0,-10035.851024
13757.383614,222.061783,0.0,-10189.070123
13757.383932,-148.041188,-222.061783,-10189.070123
13757.38425,-370.102971,-370.102971,-9959.241474
13757.384567,-296.082377,-592.164754,-10112.460574
13757.384885,-518.144159,-148.041188,-10189.070123
13757.385203,-370.102971,0.0,-10342.289223
13757.385521,-296.082377,296.082377,-10112.460574
13757.385839,0.0,296.082377,-10572.117872
13757.386156,-222.061783,666.185348,-10801.946522
13757.386474,-370.102971,444.123565,-10725.336972
13757.386792,-592.164754,148.041188,-10725.336972
13757.38711,-888.24713,370.102971,-10265.679673
13757.387428,-592.164754,222.061783,-10265.679673
13757.387745,-592.164754,148.041188,-10189.070123
13757.388063,-518.144159,148.041188,-9959.241474
13757.388381,0.0,444.123565,-9116.536426
13757.388699,-222.061783,296.082377,-9959.241474
13757.389017,0.0,148.041188,-10035.851024
13757.389334,74.020594,74.020594,-10035.851024
13757.389652,0.0,0.0,-9959.241474
13757.38997,0.0,222.061783,-9882.631924
13757.390288,0.0,74.020594,-10265.679673
13757.390606,0.0,0.0,-10342.289223
13757.390923,0.0,0.0,-10189.070123
13757.391241,222.061783,0.0,-9806.022374
13757.391559,-148.041188,74.020594,-10112.460574
13757.391877,-222.061783,222.061783,-10418.898773
13757.392195,-222.061783,222.061783,-10572.117872
13757.392512,0.0,222.061783,-10418.898773
13757.39283,-296.082377,148.041188,-10342.289223
13757.393148,-370.102971,148.041188,-10495.508323
13757.393466,-444.123565,0.0,-10725.336972
13757.393783,-444.123565,0.0,-10342.289223
13757.394101,-148.041188,444.123565,-9806.022374
13757.394419,-148.041188,148.041188,-10495.508323
13757.394737,-444.123565,370.102971,-10648.727422
13757.395055,-148.041188,148.041188,-10418.898773
13757.395372,-222.061783,0.0,-10112.460574
13757.39569,-592.164754,-148.041188,-10112.460574
13757.396008,-666.185348,0.0,-10112.460574
13757.396326,-370.102971,-148.041188,-9882.631924
13757.396644,-296.082377,-222.061783,-9806.022374
13757.396961,0.0,-222.061783,-9422.974625
13757.397279,-222.061783,148.041188,-9806.022374
13757.397597,-148.041188,74.020594,-9959.241474
13757.397915,0.0,222.061783,-10265.679673
13757.398233,0.0,444.123565,-10035.851024
13757.39855,148.041188,666.185348,-10801.946522
13757.398868,0.0,518.144159,-10648.727422
13757.399186,0.0,222.061783,-10495.508323
13757.399504,-148.041188,222.061783,-10572.117872
13757.399822,0.0,592.164754,-10725.336972
13757.400139,-296.082377,74.020594,-10342.289223
13757.400457,-148.041188,296.082377,-10265.679673
13757.400775,0.0,74.020594,-10189.070123
13757.401093,0.0,0.0,-10342.289223
13757.401411,-296.082377,-222.061783,-10342.289223
13757.401728,-444.123565,-444.123565,-10189.070123
13757.402046,-592.164754,-222.061783,-10265.679673
13757.402364,-592.164754,-518.144159,-9959.241474
13757.402682,-222.061783,-222.061783,-10189.070123
13757.402999,-370.102971,222.061783,-10265.679673
13757.403317,0.0,222.061783,-10418.898773
13757.403635,-222.061783,370.102971,-10572.117872
13757.403953,-296.082377,518.144159,-10418.898773
13757.404271,-370.102971,148.041188,-10265.679673
13757.404588,-444.123565,518.144159,-10572.117872
13757.404906,-666.185348,222.061783,-10189.070123
13757.405224,-444.123565,370.102971,-9806.022374
13757.405542,-444.123565,444.123565,-8580.269578
13757.405859,-444.123565,444.123565,-10189.070123
13757.406177,0.0,296.082377,-10112.460574
13757.406495,0.0,222.061783,-10035.851024
13757.406813,148.041188,296.082377,-9959.241474
13757.407131,74.020594,0.0,-10112.460574
13757.407448,148.041188,0.0,-10189.070123
13757.407766,222.061783,0.0,-10112.460574
13757.408084,0.0,0.0,-10265.679673
13757.408402,0.0,-296.082377,-10112.460574
13757.408719,-222.061783,0.0,-10035.851024
13757.409037,0.0,0.0,-9959.241474
13757.409355,0.0,74.020594,-9806.022374
13757.409673,0.0,74.020594,-10112.460574
13757.409991,0.0,-148.041188,-10418.898773
13757.410308,-444.123565,0.0,-10342.289223
13757.410626,-518.144159,-222.061783,-10495.508323
13757.410944,-666.185348,0.0,-10495.508323
13757.411262,-444.123565,222.061783,-10648.727422
13757.411579,-370.102971,148.041188,-10418.898773
13757.411897,-148.041188,666.185348,-10572.117872
13757.412215,-222.061783,592.164754,-10572.117872
13757.412533,-296.082377,370.102971,-10572.117872
13757.412851,-296.082377,222.061783,-10495.508323
13757.413168,-370.102971,0.0,-10112.460574
13757.413486,-296.082377,0.0,-10112.460574
13757.413804,-814.226536,-222.061783,-9959.241474
13757.414122,-370.102971,-222.061783,-9959.241474
13757.414439,0.0,-444.123565,-9499.584175
13757.414757,0.0,0.0,-9806.022374
13757.415075,0.0,222.061783,-9806.022374
13757.415393,0.0,370.102971,-9806.022374
13757.415711,0.0,444.123565,-9422.974625
13757.416028,0.0,296.082377,-10572.117872
13757.416346,0.0,444.123565,-10342.289223
13757.416664,0.0,370.102971,-10572.117872
13757.416982,-222.061783,296.082377,-10265.679673
13757.417299,0.0,0.0,-10418.898773
13757.417617,0.0,148.041188,-10418.898773
13757.417935,0.0,370.102971,-10265.679673
13757.418253,222.061783,444.123565,-10342.289223
13757.418571,74.020594,518.144159,-10112.460574
13757.418888,-222.061783,0.0,-10342.289223
13757.419206,-370.102971,-296.082377,-10265.679673
13757.419524,-370.102971,-592.164754,-10418.898773
13757.419842,-518.144159,-444.123565,-10265.679673
13757.420159,0.0,-888.24713,-9882.631924
13757.420477,-222.061783,0.0,-10265.679673
13757.420795,-296.082377,444.123565,-10112.460574
13757.421113,0.0,296.082377,-10572.117872
13757.421431,-148.041188,74.020594,-10342.289223
13757.421748,0.0,-222.061783,-9882.631924
13757.422066,-518.144159,0.0,-10342.289223
13757.422384,-740.205942,74.020594,-10265.679673
13757.422702,-592.164754,222.061783,-10112.460574
13757.423019,-592.164754,148.041188,-10112.460574
13757.423337,-222.061783,444.123565,-10265.679673
13757.423655,74.020594,518.144159,-10112.460574
13757.423973,0.0,592.164754,-10112.460574
13757.424291,74.020594,814.226536,-9959.241474
13757.424608,74.020594,1036.288319,-10189.070123
13757.424926,0.0,0.0,-10265.679673
13757.425244,-296.082377,0.0,-10342.289223
13757.425562,0.0,0.0,-10342.289223
13757.425879,0.0,0.0,-10112.460574
13757.426197,0.0,-222.061783,-9959.241474
13757.426515,0.0,0.0,-10112.460574
13757.426833,0.0,0.0,-10265.679673
13757.427151,0.0,74.020594,-9959.241474
13757.427468,-666.185348,296.082377,-9882.631924
13757.427786,-518.144159,-222.061783,-10265.679673
13757.428104,-518.144159,-370.102971,-10495.508323
13757.428422,-518.144159,-222.061783,-10342.289223
13757.428739,-666.185348,148.041188,-10495.508323
13757.429057,-222.061783,518.144159,-10572.117872
13757.429375,-370.102971,740.205942,-10342.289223
13757.429693,-296.082377,666.185348,-10572.117872
13757.430011,0.0,592.164754,-10801.946522
13757.430328,0.0,518.144159,-10035.851024
13757.430646,-444.123565,0.0,-10495.508323
13757.430964,-518.144159,0.0,-9959.241474
13757.431282,-592.164754,0.0,-9882.631924
13757.431599,-518.144159,0.0,-9959.241474
13757.431917,0.0,0.0,-9729.412825
13757.432235,148.041188,0.0,-9806.022374
13757.432553,0.0,0.0,-9729.412825
13757.432871,0.0,222.061783,-9959.241474
13757.433188,0.0,0.0,-9882.631924
13757.433506,0.0,148.041188,-10189.070123
13757.433824,-222.061783,0.0,-10112.460574
13757.434142,-148.041188,222.061783,-10342.289223
13757.434459,0.0,222.061783,-10342.289223
13757.434777,0.0,74.020594,-10342.289223
13757.435095,74.020594,296.082377,-10418.898773
13757.435413,0.0,222.061783,-10342.289223
13757.435731,0.0,296.082377,-10342.289223
13757.436048,-148.041188,74.020594,-10572.117872
13757.436366,-296.082377,0.0,-10725.336972
13757.436684,-444.123565,-148.041188,-10418.898773
13757.437002,-518.144159,-148.041188,-10418.898773
13757.437319,-296.082377,74.020594,-10418.898773
13757.437637,148.041188,-296.082377,-10189.070123
13757.437955,74.020594,148.041188,-10189.070123
13757.438273,0.0,222.061783,-10418.898773
13757.438591,-296.082377,0.0,-10342.289223
13757.438908,-296.082377,0.0,-10572.117872
13757.439226,-592.164754,0.0,-10265.679673
13757.439544,-592.164754,-222.061783,-9882.631924
13757.439862,-592.164754,-296.082377,-10035.851024
13757.440179,-444.123565,74.020594,-9882.631924
13757.440497,-148.041188,518.144159,-10189.070123
13757.440815,0.0,296.082377,-10112.460574
13757.441133,0.0,444.123565,-9882.631924
13757.441451,0.0,814.226536,-10112.460574
13757.441768,222.061783,518.144159,-10112.460574
13757.442086,0.0,74.020594,-10418.898773
13757.442404,0.0,518.144159,-10418.898773
13757.442722,-222.061783,74.020594,-10189.070123
13757.443039,-148.041188,74.020594,-10418.898773
13757.443357,-148.041188,74.020594,-10878.556072
13757.443675,148.041188,0.0,-9882.631924
13757.443993,0.0,148.041188,-9959.241474
13757.444311,0.0,74.020594,-9806.022374
13757.444628,-148.041188,-148.041188,-10189.070123
13757.444946,-296.082377,-518.144159,-10035.851024
13757.445264,-592.164754,-296.082377,-10112.460574
13757.445582,-666.185348,-370.102971,-10342.289223
13757.445899,-592.164754,-222.061783,-10418.898773
13757.446217,-370.102971,370.102971,-10418.898773
13757.446535,-148.041188,370.102971,-10342.289223
13757.446853,0.0,666.185348,-10342.289223
13757.447171,0.0,444.123565,-10801.946522
13757.447488,-370.102971,518.144159,-10801.946522
13757.447806,-370.102971,148.041188,-10725.336972
13757.448124,-814.226536,296.082377,-10112.460574
13757.448442,-592.164754,74.020594,-10342.289223
13757.448759,-518.144159,148.041188,-10112.460574
13757.449077,-148.041188,0.0,-10112.460574
13757.449395,0.0,74.020594,-9959.241474
13757.449713,0.0,148.041188,-9806.022374
13757.450031,0.0,222.061783,-10112.460574
13757.450348,0.0,0.0,-9882.631924
13757.450666,0.0,0.0,-9729.412825
13757.450984,0.0,0.0,-10112.460574
13757.451302,-222.061783,74.020594,-10189.070123
13757.451619,0.0,74.020594,-10418.898773
13757.451937,0.0,-148.041188,-10112.460574
13757.452255,-296.082377,148.041188,-10112.460574
13757.452573,0.0,0.0,-10418.898773
13757.452891,0.0,222.061783,-10342.289223
13757.453208,0.0,444.123565,-10725.336972
13757.453526,74.020594,370.102971,-10495.508323
13757.453844,-296.082377,74.020594,-10418.898773
13757.454162,-592.164754,74.020594,-10495.508323
13757.454479,-444.123565,-148.041188,-10418.898773
13757.454797,-444.123565,666.185348,-10572.117872
13757.455115,-370.102971,444.123565,-10572.117872
13757.455433,-222.061783,222.061783,-10265.679673
13757.455751,-296.082377,222.061783,-10342.289223
13757.456068,-148.041188,74.020594,-10418.898773
13757.456386,0.0,-296.082377,-10495.508323
13757.456704,-518.144159,-370.102971,-10342.289223
13757.457022,-814.226536,0.0,-10189.070123
13757.457339,-518.144159,0.0,-9882.631924
13757.457657,-370.102971,0.0,-9882.631924
13757.457975,-296.082377,296.082377,-9806.022374
13757.458293,0.0,444.123565,-9806.022374
13757.458611,0.0,222.061783,-10035.851024
13757.458928,0.0,296.082377,-10112.460574
13757.459246,-518.144159,370.102971,-10112.460574
13757.459564,-148.041188,592.164754,-10342.289223
13757.459882,-222.061783,222.061783,-10342.289223
13757.460199,-222.061783,296.082377,-10418.898773
13757.460517,0.0,222.061783,-10189.070123
13757.460835,-148.041188,0.0,-10112.460574
13757.461153,74.020594,222.061783,-10265.679673
13757.461471,0.0,74.020594,-10112.460574
13757.461788,74.020594,0.0,-9959.241474
13757.462106,148.041188,-518.144159,-10189.070123
13757.462424,-370.102971,-444.123565,-10418.898773
13757.462742,-370.102971,-740.205942,-10189.070123
13757.463059,-592.164754,-592.164754,-10495.508323
13757.463377,-296.082377,-148.041188,-10342.289223
13757.463695,0.0,74.020594,-10112.460574
13757.464013,0.0,444.123565,-10418.898773
13757.464331,74.020594,518.144159,-10725.336972
13757.464648,-370.102971,444.123565,-10418.898773
13757.464966,-518.144159,370.102971,-10725.336972
13757.465284,-592.164754,148.041188,-10572.117872
13757.465602,-666.185348,0.0,-10265.679673
13757.465919,-814.226536,0.0,-10189.070123
13757.466237,-518.144159,222.061783,-9959.241474
13757.466555,-222.061783,518.144159,-10035.851024
13757.466873,222.061783,444.123565,-9806.022374
13757.467191,0.0,444.123565,-10112.460574
13757.467508,0.0,518.144159,-10189.070123
13757.467826,0.0,222.061783,-10112.460574
13757.468144,444.123565,-296.082377,-9576.193725
13757.468462,0.0,0.0,-10265.679673
13757.468779,-444.123565,0.0,-10189.070123
13757.469097,0.0,0.0,-10189.070123
13757.469415,74.020594,0.0,-10112.460574
13757.469733,148.041188,518.144159,-10648.727422
13757.470051,148.041188,0.0,-10035.851024
13757.470368,148.041188,0.0,-10265.679673
13757.470686,-518.144159,74.020594,-10342.289223
13757.471004,-666.185348,0.0,-10418.898773
13757.471322,-1036.288319,148.041188,-10725.336972
13757.471639,-592.164754,0.0,-10572.117872
13757.471957,-222.061783,222.061783,-10265.679673
13757.472275,-296.082377,296.082377,-10572.117872
13757.472593,0.0,444.123565,-10572.117872
13757.472911,-370.102971,740.205942,-10801.946522
13757.473228,-370.102971,296.082377,-10648.727422
13757.473546,-370.102971,0.0,-10572.117872
13757.473864,-370.102971,-370.102971,-10265.679673
13757.474182,0.0,74.020594,-10801.946522
13757.474499,-370.102971,-222.061783,-9806.022374
13757.474817,-148.041188,-296.082377,-9806.022374
13757.475135,-296.082377,-148.041188,-9806.022374
13757.475453,0.0,0.0,-9806.022374
13757.475771,222.061783,444.123565,-10495.508323
13757.476088,-148.041188,222.061783,-9806.022374
13757.476406,0.0,444.123565,-10189.070123
13757.476724,0.0,370.102971,-10112.460574
13757.477042,0.0,518.144159,-10495.508323
13757.477359,370.102971,296.082377,-10725.336972
13757.477677,0.0,444.123565,-10495.508323
13757.477995,0.0,296.082377,-10342.289223
13757.478313,-148.041188,518.144159,-10112.460574
13757.47863,0.0,296.082377,-10265.679673
13757.478948,74.020594,0.0,-10648.727422
13757.479266,0.0,0.0,-10418.898773
13757.479584,-222.061783,0.0,-10265.679673
13757.479902,-444.123565,-296.082377,-10418.898773
13757.480219,0.0,-666.185348,-9806.022374
13757.480537,-222.061783,-370.102971,-10342.289223
13757.480855,-444.123565,0.0,-10189.070123
13757.481173,-296.082377,74.020594,-10189.070123
13757.48149,0.0,74.020594,-10572.117872
13757.481808,-222.061783,222.061783,-10801.946522
13757.482126,-222.061783,222.061783,-10265.679673
13757.482444,-444.123565,222.061783,-10265.679673
13757.482762,-444.123565,74.020594,-10342.289223
13757.483079,-148.041188,0.0,-10035.851024
13757.483397,-444.123565,518.144159,-10035.851024
13757.483715,-370.102971,370.102971,-10112.460574
13757.484033,-296.082377,518.144159,-10112.460574
13757.48435,0.0,444.123565,-10112.460574
13757.484668,0.0,592.164754,-10342.289223
13757.484986,0.0,518.144159,-10112.460574
13757.485304,0.0,222.061783,-10265.679673
13757.485622,222.061783,74.020594,-10265.679673
13757.485939,148.041188,0.0,-9806.022374
13757.486257,0.0,0.0,-10265.679673
13757.486575,0.0,0.0,-10112.460574
13757.486893,0.0,0.0,-10112.460574
13757.48721,0.0,0.0,-9959.241474
13757.487528,-296.082377,-222.061783,-10189.070123
13757.487846,0.0,0.0,-10265.679673
13757.488164,-370.102971,148.041188,-10418.898773
13757.488482,-518.144159,-148.041188,-10418.898773
13757.488799,-370.102971,-296.082377,-10112.460574
13757.489117,-666.185348,0.0,-10418.898773
13757.489435,-518.144159,296.082377,-10418.898773
13757.489753,-296.082377,296.082377,-10572.117872
13757.49007,-370.102971,666.185348,-10495.508323
13757.490388,-222.061783,962.267725,-11031.775171
13757.490706,-444.123565,592.164754,-10648.727422
13757.491024,-222.061783,222.061783,-10572.117872
13757.491342,-592.164754,74.020594,-10342.289223
13757.491659,-518.144159,0.0,-9806.022374
13757.491977,-740.205942,0.0,-10112.460574
13757.492295,-370.102971,0.0,-9499.584175
13757.492613,-148.041188,148.041188,-9882.631924
13757.49293,0.0,74.020594,-9806.022374
13757.493248,222.061783,0.0,-9729.412825
13757.493566,74.020594,0.0,-9882.631924
13757.493884,0.0,0.0,-10035.851024
13757.494202,-148.041188,74.020594,-10112.460574
13757.494519,-222.061783,0.0,-10265.679673
13757.494837,-296.082377,222.061783,-10112.460574
13757.495155,0.0,74.020594,-10418.898773
13757.495473,0.0,74.020594,-10112.460574
13757.49579,-148.041188,370.102971,-10418.898773
13757.496108,518.144159,222.061783,-10801.946522
13757.496426,148.041188,444.123565,-10189.070123
13757.496744,-148.041188,296.082377,-10495.508323
13757.497062,-444.123565,0.0,-10342.289223
13757.497379,-370.102971,-148.041188,-10342.289223
13757.497697,-592.164754,-222.061783,-10648.727422
13757.498015,-444.123565,0.0,-10265.679673
13757.498333,-370.102971,0.0,-10112.460574
13757.49865,0.0,0.0,-10495.508323
13757.498968,148.041188,-148.041188,-10342.289223
13757.499286,-148.041188,148.041188,-10418.898773
13757.499604,-518.144159,222.061783,-10418.898773
13757.499922,-592.164754,-296.082377,-10572.117872
13757.500239,-592.164754,0.0,-10035.851024
13757.500557,-444.123565,0.0,-10112.460574
13757.500875,-518.144159,370.102971,-9882.631924
13757.501193,-370.102971,444.123565,-10035.851024
13757.50151,0.0,296.082377,-9882.631924
13757.501828,0.0,888.24713,-9346.365076
13757.502146,0.0,592.164754,-9959.241474
13757.502464,0.0,592.164754,-10265.679673
13757.502782,0.0,222.061783,-10265.679673
13757.503099,-148.041188,444.123565,-10495.508323
13757.503417,-148.041188,74.020594,-10495.508323
13757.503735,0.0,148.041188,-10495.508323
13757.504053,0.0,148.041188,-10265.679673
13757.50437,0.0,0.0,-9882.631924
13757.504688,-370.102971,444.123565,-9729.412825
13757.505006,0.0,0.0,-10342.289223
13757.505324,-148.041188,-148.041188,-10342.289223
13757.505641,-296.082377,-296.082377,-10418.898773
13757.505959,-370.102971,-444.123565,-10418.898773
13757.506277,-518.144159,-222.061783,-10342.289223
13757.506595,-370.102971,0.0,-10189.070123
13757.506913,-444.123565,296.082377,-10265.679673
13757.50723,-370.102971,222.061783,-10418.898773
13757.507548,-148.041188,740.205942,-10189.070123
13757.507866,-444.123565,518.144159,-10572.117872
13757.508184,-296.082377,592.164754,-10725.336972
13757.508501,-444.123565,592.164754,-10418.898773
13757.508819,-370.102971,370.102971,-10265.679673
13757.509137,-296.082377,296.082377,-10342.289223
13757.509455,-296.082377,222.061783,-9882.631924
13757.509772,-148.041188,0.0,-9806.022374
13757.51009,-148.041188,0.0,-9882.631924
13757.510408,0.0,-296.082377,-9576.193725
13757.510726,0.0,148.041188,-10035.851024
13757.511043,74.020594,222.061783,-10112.460574
13757.511361,0.0,0.0,-10112.460574
13757.511679,74.020594,148.041188,-10112.460574
13757.511997,0.0,74.020594,-10035.851024
13757.512315,-148.041188,148.041188,-10342.289223
13757.512632,0.0,148.041188,-10342.289223
13757.51295,-148.041188,0.0,-10342.289223
13757.513268,0.0,148.041188,-9806.022374
13757.513586,-148.041188,74.020594,-10265.679673
13757.513903,0.0,222.061783,-10189.070123
13757.514221,-222.061783,370.102971,-10572.117872
13757.514539,-148.041188,148.041188,-10418.898773
13757.514857,-444.123565,148.041188,-11108.384721
13757.515174,-592.164754,0.0,-10495.508323
13757.515492,-296.082377,222.061783,-10265.679673
13757.51581,-370.102971,222.061783,-10265.679673
13757.516128,74.020594,0.0,-9806.022374
13757.516445,-222.061783,0.0,-10418.898773
13757.516763,-222.061783,0.0,-10189.070123
13757.517081,-148.041188,-296.082377,-10112.460574
13757.517399,-370.102971,0.0,-10035.851024
13757.517717,-666.185348,0.0,-10112.460574
13757.518034,-666.185348,-444.123565,-9959.241474
13757.518352,-444.123565,-222.061783,-9652.803275
13757.51867,-148.041188,0.0,-9576.193725
13757.518988,444.123565,74.020594,-9499.584175
13757.519305,0.0,518.144159,-9882.631924
13757.519623,222.061783,518.144159,-10189.070123
13757.519941,0.0,444.123565,-10418.898773
13757.520259,-296.082377,370.102971,-10418.898773
13757.520576,148.041188,0.0,-10112.460574
13757.520894,-296.082377,222.061783,-10265.679673
13757.521212,-222.061783,370.102971,-10418.898773
13757.52153,-148.041188,222.061783,-10035.851024
13757.521848,0.0,74.020594,-10189.070123
13757.522165,0.0,0.0,-9806.022374
13757.522483,0.0,0.0,-10265.679673
13757.522801,0.0,-296.082377,-10112.460574
13757.523119,-296.082377,-296.082377,-10265.679673
13757.523436,-444.123565,-148.041188,-10342.289223
13757.523754,-518.144159,-592.164754,-10418.898773
13757.524072,-592.164754,74.020594,-10572.117872
13757.52439,-370.102971,148.041188,-10342.289223
13757.524707,-222.061783,222.061783,-10572.117872
13757.525025,0.0,518.144159,-10878.556072
13757.525343,-296.082377,518.144159,-10648.727422
13757.525661,-370.102971,148.041188,-10572.117872
13757.525978,-444.123565,74.020594,-10265.679673
13757.526296,-296.082377,222.061783,-11108.384721
13757.526614,-740.205942,296.082377,-10418.898773
13757.526932,-296.082377,370.102971,-10342.289223
13757.52725,0.0,222.061783,-10035.851024
13757.527567,0.0,148.041188,-9882.631924
13757.527885,148.041188,296.082377,-9959.241474
13757.528203,0.0,222.061783,-9959.241474
13757.528521,0.0,296.082377,-9882.631924
13757.528838,0.0,0.0,-10035.851024
13757.529156,74.020594,370.102971,-9576.193725
13757.529474,-148.041188,0.0,-10189.070123
13757.529792,0.0,-296.082377,-9959.241474
13757.530109,0.0,0.0,-10035.851024
13757.530427,0.0,0.0,-10189.070123
13757.530745,-518.144159,74.020594,-10035.851024
13757.531063,-148.041188,0.0,-9882.631924
13757.53138,0.0,148.041188,-10495.508323
13757.531698,-444.123565,74.020594,-10495.508323
13757.532016,-666.185348,444.123565,-10265.679673
13757.532334,-666.185348,148.041188,-10648.727422
13757.532652,-518.144159,0.0,-10189.070123
13757.532969,-444.123565,222.061783,-10495.508323
13757.533287,-296.082377,444.123565,-10495.508323
13757.533605,-222.061783,370.102971,-10418.898773
13757.533923,-296.082377,148.041188,-10572.117872
13757.53424,0.0,74.020594,-10572.117872
13757.534558,-296.082377,0.0,-10342.289223
13757.534876,-962.267725,296.082377,-9729.412825
13757.535194,-740.205942,-222.061783,-9959.241474
13757.535511,-370.102971,0.0,-9959.241474
13757.535829,-222.061783,-296.082377,-9882.631924
13757.536147,-222.061783,74.020594,-9806.022374
13757.536465,-222.061783,370.102971,-9576.193725
13757.536782,-222.061783,666.185348,-9806.022374
13757.5371,222.061783,222.061783,-10112.460574
13757.537418,0.0,444.123565,-10189.070123
13757.537736,518.144159,740.205942,-10495.508323
13757.538054,-222.061783,518.144159,-10342.289223
13757.538371,-296.082377,148.041188,-10342.289223
13757.538689,0.0,148.041188,-10495.508323
13757.539007,0.0,296.082377,-9576.193725
13757.539325,0.0,370.102971,-10112.460574
13757.539642,0.0,222.061783,-10342.289223
13757.53996,0.0,74.020594,-10112.460574
13757.540278,-148.041188,0.0,-10189.070123
13757.540596,0.0,74.020594,-10035.851024
13757.540913,-296.082377,-592.164754,-10418.898773
13757.541231,-592.164754,-518.144159,-10342.289223
13757.541549,-444.123565,-148.041188,-10189.070123
13757.541867,-444.123565,-148.041188,-10572.117872
13757.542184,-148.041188,370.102971,-10495.508323
13757.542502,-148.041188,222.061783,-10418.898773
13757.54282,-296.082377,222.061783,-10265.679673
13757.543138,-370.102971,222.061783,-10189.070123
13757.543456,-888.24713,370.102971,-10342.289223
13757.543773,-592.164754,148.041188,-10035.851024
13757.544091,-666.185348,0.0,-10265.679673
13757.544409,-740.205942,370.102971,-10112.460574
13757.544727,-370.102971,592.164754,-10342.289223
13757.545044,0.0,444.123565,-10112.460574
13757.545362,0.0,518.144159,-9959.241474
13757.54568,0.0,814.226536,-10189.070123
13757.545998,0.0,444.123565,-9959.241474
13757.546315,-222.061783,0.0,-10035.851024
13757.546633,74.020594,0.0,-10342.289223
13757.546951,0.0,-296.082377,-10418.898773
13757.547269,-222.061783,-222.061783,-10189.070123
13757.547586,74.020594,-74.020594,-9576.193725
13757.547904,148.041188,-370.102971,-10112.460574
13757.548222,74.020594,0.0,-10112.460574
13757.54854,0.0,222.061783,-10112.460574
13757.548858,-370.102971,74.020594,-10342.289223
13757.549175,-296.082377,-370.102971,-10189.070123
13757.549493,-370.102971,-148.041188,-10495.508323
13757.549811,-814.226536,0.0,-10342.289223
13757.550129,-592.164754,296.082377,-10418.898773
13757.550446,0.0,148.041188,-10189.070123
13757.550764,0.0,666.185348,-10572.117872
13757.551082,-222.061783,740.205942,-10725.336972
13757.5514,-296.082377,740.205942,-10648.727422
13757.551717,-370.102971,444.123565,-10418.898773
13757.552035,-592.164754,0.0,-10495.508323
13757.552353,-592.164754,0.0,-10189.070123
13757.552671,-518.144159,-222.061783,-10035.851024
13757.552988,-296.082377,0.0,-10035.851024
13757.553306,74.020594,666.185348,-9576.193725
13757.553624,-296.082377,0.0,-9729.412825
13757.553942,0.0,74.020594,-9806.022374
13757.55426,-222.061783,148.041188,-9882.631924
13757.554577,0.0,148.041188,-9959.241474
13757.554895,0.0,370.102971,-10418.898773
13757.555213,-148.041188,148.041188,-10418.898773
13757.555531,-296.082377,370.102971,-10342.289223
13757.555848,-370.102971,296.082377,-10189.070123
13757.556166,0.0,444.123565,-10418.898773
13757.556484,0.0,592.164754,-10342.289223
13757.556802,0.0,444.123565,-10342.289223
13757.557119,0.0,370.102971,-10572.117872
13757.557437,0.0,222.061783,-10189.070123
13757.557755,-148.041188,0.0,-10572.117872
13757.558073,-370.102971,0.0,-10495.508323
13757.55839,-296.082377,0.0,-10265.679673
13757.558708,-222.061783,-296.082377,-10189.070123
13757.559026,444.123565,-888.24713,-10112.460574
13757.559344,-222.061783,148.041188,-10189.070123
13757.559662,74.020594,0.0,-10495.508323
13757.559979,0.0,0.0,-10495.508323
13757.560297,-296.082377,148.041188,-10342.289223
13757.560615,-444.123565,74.020594,-10112.460574
13757.560933,-444.123565,0.0,-10112.460574
13757.56125,-444.123565,0.0,-10265.679673
13757.561568,-518.144159,222.061783,-10189.070123
13757.561886,-370.102971,222.061783,-9806.022374
13757.562204,-296.082377,296.082377,-9959.241474
13757.562521,0.0,518.144159,-10265.679673
13757.562839,0.0,518.144159,-10112.460574
13757.563157,74.020594,592.164754,-10725.336972
13757.563475,0.0,592.164754,-10189.070123
13757.563792,74.020594,222.061783,-10342.289223
13757.56411,-296.082377,296.082377,-10342.289223
13757.564428,0.0,222.061783,-10189.070123
13757.564746,148.041188,-370.102971,-10418.898773
13757.565064,0.0,-222.061783,-10112.460574
13757.565381,148.041188,-222.061783,-10265.679673
13757.565699,148.041188,0.0,-10342.289223
13757.566017,0.0,0.0,-9882.631924
13757.566335,-296.082377,-222.061783,-10265.679673
13757.566652,-296.082377,0.0,-10265.679673
13757.56697,-444.123565,-296.082377,-10495.508323
13757.567288,-592.164754,0.0,-10342.289223
13757.567606,-222.061783,222.061783,-10648.727422
13757.567923,-592.164754,370.102971,-10418.898773
13757.568241,-222.061783,740.205942,-10342.289223
13757.568559,0.0,518.144159,-10725.336972
13757.568877,-444.123565,444.123565,-10572.117872
13757.569194,-222.061783,296.082377,-10418.898773
13757.569512,-444.123565,148.041188,-10342.289223
13757.56983,-666.185348,444.123565,-10189.070123
13757.570148,-888.24713,0.0,-10035.851024
13757.570466,-592.164754,148.041188,-9729.412825
13757.570783,-148.041188,148.041188,-9959.241474
13757.571101,0.0,148.041188,-9882.631924
13757.571419,148.041188,222.061783,-9806.022374
13757.571737,0.0,370.102971,-9652.803275
13757.572054,0.0,74.020594,-9959.241474
13757.572372,0.0,0.0,-10342.289223
13757.57269,0.0,0.0,-10265.679673
13757.573008,-296.082377,0.0,-10342.289223
13757.573325,-148.041188,0.0,-10495.508323
13757.573643,-222.061783,222.061783,-10495.508323
13757.573961,0.0,592.164754,-10342.289223
13757.574279,0.0,370.102971,-10189.070123
13757.574596,-148.041188,1110.308913,-10572.117872
13757.574914,0.0,370.102971,-10342.289223
13757.575232,-518.144159,74.020594,-10495.508323
13757.57555,-592.164754,0.0,-10648.727422
13757.575868,-592.164754,-296.082377,-10418.898773
13757.576185,-444.123565,0.0,-10495.508323
13757.576503,0.0,0.0,-10418.898773
13757.576821,0.0,296.082377,-10342.289223
13757.577139,0.0,74.020594,-10495.508323
13757.577456,148.041188,222.061783,-10035.851024
13757.577774,-148.041188,0.0,-10342.289223
13757.578092,-444.123565,-148.041188,-10112.460574
13757.57841,-592.164754,-296.082377,-10112.460574
13757.578727,-666.185348,-222.061783,-9959.241474
13757.579045,-518.144159,-148.041188,-9806.022374
13757.579363,-518.144159,222.061783,-9959.241474
13757.579681,-148.041188,370.102971,-9806.022374
13757.579998,0.0,444.123565,-9806.022374
13757.580316,518.144159,592.164754,-10725.336972
13757.580634,0.0,740.205942,-10418.898773
13757.580952,0.0,518.144159,-10189.070123
13757.58127,0.0,444.123565,-10418.898773
13757.581587,-148.041188,296.082377,-10418.898773
13757.581905,-148.041188,74.020594,-10112.460574
13757.582223,0.0,74.020594,-10418.898773
13757.582541,0.0,148.041188,-10265.679673
13757.582858,148.041188,0.0,-10112.460574
13757.583176,148.041188,-296.082377,-9959.241474
13757.583494,0.0,0.0,-10189.070123
13757.583812,-518.144159,0.0,-10265.679673
13757.584129,-518.144159,-592.164754,-10342.289223
13757.584447,-592.164754,-592.164754,-10342.289223
13757.584765,-592.164754,0.0,-10189.070123
13757.585083,-370.102971,0.0,-10112.460574
13757.5854,-222.061783,222.061783,-10342.289223
13757.585718,0.0,518.144159,-10418.898773
13757.586036,222.061783,814.226536,-11568.04202
13757.586354,-222.061783,518.144159,-10495.508323
13757.586672,-518.144159,222.061783,-10495.508323
13757.586989,-444.123565,148.041188,-10342.289223
13757.587307,-592.164754,148.041188,-9652.803275
13757.587625,-518.144159,0.0,-10112.460574
13757.587943,-222.061783,296.082377,-9959.241474
13757.58826,-222.061783,74.020594,-9959.241474
13757.588578,0.0,222.061783,-9806.022374
13757.588896,0.0,0.0,-9806.022374
13757.589214,0.0,296.082377,-9806.022374
13757.589531,0.0,148.041188,-10035.851024
13757.589849,0.0,74.020594,-10112.460574
13757.590167,74.020594,0.0,-9499.584175
13757.590485,0.0,0.0,-10265.679673
13757.590802,-222.061783,0.0,-10035.851024
13757.59112,0.0,-148.041188,-10112.460574
13757.591438,-148.041188,74.020594,-10342.289223
13757.591756,0.0,740.205942,-10878.556072
13757.592074,0.0,222.061783,-10342.289223
13757.592391,-222.061783,0.0,-10495.508323
13757.592709,-444.123565,370.102971,-10342.289223
13757.593027,-444.123565,0.0,-10112.460574
13757.593345,-370.102971,74.020594,-10495.508323
13757.593662,-370.102971,222.061783,-10418.898773
13757.59398,-444.123565,222.061783,-10418.898773
13757.594298,-296.082377,370.102971,-10418.898773
13757.594616,-518.144159,518.144159,-10878.556072
13757.594933,-296.082377,148.041188,-10418.898773
13757.595251,-370.102971,0.0,-10342.289223
13757.595569,-370.102971,-296.082377,-10265.679673
13757.595887,-296.082377,0.0,-10265.679673
13757.596204,-518.144159,-296.082377,-10265.679673
13757.596522,-592.164754,-296.082377,-9806.022374
13757.59684,-444.123565,74.020594,-9729.412825
13757.597158,-296.082377,148.041188,-9729.412825
13757.597476,370.102971,-296.082377,-9882.631924
13757.597793,222.061783,518.144159,-10112.460574
13757.598111,0.0,370.102971,-10112.460574
13757.598429,0.0,296.082377,-10265.679673
13757.598747,0.0,888.24713,-10572.117872
13757.599064,-296.082377,370.102971,-10572.117872
13757.599382,0.0,296.082377,-10418.898773
13757.5997,-148.041188,370.102971,-10342.289223
13757.600018,0.0,296.082377,-10035.851024
13757.600335,0.0,0.0,-10342.289223
13757.600653,74.020594,148.041188,-10342.289223
13757.600971,0.0,74.020594,-10035.851024
13757.601289,-296.082377,-296.082377,-10189.070123
13757.601606,-370.102971,-666.185348,-10265.679673
13757.601924,-518.144159,-444.123565,-10418.898773
13757.602242,-592.164754,-444.123565,-10189.070123
13757.60256,-518.144159,0.0,-10495.508323
13757.602878,-148.041188,74.020594,-10418.898773
13757.603195,0.0,148.041188,-10572.117872
13757.603513,-148.041188,444.123565,-10342.289223
13757.603831,0.0,296.082377,-10418.898773
13757.604149,-518.144159,222.061783,-10418.898773
13757.604467,-518.144159,0.0,-10572.117872
13757.604784,-888.24713,222.061783,-10189.070123
13757.605102,-444.123565,148.041188,-10035.851024
13757.60542,-444.123565,74.020594,-10112.460574
13757.605738,-296.082377,518.144159,-9959.241474
13757.606056,148.041188,74.020594,-10112.460574
13757.606373,74.020594,296.082377,-9959.241474
13757.606691,74.020594,518.144159,-10112.460574
13757.607009,148.041188,148.041188,-9959.241474
13757.607327,0.0,74.020594,-10035.851024
13757.607644,0.0,0.0,-10342.289223
13757.607962,0.0,0.0,-10342.289223
13757.60828,0.0,-296.082377,-10035.851024
13757.608598,0.0,-296.082377,-10112.460574
13757.608916,296.082377,0.0,-10418.898773
13757.609233,-296.082377,0.0,-9959.241474
13757.609551,-148.041188,222.061783,-9959.241474
13757.609869,-370.102971,148.041188,-10418.898773
13757.610187,-444.123565,74.020594,-10418.898773
13757.610505,-592.164754,148.041188,-10418.898773
13757.610822,-592.164754,0.0,-10342.289223
13757.61114,-518.144159,222.061783,-10495.508323
13757.611458,-370.102971,296.082377,-10878.556072
13757.611776,-370.102971,370.102971,-10495.508323
13757.612094,-370.102971,666.185348,-10725.336972
13757.612411,-222.061783,296.082377,-10572.117872
13757.612729,-296.082377,222.061783,-10418.898773
13757.613047,-296.082377,0.0,-10112.460574
13757.613365,-592.164754,-296.082377,-10265.679673
13757.613683,-592.164754,-222.061783,-10189.070123
13757.614,-222.061783,-148.041188,-9806.022374
13757.614318,-370.102971,0.0,-9729.412825
13757.614636,0.0,222.061783,-9652.803275
13757.614954,0.0,222.061783,-9729.412825
13757.615272,74.020594,148.041188,-9882.631924
13757.615589,0.0,74.020594,-10112.460574
13757.615907,0.0,296.082377,-10265.679673
13757.616225,0.0,814.226536,-10801.946522
13757.616543,-222.061783,370.102971,-10418.898773
13757.61686,-296.082377,296.082377,-10495.508323
13757.617178,-148.041188,296.082377,-10342.289223
13757.617496,-148.041188,592.164754,-10035.851024
13757.617814,0.0,518.144159,-10418.898773
13757.618132,74.020594,148.041188,-10265.679673
13757.618449,-296.082377,370.102971,-10265.679673
13757.618767,-370.102971,0.0,-10495.508323
13757.619085,-444.123565,0.0,-10035.851024
13757.619403,-296.082377,-296.082377,-10648.727422
13757.619721,-296.082377,-222.061783,-10265.679673
13757.620038,-370.102971,-148.041188,-10265.679673
13757.620356,-296.082377,148.041188,-10265.679673
13757.620674,-222.061783,148.041188,-10035.851024
13757.620992,-296.082377,370.102971,-10572.117872
13757.62131,-370.102971,148.041188,-10112.460574
13757.621627,-518.144159,74.020594,-10495.508323
13757.621945,-518.144159,0.0,-10112.460574
13757.622263,-518.144159,0.0,-10342.289223
13757.622581,-444.123565,0.0,-10035.851024
13757.622899,-444.123565,444.123565,-10189.070123
13757.623216,-370.102971,444.123565,-10189.070123
13757.623534,148.041188,444.123565,-10418.898773
13757.623852,0.0,444.123565,-10112.460574
13757.62417,148.041188,518.144159,-10112.460574
13757.624488,0.0,296.082377,-10112.460574
13757.624805,0.0,148.041188,-10418.898773
13757.625123,0.0,0.0,-10265.679673
13757.625441,0.0,0.0,-10189.070123
13757.625759,0.0,-148.041188,-10189.070123
13757.626076,0.0,0.0,-10189.070123
13757.626394,148.041188,-222.061783,-10035.851024
13757.626712,0.0,-222.061783,-10265.679673
13757.62703,0.0,-148.041188,-10265.679673
13757.627348,-370.102971,0.0,-10112.460574
13757.627665,-370.102971,-148.041188,-10495.508323
13757.627983,-518.144159,-296.082377,-10112.460574
13757.628301,-370.102971,0.0,-10265.679673
13757.628619,-518.144159,296.082377,-10495.508323
13757.628937,-296.082377,518.144159,-10801.946522
13757.629254,-296.082377,592.164754,-10572.117872
13757.629572,0.0,592.164754,-10955.165621
13757.62989,-148.041188,518.144159,-10801.946522
13757.630208,-296.082377,222.061783,-10572.117872
13757.630526,-296.082377,148.041188,-10112.460574
13757.630843,0.0,0.0,-9576.193725
13757.631161,-370.102971,0.0,-9959.241474
13757.631479,-444.123565,0.0,-9806.022374
13757.631797,-296.082377,-222.061783,-9806.022374
13757.632115,0.0,0.0,-9729.412825
13757.632432,0.0,148.041188,-10112.460574
13757.63275,74.020594,222.061783,-9806.022374
13757.633068,74.020594,148.041188,-10035.851024
13757.633386,74.020594,0.0,-10112.460574
13757.633704,0.0,148.041188,-10572.117872
13757.634021,-296.082377,0.0,-10572.117872
13757.634339,0.0,0.0,-10418.898773
13757.634657,-222.061783,222.061783,-10265.679673
13757.634975,-296.082377,666.185348,-10265.679673
13757.635293,0.0,592.164754,-10572.117872
13757.63561,0.0,370.102971,-10342.289223
13757.635928,0.0,370.102971,-10342.289223
13757.636246,-518.144159,74.020594,-10572.117872
13757.636564,-370.102971,74.020594,-10035.851024
13757.636881,-518.144159,-370.102971,-10572.117872
13757.637199,-444.123565,0.0,-10342.289223
13757.637517,-296.082377,0.0,-10342.289223
13757.637835,0.0,222.061783,-10265.679673
13757.638153,518.144159,148.041188,-10112.460574
13757.63847,0.0,0.0,-10418.898773
13757.638788,-444.123565,-148.041188,-10418.898773
13757.639106,-592.164754,0.0,-10189.070123
13757.639424,-592.164754,-222.061783,-9806.022374
13757.639742,-444.123565,-148.041188,-9959.241474
13757.640059,-296.082377,74.020594,-9959.241474
13757.640377,0.0,370.102971,-9806.022374
13757.640695,0.0,296.082377,-9806.022374
13757.641013,74.020594,888.24713,-10418.898773
13757.641331,0.0,740.205942,-10112.460574
13757.641648,0.0,370.102971,-10265.679673
13757.641966,0.0,296.082377,-10189.070123
13757.642284,-74.020594,518.144159,-10342.289223
13757.642602,-296.082377,222.061783,-10342.289223
13757.64292,0.0,74.020594,-10495.508323
13757.643237,0.0,0.0,-10265.679673
13757.643555,74.020594,0.0,-10035.851024
13757.643873,-222.061783,-296.082377,-9959.241474
13757.644191,0.0,-296.082377,-9882.631924
13757.644509,0.0,-222.061783,-10035.851024
13757.644826,0.0,-444.123565,-10265.679673
13757.645144,-370.102971,-444.123565,-10189.070123
13757.645462,-518.144159,-518.144159,-10189.070123
13757.64578,-518.144159,74.020594,-10342.289223
13757.646097,-370.102971,222.061783,-10495.508323
13757.646415,-296.082377,370.102971,-10418.898773
13757.646733,-222.061783,222.061783,-10265.679673
13757.647051,0.0,666.185348,-10648.727422
13757.647369,-444.123565,444.123565,-10572.117872
13757.647686,-518.144159,0.0,-10342.289223
13757.648004,-518.144159,222.061783,-10495.508323
13757.648322,-444.123565,74.020594,-10035.851024
13757.64864,-518.144159,148.041188,-10112.460574
13757.648958,-148.041188,222.061783,-9882.631924
13757.649275,0.0,148.041188,-10035.851024
13757.649593,0.0,0.0,-9576.193725
13757.649911,0.0,148.041188,-9729.412825
13757.650229,0.0,222.061783,-10035.851024
13757.650547,0.0,0.0,-10112.460574
13757.650864,0.0,0.0,-10035.851024
13757.651182,-370.102971,0.0,-10342.289223
13757.6515,-444.123565,0.0,-10112.460574
13757.651818,0.0,0.0,-9882.631924
13757.652136,0.0,148.041188,-10035.851024
13757.652453,222.061783,592.164754,-10265.679673
13757.652771,0.0,296.082377,-10572.117872
13757.653089,0.0,370.102971,-10648.727422
13757.653407,-444.123565,148.041188,-10725.336972
13757.653725,-518.144159,222.061783,-10648.727422
13757.654042,-296.082377,0.0,-10342.289223
13757.65436,-296.082377,0.0,-10418.898773
13757.654678,-518.144159,74.020594,-10572.117872
13757.654996,0.0,0.0,-10418.898773
13757.655313,-370.102971,740.205942,-10112.460574
13757.655631,-296.082377,0.0,-10342.289223
13757.655949,0.0,148.041188,-10265.679673
13757.656267,-222.061783,0.0,-10189.070123
13757.656585,-518.144159,0.0,-10035.851024
13757.656902,-888.24713,-222.061783,-10418.898773
13757.65722,-740.205942,-222.061783,-9882.631924
13757.657538,-444.123565,-222.061783,-9729.412825
13757.657856,-370.102971,0.0,-9806.022374
13757.658174,74.020594,370.102971,-10189.070123
13757.658491,74.020594,444.123565,-9959.241474
13757.658809,0.0,592.164754,-10112.460574
13757.659127,0.0,518.144159,-10265.679673
13757.659445,0.0,444.123565,-10495.508323
13757.659763,-222.061783,296.082377,-10495.508323
13757.66008,0.0,222.061783,-10725.336972
13757.660398,0.0,222.061783,-10495.508323
13757.660716,-148.041188,0.0,-10189.070123
13757.661034,370.102971,222.061783,-9193.145976
13757.661352,148.041188,0.0,-10112.460574
13757.661669,74.020594,0.0,-10189.070123
13757.661987,-148.041188,-148.041188,-10189.070123
13757.662305,-222.061783,-148.041188,-10265.679673
13757.662623,-740.205942,-666.185348,-10418.898773
13757.662941,-592.164754,-444.123565,-10342.289223
13757.663258,-444.123565,0.0,-9959.241474
13757.663576,-370.102971,0.0,-10342.289223
13757.663894,0.0,740.205942,-10418.898773
13757.664212,0.0,370.102971,-10572.117872
13757.664529,-222.061783,444.123565,-10495.508323
13757.664847,-518.144159,222.061783,-10418.898773
13757.665165,-592.164754,222.061783,-10495.508323
13757.665483,-518.144159,296.082377,-10725.336972
13757.665801,-740.205942,74.020594,-10189.070123
13757.666118,-518.144159,148.041188,-9882.631924
13757.666436,0.0,296.082377,-10035.851024
13757.666754,0.0,518.144159,-9806.022374
13757.667072,222.061783,148.041188,-9959.241474
13757.66739,148.041188,518.144159,-10342.289223
13757.667707,0.0,0.0,-9882.631924
13757.668025,74.020594,0.0,-10342.289223
13757.668343,74.020594,148.041188,-9806.022374
13757.668661,0.0,-148.041188,-10189.070123
13757.668979,0.0,-222.061783,-10265.679673
13757.669296,-148.041188,-296.082377,-10265.679673
13757.669614,0.0,0.0,-9882.631924
13757.669932,0.0,0.0,-10112.460574
13757.67025,0.0,592.164754,-10112.460574
13757.670568,0.0,296.082377,-10189.070123
13757.670885,-518.144159,0.0,-10265.679673
13757.671203,-592.164754,296.082377,-10955.165621
13757.671521,-592.164754,148.041188,-10572.117872
13757.671839,-666.185348,148.041188,-10418.898773
13757.672157,-518.144159,518.144159,-10648.727422
13757.672474,0.0,592.164754,-10495.508323
13757.672792,0.0,592.164754,-10572.117872
13757.67311,-370.102971,444.123565,-10418.898773
13757.673428,-148.041188,148.041188,-10342.289223
13757.673746,-222.061783,-148.041188,-10342.289223
13757.674063,-444.123565,0.0,-10572.117872
13757.674381,-444.123565,74.020594,-10035.851024
13757.674699,-296.082377,0.0,-9806.022374
13757.675017,-296.082377,0.0,-9576.193725
13757.675334,0.0,0.0,-9499.584175
13757.675652,-222.061783,0.0,-9729.412825
13757.67597,0.0,296.082377,-9806.022374
13757.676288,0.0,444.123565,-9882.631924
13757.676606,0.0,518.144159,-10189.070123
13757.676923,74.020594,518.144159,-10878.556072
13757.677241,-148.041188,444.123565,-10418.898773
13757.677559,-148.041188,370.102971,-10495.508323
13757.677877,-222.061783,370.102971,-10495.508323
13757.678195,-148.041188,296.082377,-10495.508323
13757.678512,0.0,296.082377,-9959.241474
13757.67883,0.0,222.061783,-10495.508323
13757.679148,-148.041188,444.123565,-10342.289223
13757.679466,-222.061783,0.0,-10342.289223
13757.679784,-148.041188,-370.102971,-10265.679673
13757.680101,-222.061783,-370.102971,-10265.679673
13757.680419,-370.102971,-296.082377,-10418.898773
13757.680737,-296.082377,-222.061783,-10418.898773
13757.681055,-370.102971,74.020594,-10265.679673
13757.681373,148.041188,222.061783,-10265.679673
13757.68169,-222.061783,222.061783,-10342.289223
13757.682008,-296.082377,370.102971,-10265.679673
13757.682326,-370.102971,0.0,-10189.070123
13757.682644,0.0,0.0,-10189.070123
13757.682962,-592.164754,222.061783,-10189.070123
13757.683279,-814.226536,222.061783,-10112.460574
13757.683597,-444.123565,296.082377,-10112.460574
13757.683915,-444.123565,444.123565,-10112.460574
13757.684233,-148.041188,296.082377,-9959.241474
13757.68455,0.0,592.164754,-9806.022374
13757.684868,148.041188,592.164754,-9959.241474
13757.685186,222.061783,370.102971,-10265.679673
13757.685504,0.0,518.144159,-10112.460574
13757.685822,0.0,0.0,-10342.289223
13757.686139,0.0,0.0,-10342.289223
13757.686457,0.0,-222.061783,-10112.460574
13757.686775,0.0,0.0,-10112.460574
13757.687093,74.020594,0.0,-9806.022374
13757.687411,0.0,0.0,-10112.460574
13757.687728,0.0,0.0,-10189.070123
13757.688046,-296.082377,-296.082377,-10189.070123
13757.688364,-666.185348,74.020594,-10112.460574
13757.688682,-518.144159,-148.041188,-10495.508323
13757.689,-666.185348,0.0,-10342.289223
13757.689317,-370.102971,444.123565,-10495.508323
13757.689635,-370.102971,296.082377,-10648.727422
13757.689953,-296.082377,740.205942,-10418.898773
13757.690271,-148.041188,518.144159,-10648.727422
13757.690589,-444.123565,740.205942,-10878.556072
13757.690906,-370.102971,296.082377,-10801.946522
13757.691224,-888.24713,740.205942,-11184.994271
13757.691542,-592.164754,222.061783,-10189.070123
13757.69186,-518.144159,0.0,-9882.631924
13757.692178,-296.082377,-222.061783,-9729.412825
13757.692495,-148.041188,0.0,-9806.022374
13757.692813,0.0,0.0,-9499.584175
13757.693131,0.0,0.0,-9806.022374
13757.693449,0.0,0.0,-9806.022374
13757.693766,0.0,222.061783,-10035.851024
13757.694084,-74.020594,148.041188,-10035.851024
13757.694402,0.0,296.082377,-10189.070123
13757.69472,-296.082377,148.041188,-10342.289223
13757.695038,0.0,0.0,-10342.289223
13757.695355,0.0,222.061783,-10342.289223
13757.695673,-444.123565,444.123565,-10878.556072
13757.695991,-222.061783,592.164754,-10342.289223
13757.696309,0.0,222.061783,-10801.946522
13757.696627,0.0,222.061783,-10572.117872
13757.696944,-444.123565,518.144159,-10342.289223
13757.697262,-370.102971,-148.041188,-10495.508323
13757.69758,-370.102971,-148.041188,-10265.679673
13757.697898,-444.123565,0.0,-10265.679673
13757.698216,-444.123565,74.020594,-10189.070123
13757.698533,-592.164754,296.082377,-10572.117872
13757.698851,-370.102971,0.0,-10572.117872
13757.699169,-296.082377,-296.082377,-10265.679673
13757.699487,-444.123565,0.0,-10265.679673
13757.699805,-296.082377,0.0,-9806.022374
13757.700122,-444.123565,0.0,-10035.851024
13757.70044,-518.144159,148.041188,-10265.679673
13757.700758,-518.144159,370.102971,-10035.851024
13757.701076,-666.185348,296.082377,-10112.460574
13757.701394,-814.226536,370.102971,-9806.022374
13757.701711,-222.061783,444.123565,-9882.631924
13757.702029,0.0,814.226536,-9959.241474
13757.702347,-148.041188,888.24713,-10112.460574
13757.702665,148.041188,814.226536,-9959.241474
13757.702982,74.020594,222.061783,-10572.117872
13757.7033,0.0,0.0,-10189.070123
13757.703618,0.0,148.041188,-10265.679673
13757.703936,0.0,0.0,-10112.460574
13757.704254,0.0,-444.123565,-10189.070123
13757.704571,74.020594,0.0,-10035.851024
13757.704889,0.0,0.0,-10112.460574
13757.705207,0.0,0.0,-10112.460574
13757.705525,0.0,0.0,-10418.898773
13757.705843,-296.082377,-222.061783,-10112.460574
13757.70616,-444.123565,-444.123565,-10342.289223
13757.706478,-518.144159,0.0,-10572.117872
13757.706796,-518.144159,74.020594,-10495.508323
13757.707114,-296.082377,74.020594,-11184.994271
13757.707432,-370.102971,444.123565,-10572.117872
13757.70775,-296.082377,740.205942,-10725.336972
13757.708067,0.0,592.164754,-10572.117872
13757.708385,-222.061783,518.144159,-10189.070123
13757.708703,-370.102971,296.082377,-10648.727422
13757.709021,-518.144159,222.061783,-10418.898773
13757.709339,-740.205942,0.0,-9959.241474
13757.709656,-444.123565,0.0,-10189.070123
13757.709974,0.0,0.0,-10418.898773
13757.710292,0.0,148.041188,-9882.631924
13757.71061,74.020594,148.041188,-10035.851024
13757.710928,222.061783,222.061783,-9729.412825
13757.711245,74.020594,74.020594,-9806.022374
13757.711563,0.0,74.020594,-10112.460574
13757.711881,-222.061783,74.020594,-10112.460574
13757.712199,-148.041188,0.0,-10112.460574
13757.712517,-222.061783,0.0,-10342.289223
13757.712834,74.020594,296.082377,-10801.946522
13757.713152,74.020594,148.041188,-10342.289223
13757.71347,0.0,370.102971,-10112.460574
13757.713788,0.0,296.082377,-10342.289223
13757.714106,-148.041188,222.061783,-10342.289223
13757.714423,-666.185348,222.061783,-10878.556072
13757.714741,-444.123565,0.0,-10572.117872
13757.715059,-444.123565,-370.102971,-10648.727422
13757.715377,-296.082377,0.0,-10418.898773
13757.715695,74.020594,222.061783,-11568.04202
13757.716012,0.0,370.102971,-10418.898773
13757.71633,0.0,74.020594,-10418.898773
13757.716648,0.0,74.020594,-10572.117872
13757.716966,-296.082377,0.0,-10189.070123
13757.717284,-444.123565,-444.123565,-10112.460574
13757.717601,-518.144159,-148.041188,-10189.070123
13757.717919,-592.164754,-296.082377,-10189.070123
13757.718237,-370.102971,0.0,-9806.022374
13757.718555,0.0,0.0,-10112.460574
13757.718873,-296.082377,370.102971,-10035.851024
13757.71919,0.0,444.123565,-9806.022374
13757.719508,0.0,592.164754,-9806.022374
13757.719826,-148.041188,1110.308913,-10418.898773
13757.720144,-296.082377,444.123565,-10189.070123
13757.720462,-148.041188,370.102971,-10418.898773
13757.720779,-222.061783,296.082377,-10495.508323
13757.721097,0.0,148.041188,-10418.898773
13757.721415,0.0,370.102971,-10801.946522
13757.721733,0.0,296.082377,-10035.851024
13757.722051,148.041188,0.0,-10189.070123
13757.722368,0.0,0.0,-10265.679673
13757.722686,0.0,-296.082377,-10112.460574
13757.723004,-296.082377,444.123565,-10189.070123
13757.723322,-444.123565,-592.164754,-10265.679673
13757.72364,-444.123565,-518.144159,-10189.070123
13757.723957,-444.123565,0.0,-10112.460574
13757.724275,-222.061783,0.0,-10342.289223
13757.724593,-148.041188,444.123565,-10189.070123
13757.724911,0.0,444.123565,-10572.117872
13757.725229,-444.123565,222.061783,-10418.898773
13757.725546,-444.123565,444.123565,-10648.727422
13757.725864,-518.144159,370.102971,-10572.117872
13757.726182,-592.164754,222.061783,-10265.679673
13757.7265,-740.205942,222.061783,-10265.679673
13757.726818,-148.041188,296.082377,-9882.631924
13757.727135,-222.061783,222.061783,-10112.460574
13757.727453,0.0,222.061783,-9806.022374
13757.727771,0.0,74.020594,-9882.631924
13757.728089,148.041188,222.061783,-10035.851024
13757.728407,222.061783,296.082377,-9806.022374
13757.728724,0.0,222.061783,-9959.241474
13757.729042,222.061783,-222.061783,-9959.241474
13757.72936,-296.082377,-222.061783,-9882.631924
13757.729678,0.0,0.0,-10418.898773
13757.729996,0.0,0.0,-10189.070123
13757.730313,0.0,0.0,-10342.289223
13757.730631,444.123565,0.0,-10418.898773
13757.730949,-148.041188,296.082377,-10112.460574
13757.731267,0.0,222.061783,-10342.289223
13757.731585,-296.082377,0.0,-10418.898773
13757.731902,-592.164754,148.041188,-10418.898773
13757.73222,-888.24713,0.0,-9959.241474
13757.732538,-444.123565,0.0,-10495.508323
13757.732856,-370.102971,370.102971,-10572.117872
13757.733174,-296.082377,370.102971,-10725.336972
13757.733491,0.0,518.144159,-10265.679673
13757.733809,-148.041188,296.082377,-10342.289223
13757.734127,-296.082377,148.041188,-10495.508323
13757.734445,0.0,0.0,-10189.070123
13757.734763,-296.082377,0.0,-10189.070123
13757.73508,-592.164754,0.0,-10495.508323
13757.735398,-592.164754,-222.061783,-10189.070123
13757.735716,-444.123565,-148.041188,-9806.022374
13757.736034,-222.061783,-148.041188,-9576.193725
13757.736352,666.185348,-296.082377,-9422.974625
13757.736669,0.0,0.0,-9729.412825
13757.736987,74.020594,518.144159,-10035.851024
13757.737305,0.0,370.102971,-10112.460574
13757.737623,0.0,148.041188,-10418.898773
13757.737941,74.020594,0.0,-10342.289223
13757.738258,-148.041188,370.102971,-10342.289223
13757.738576,0.0,370.102971,-10495.508323
13757.738894,0.0,296.082377,-10265.679673
13757.739212,0.0,518.144159,-9422.974625
13757.73953,0.0,370.102971,-10189.070123
13757.739847,0.0,222.061783,-10342.289223
13757.740165,0.0,74.020594,-10265.679673
13757.740483,-296.082377,-148.041188,-10342.289223
13757.740801,-666.185348,-222.061783,-10112.460574
13757.741119,-370.102971,-518.144159,-10189.070123
13757.741436,-296.082377,-222.061783,-10265.679673
13757.741754,-296.082377,0.0,-10189.070123
13757.742072,-370.102971,222.061783,-10801.946522
13757.74239,-370.102971,74.020594,-10265.679673
13757.742708,0.0,148.041188,-10572.117872
13757.743025,-370.102971,222.061783,-10342.289223
13757.743343,-296.082377,74.020594,-10189.070123
13757.743661,-296.082377,74.020594,-10265.679673
13757.743979,-518.144159,74.020594,-9959.241474
13757.744297,-666.185348,370.102971,-10189.070123
13757.744614,-518.144159,370.102971,-10265.679673
13757.744932,0.0,740.205942,-9652.803275
13757.74525,0.0,518.144159,-10189.070123
13757.745568,0.0,592.164754,-10265.679673
13757.745886,222.061783,296.082377,-10189.070123
13757.746204,74.020594,0.0,-10112.460574
13757.746521,0.0,0.0,-10495.508323
13757.746839,-222.061783,-148.041188,-10189.070123
13757.747157,0.0,74.020594,-10035.851024
13757.747475,0.0,0.0,-10112.460574
13757.747793,-222.061783,296.082377,-10648.727422
13757.74811,0.0,0.0,-10112.460574
13757.748428,0.0,0.0,-9959.241474
13757.748746,-370.102971,0.0,-10112.460574
13757.749064,-444.123565,222.061783,-10342.289223
13757.749382,-518.144159,-148.041188,-10418.898773
13757.749699,-592.164754,0.0,-10648.727422
13757.750017,-444.123565,74.020594,-10495.508323
13757.750335,-296.082377,222.061783,-10725.336972
13757.750653,0.0,148.041188,-10495.508323
13757.750971,-296.082377,592.164754,-10648.727422
13757.751288,-296.082377,444.123565,-10725.336972
13757.751606,-148.041188,222.061783,-10342.289223
13757.751924,-592.164754,444.123565,-9882.631924
13757.752242,-592.164754,74.020594,-10189.070123
13757.75256,-444.123565,0.0,-9959.241474
13757.752877,-296.082377,-222.061783,-9959.241474
13757.753195,-296.082377,0.0,-9576.193725
13757.753513,444.123565,296.082377,-10035.851024
13757.753831,0.0,0.0,-9882.631924
13757.754149,-222.061783,222.061783,-9882.631924
13757.754466,0.0,222.061783,-9882.631924
13757.754784,-74.020594,370.102971,-10265.679673
13757.755102,0.0,370.102971,-10189.070123
13757.75542,-222.061783,296.082377,-10112.460574
13757.755738,-222.061783,296.082377,-10418.898773
13757.756055,-148.041188,222.061783,-10112.460574
13757.756373,0.0,0.0,-9576.193725
13757.756691,74.020594,370.102971,-10342.289223
13757.757009,74.020594,370.102971,-10342.289223
13757.757327,0.0,444.123565,-10418.898773
13757.757644,0.0,0.0,-10035.851024
13757.757962,-518.144159,0.0,-10189.070123
13757.75828,-518.144159,-296.082377,-10189.070123
13757.758598,-592.164754,0.0,-10342.289223
13757.758916,-370.102971,0.0,-10342.289223
13757.759233,148.041188,0.0,-10189.070123
13757.759551,-148.041188,74.020594,-10265.679673
13757.759869,-296.082377,0.0,-10342.289223
13757.760187,-296.082377,0.0,-10572.117872
13757.760505,-148.041188,0.0,-9882.631924
13757.760822,-370.102971,0.0,-10342.289223
13757.76114,-444.123565,74.020594,-10112.460574
13757.761458,-370.102971,0.0,-9959.241474
13757.761776,-444.123565,148.041188,-10189.070123
13757.762094,-222.061783,444.123565,-10112.460574
13757.762411,-296.082377,592.164754,-9882.631924
13757.762729,-148.041188,444.123565,-10265.679673
13757.763047,0.0,814.226536,-10342.289223
13757.763365,0.0,592.164754,-10035.851024
13757.763683,0.0,296.082377,-10265.679673
13757.764,0.0,222.061783,-10112.460574
13757.764318,-148.041188,0.0,-10265.679673
13757.764636,0.0,0.0,-10418.898773
13757.764954,0.0,-222.061783,-10112.460574
13757.765272,0.0,74.020594,-10112.460574
13757.765589,0.0,0.0,-10189.070123
13757.765907,74.020594,-148.041188,-10112.460574
13757.766225,74.020594,-148.041188,-10572.117872
13757.766543,-518.144159,-370.102971,-10342.289223
13757.766861,-592.164754,-296.082377,-10495.508323
13757.767178,-592.164754,-296.082377,-10342.289223
13757.767496,-518.144159,0.0,-10189.070123
13757.767814,-370.102971,370.102971,-10342.289223
13757.768132,-222.061783,444.123565,-10495.508323
13757.76845,-370.102971,592.164754,-10418.898773
13757.768767,-370.102971,518.144159,-10725.336972
13757.769085,-666.185348,666.185348,-10572.117872
13757.769403,-370.102971,370.102971,-10572.117872
13757.769721,-444.123565,148.041188,-10342.289223
13757.770039,-592.164754,148.041188,-10189.070123
13757.770356,-296.082377,0.0,-10112.460574
13757.770674,0.0,0.0,-10035.851024
13757.770992,0.0,0.0,-9882.631924
13757.77131,0.0,0.0,-9729.412825
13757.771628,0.0,0.0,-9806.022374
13757.771945,222.061783,0.0,-9729.412825
13757.772263,0.0,0.0,-9959.241474
13757.772581,0.0,0.0,-10265.679673
13757.772899,-148.041188,296.082377,-10342.289223
13757.773217,0.0,74.020594,-10189.070123
13757.773534,0.0,0.0,-10265.679673
13757.773852,0.0,444.123565,-10572.117872
13757.77417,0.0,592.164754,-10495.508323
13757.774488,-222.061783,296.082377,-10265.679673
13757.774806,-148.041188,296.082377,-10189.070123
13757.775123,-370.102971,222.061783,-10572.117872
13757.775441,-518.144159,0.0,-10418.898773
13757.775759,-148.041188,0.0,-10342.289223
13757.776077,-370.102971,0.0,-10265.679673
13757.776395,-222.061783,-148.041188,-10495.508323
13757.776712,-370.102971,74.020594,-10495.508323
13757.77703,-296.082377,148.041188,-10495.508323
13757.777348,-370.102971,0.0,-10418.898773
13757.777666,-740.205942,0.0,-10189.070123
13757.777984,-518.144159,0.0,-10112.460574
13757.778301,-444.123565,0.0,-10189.070123
13757.778619,-814.226536,0.0,-10112.460574
13757.778937,-740.205942,74.020594,-10189.070123
13757.779255,-296.082377,74.020594,-9806.022374
13757.779573,-592.164754,222.061783,-9959.241474
13757.77989,0.0,370.102971,-9882.631924
13757.780208,0.0,518.144159,-10035.851024
13757.780526,370.102971,518.144159,-10112.460574
13757.780844,0.0,592.164754,-10342.289223
13757.781162,74.020594,518.144159,-10572.117872
13757.781479,0.0,148.041188,-10572.117872
13757.781797,-296.082377,0.0,-10112.460574
13757.782115,-222.061783,148.041188,-10189.070123
13757.782433,0.0,-222.061783,-10265.679673
13757.782751,0.0,74.020594,-10112.460574
13757.783068,0.0,0.0,-10035.851024
13757.783386,0.0,0.0,-10418.898773
13757.783704,0.0,-148.041188,-9882.631924
13757.784022,-296.082377,-222.061783,-10342.289223
13757.78434,-444.123565,-370.102971,-10342.289223
13757.784657,-444.123565,148.041188,-10342.289223
13757.784975,-370.102971,0.0,-10265.679673
13757.785293,-148.041188,74.020594,-10265.679673
13757.785611,0.0,222.061783,-10342.289223
13757.785929,-370.102971,444.123565,-10495.508323
13757.786247,0.0,370.102971,-10418.898773
13757.786564,-370.102971,222.061783,-10418.898773
13757.786882,-814.226536,296.082377,-10572.117872
13757.7872,-666.185348,444.123565,-10418.898773
13757.787518,0.0,-148.041188,-9499.584175
13757.787836,-370.102971,0.0,-10265.679673
13757.788153,-148.041188,0.0,-9959.241474
13757.788471,0.0,370.102971,-9959.241474
13757.788789,0.0,370.102971,-9959.241474
13757.789107,444.123565,444.123565,-10418.898773
13757.789425,74.020594,296.082377,-9806.022374
13757.789742,0.0,74.020594,-9959.241474
13757.79006,74.020594,-148.041188,-10035.851024
13757.790378,0.0,0.0,-9576.193725
13757.790696,0.0,0.0,-10035.851024
13757.791014,-370.102971,0.0,-10035.851024
13757.791331,0.0,0.0,-10265.679673
13757.791649,0.0,222.061783,-10418.898773
13757.791967,0.0,222.061783,-10189.070123
13757.792285,-148.041188,666.185348,-10342.289223
13757.792603,-296.082377,296.082377,-10495.508323
13757.79292,-444.123565,296.082377,-10648.727422
13757.793238,-592.164754,74.020594,-11414.82292
13757.793556,-592.164754,0.0,-10418.898773
13757.793874,-518.144159,148.041188,-10418.898773
13757.794192,-296.082377,296.082377,-10572.117872
13757.794509,-148.041188,370.102971,-10418.898773
13757.794827,74.020594,74.020594,-10342.289223
13757.795145,0.0,148.041188,-10572.117872
13757.795463,-370.102971,0.0,-9959.241474
13757.795781,-666.185348,-222.061783,-10035.851024
13757.796098,-222.061783,-518.144159,-9806.022374
13757.796416,-592.164754,-296.082377,-9882.631924
13757.796734,-296.082377,-296.082377,-9806.022374
13757.797052,0.0,222.061783,-9806.022374
13757.79737,0.0,222.061783,-9729.412825
13757.797687,222.061783,296.082377,-10112.460574
13757.798005,0.0,444.123565,-10112.460574
13757.798323,-222.061783,444.123565,-10189.070123
13757.798641,0.0,444.123565,-10418.898773
13757.798959,148.041188,444.123565,-11951.089769
13757.799276,-148.041188,222.061783,-10418.898773
13757.799594,0.0,296.082377,-10418.898773
13757.799912,-296.082377,592.164754,-10495.508323
13757.80023,0.0,296.082377,-10418.898773
13757.800548,74.020594,0.0,-10418.898773
13757.800865,74.020594,0.0,-10035.851024
13757.801183,-148.041188,0.0,-10495.508323
13757.801501,-444.123565,-148.041188,-9959.241474
13757.801819,0.0,-1036.288319,-10035.851024
13757.802137,-370.102971,-444.123565,-10112.460574
13757.802454,-518.144159,-222.061783,-10112.460574
13757.802772,-518.144159,0.0,-10189.070123
13757.80309,0.0,518.144159,-10572.117872
13757.803408,-222.061783,592.164754,-10648.727422
13757.803726,-148.041188,444.123565,-10342.289223
13757.804043,-444.123565,222.061783,-10495.508323
13757.804361,-592.164754,222.061783,-10342.289223
13757.804679,-370.102971,518.144159,-9959.241474
13757.804997,-666.185348,222.061783,-10112.460574
13757.805315,-592.164754,518.144159,-9959.241474
13757.805632,-296.082377,370.102971,-9882.631924
13757.80595,0.0,370.102971,-9729.412825
13757.806268,-296.082377,370.102971,-9882.631924
13757.806586,74.020594,222.061783,-10265.679673
13757.806903,0.0,296.082377,-10189.070123
13757.807221,0.0,74.020594,-10418.898773
13757.807539,148.041188,148.041188,-10342.289223
13757.807857,0.0,0.0,-10265.679673
13757.808175,0.0,0.0,-10112.460574
13757.808492,-222.061783,-222.061783,-9959.241474
13757.80881,0.0,0.0,-9882.631924
13757.809128,0.0,-370.102971,-10035.851024
13757.809446,0.0,0.0,-10189.070123
13757.809763,-296.082377,74.020594,-10342.289223
13757.810081,-370.102971,222.061783,-10418.898773
13757.810399,-444.123565,74.020594,-10342.289223
13757.810717,-518.144159,0.0,-10648.727422
13757.811034,-592.164754,370.102971,-10572.117872
13757.811352,-444.123565,370.102971,-10418.898773
13757.81167,-74.020594,370.102971,-10801.946522
13757.811988,-222.061783,592.164754,-10265.679673
13757.812305,-148.041188,518.144159,-10572.117872
13757.812623,-370.102971,370.102971,-10725.336972
13757.812941,-222.061783,0.0,-10112.460574
13757.813259,-148.041188,-148.041188,-9806.022374
13757.813577,-222.061783,-222.061783,-10035.851024
13757.813894,-370.102971,-222.061783,-10035.851024
13757.814212,-444.123565,-222.061783,-9882.631924
13757.81453,-222.061783,0.0,-9422.974625
13757.814848,0.0,0.0,-9959.241474
13757.815165,0.0,222.061783,-9806.022374
13757.815483,74.020594,222.061783,-9959.241474
13757.815801,0.0,0.0,-10189.070123
13757.816119,74.020594,370.102971,-10189.070123
13757.816436,-518.144159,444.123565,-10495.508323
13757.816754,0.0,148.041188,-10801.946522
13757.817072,-222.061783,148.041188,-10418.898773
13757.81739,-148.041188,296.082377,-10648.727422
13757.817708,0.0,296.082377,-10189.070123
13757.818025,0.0,444.123565,-10342.289223
13757.818343,0.0,222.061783,-10418.898773
13757.818661,-296.082377,222.061783,-10495.508323
13757.818979,-148.041188,-518.144159,-10418.898773
13757.819296,-370.102971,-370.102971,-10418.898773
13757.819614,-370.102971,-370.102971,-10265.679673
13757.819932,-518.144159,-296.082377,-10189.070123
13757.82025,-296.082377,148.041188,-10189.070123
13757.820567,0.0,296.082377,-10495.508323
13757.820885,-296.082377,222.061783,-10342.289223
13757.821203,0.0,148.041188,-10265.679673
13757.821521,-148.041188,148.041188,-10265.679673
13757.821838,-370.102971,-148.041188,-9499.584175
13757.822156,-814.226536,0.0,-10112.460574
13757.822474,-444.123565,296.082377,-9882.631924
13757.822792,-444.123565,296.082377,-9882.631924
13757.82311,-222.061783,296.082377,-9882.631924
13757.823427,74.020594,296.082377,-10189.070123
13757.823745,74.020594,518.144159,-10035.851024
13757.824063,148.041188,518.144159,-10265.679673
13757.824381,0.0,518.144159,-10265.679673
13757.824698,0.0,814.226536,-9959.241474
13757.825016,-148.041188,0.0,-10265.679673
13757.825334,-370.102971,74.020594,-10342.289223
13757.825652,0.0,-148.041188,-10189.070123
13757.825969,0.0,-222.061783,-9882.631924
13757.826287,-148.041188,0.0,-10035.851024
13757.826605,74.020594,-222.061783,-9959.241474
13757.826923,0.0,0.0,-10112.460574
13757.827241,-370.102971,0.0,-10265.679673
13757.827558,0.0,0.0,-10035.851024
13757.827876,-296.082377,-444.123565,-10342.289223
13757.828194,-592.164754,0.0,-10418.898773
13757.828512,-370.102971,148.041188,-10342.289223
13757.828829,-518.144159,444.123565,-10418.898773
13757.829147,-518.144159,962.267725,-10572.117872
13757.829465,-148.041188,518.144159,-10725.336972
13757.829783,-370.102971,592.164754,-10878.556072
13757.8301,-148.041188,222.061783,-10572.117872
13757.830418,-814.226536,518.144159,-10265.679673
13757.830736,-740.205942,222.061783,-10342.289223
13757.831054,-592.164754,-74.020594,-9882.631924
13757.831371,-222.061783,-222.061783,-9882.631924
13757.831689,-222.061783,0.0,-9652.803275
13757.832007,74.020594,0.0,-9806.022374
13757.832325,0.0,74.020594,-9806.022374
13757.832643,148.041188,148.041188,-9806.022374
13757.83296,0.0,0.0,-9882.631924
13757.833278,296.082377,518.144159,-9959.241474
13757.833596,-222.061783,222.061783,-10342.289223
13757.833914,-296.082377,0.0,-10189.070123
13757.834231,0.0,0.0,-10418.898773
13757.834549,0.0,222.061783,-10189.070123
13757.834867,0.0,222.061783,-10035.851024
13757.835185,0.0,518.144159,-10265.679673
13757.835502,0.0,518.144159,-10495.508323
13757.83582,0.0,222.061783,-10648.727422
13757.836138,370.102971,-740.205942,-10418.898773
13757.836456,-444.123565,0.0,-10495.508323
13757.836773,-370.102971,-296.082377,-10418.898773
13757.837091,-444.123565,0.0,-10418.898773
13757.837409,-296.082377,0.0,-10418.898773
13757.837727,-148.041188,222.061783,-10572.117872
13757.838045,0.0,148.041188,-10189.070123
13757.838362,-296.082377,0.0,-10572.117872
13757.83868,-518.144159,148.041188,-10418.898773
13757.838998,-296.082377,740.205942,-9806.022374
13757.839316,-370.102971,0.0,-9959.241474
13757.839633,-666.185348,0.0,-10035.851024
13757.839951,-444.123565,0.0,-10035.851024
13757.840269,-370.102971,74.020594,-9882.631924
13757.840587,-518.144159,444.123565,-9959.241474
13757.840904,0.0,444.123565,-10112.460574
13757.841222,0.0,740.205942,-10112.460574
13757.84154,148.041188,814.226536,-10342.289223
13757.841858,148.041188,814.226536,-11184.994271
13757.842176,0.0,222.061783,-10418.898773
13757.842493,-148.041188,148.041188,-10572.117872
13757.842811,-222.061783,74.020594,-10342.289223
13757.843129,0.0,74.020594,-9652.803275
13757.843447,74.020594,-222.061783,-10112.460574
13757.843764,74.020594,0.0,-9959.241474
13757.844082,74.020594,0.0,-10265.679673
13757.8444,0.0,0.0,-10035.851024
13757.844718,-518.144159,0.0,-9576.193725
13757.845035,-518.144159,-370.102971,-10342.289223
13757.845353,-666.185348,-296.082377,-10418.898773
13757.845671,-518.144159,0.0,-10189.070123
13757.845989,-296.082377,0.0,-10418.898773
13757.846306,-370.102971,370.102971,-10495.508323
13757.846624,0.0,518.144159,-10418.898773
13757.846942,-370.102971,518.144159,-10801.946522
13757.84726,-296.082377,592.164754,-10801.946522
13757.847578,-222.061783,0.0,-10112.460574
13757.847895,-518.144159,74.020594,-10265.679673
13757.848213,-666.185348,296.082377,-10265.679673
13757.848531,-444.123565,222.061783,-10265.679673
13757.848849,-296.082377,148.041188,-10495.508323
13757.849166,0.0,0.0,-10342.289223
13757.849484,148.041188,222.061783,-9806.022374
13757.849802,148.041188,296.082377,-9882.631924
13757.85012,74.020594,0.0,-9882.631924
13757.850437,-518.144159,222.061783,-9806.022374
13757.850755,0.0,0.0,-10265.679673
13757.851073,0.0,-222.061783,-10112.460574
13757.851391,0.0,0.0,-9959.241474
13757.851708,296.082377,0.0,-10342.289223
13757.852026,0.0,148.041188,-10265.679673
13757.852344,0.0,296.082377,-10342.289223
13757.852662,-148.041188,370.102971,-10342.289223
13757.85298,0.0,222.061783,-10342.289223
13757.853297,-592.164754,518.144159,-10189.070123
13757.853615,-444.123565,222.061783,-10725.336972
13757.853933,-518.144159,0.0,-10342.289223
13757.854251,-518.144159,0.0,-10418.898773
13757.854568,74.020594,296.082377,-11874.480219
13757.854886,-370.102971,222.061783,-10725.336972
13757.855204,0.0,370.102971,-10418.898773
13757.855522,0.0,148.041188,-10495.508323
13757.855839,0.0,0.0,-10418.898773
13757.856157,-518.144159,-296.082377,-10035.851024
13757.856475,-518.144159,-296.082377,-10265.679673
13757.856793,-740.205942,0.0,-10189.070123
13757.857111,-666.185348,-296.082377,-9882.631924
13757.857428,-370.102971,148.041188,-8503.660028
13757.857746,-296.082377,148.041188,-9959.241474
13757.858064,-296.082377,370.102971,-9806.022374
13757.858382,0.0,222.061783,-9959.241474
13757.858699,-148.041188,666.185348,-9959.241474
13757.859017,0.0,148.041188,-10112.460574
13757.859335,-148.041188,518.144159,-10572.117872
13757.859653,0.0,592.164754,-10418.898773
13757.85997,0.0,148.041188,-10648.727422
13757.860288,-370.102971,74.020594,-10342.289223
13757.860606,0.0,74.020594,-10265.679673
13757.860924,0.0,74.020594,-10189.070123
13757.861241,-148.041188,222.061783,-10265.679673
13757.861559,0.0,0.0,-10189.070123
13757.861877,74.020594,-222.061783,-10112.460574
13757.862195,-370.102971,-222.061783,-10265.679673
13757.862513,-296.082377,-370.102971,-10342.289223
13757.86283,-444.123565,-296.082377,-10112.460574
13757.863148,0.0,-518.144159,-9806.022374
13757.863466,-444.123565,0.0,-10342.289223
13757.863784,-222.061783,222.061783,-10189.070123
13757.864101,-296.082377,74.020594,-10495.508323
13757.864419,-222.061783,296.082377,-10648.727422
13757.864737,-296.082377,444.123565,-10878.556072
13757.865055,-222.061783,296.082377,-10418.898773
13757.865372,-740.205942,444.123565,-10265.679673
13757.86569,-666.185348,296.082377,-10418.898773
13757.866008,-592.164754,222.061783,-9116.536426
13757.866326,-666.185348,296.082377,-10112.460574
13757.866644,0.0,370.102971,-9959.241474
13757.866961,0.0,518.144159,-9882.631924
13757.867279,148.041188,148.041188,-9806.022374
13757.867597,148.041188,222.061783,-9959.241474
13757.867915,0.0,222.061783,-10112.460574
13757.868232,0.0,74.020594,-10112.460574
13757.86855,0.0,0.0,-10112.460574
13757.868868,148.041188,0.0,-10955.165621
13757.869186,-148.041188,0.0,-10112.460574
13757.869503,0.0,0.0,-10265.679673
13757.869821,0.0,-148.041188,-10112.460574
13757.870139,0.0,0.0,-10189.070123
13757.870457,0.0,444.123565,-10572.117872
13757.870774,-518.144159,74.020594,-10265.679673
13757.871092,-592.164754,148.041188,-10495.508323
13757.87141,-296.082377,0.0,-10342.289223
13757.871728,-1036.288319,518.144159,-10265.679673
13757.872046,-518.144159,444.123565,-10418.898773
13757.872363,-222.061783,444.123565,-10725.336972
13757.872681,0.0,370.102971,-10648.727422
13757.872999,-370.102971,518.144159,-10189.070123
13757.873317,-296.082377,518.144159,-10342.289223
13757.873634,-370.102971,74.020594,-10342.289223
13757.873952,-370.102971,-296.082377,-10112.460574
13757.87427,-666.185348,-296.082377,-9959.241474
13757.874588,-740.205942,-148.041188,-9499.584175
13757.874905,-296.082377,-222.061783,-9576.193725
13757.875223,-222.061783,0.0,-9806.022374
13757.875541,0.0,222.061783,-9882.631924
13757.875859,0.0,296.082377,-10035.851024
13757.876176,74.020594,148.041188,-10572.117872
13757.876494,0.0,222.061783,-10112.460574
13757.876812,0.0,222.061783,-10189.070123
13757.87713,-148.041188,518.144159,-10342.289223
13757.877448,370.102971,444.123565,-10112.460574
13757.877765,0.0,296.082377,-10572.117872
13757.878083,0.0,74.020594,-10265.679673
13757.878401,0.0,444.123565,-10342.289223
13757.878719,0.0,444.123565,-10418.898773
13757.879036,0.0,148.041188,-10189.070123
13757.879354,-148.041188,0.0,-10189.070123
13757.879672,-222.061783,0.0,-10342.289223
13757.87999,-296.082377,-518.144159,-10418.898773
13757.880307,-962.267725,-370.102971,-9729.412825
13757.880625,-148.041188,0.0,-10112.460574
13757.880943,-444.123565,-222.061783,-10572.117872
13757.881261,-222.061783,74.020594,-10495.508323
13757.881579,0.0,296.082377,-10189.070123
13757.881896,-296.082377,148.041188,-10572.117872
13757.882214,-518.144159,74.020594,-10342.289223
13757.882532,-592.164754,148.041188,-10342.289223
13757.88285,-740.205942,222.061783,-10265.679673
13757.883167,-888.24713,0.0,-10189.070123
13757.883485,-518.144159,74.020594,-10112.460574
13757.883803,-370.102971,296.082377,-9882.631924
13757.884121,-148.041188,518.144159,-9959.241474
13757.884438,148.041188,592.164754,-9576.193725
13757.884756,0.0,962.267725,-10189.070123
13757.885074,148.041188,518.144159,-10112.460574
13757.885392,0.0,148.041188,-10112.460574
13757.885709,0.0,0.0,-10189.070123
13757.886027,-518.144159,0.0,-10035.851024
13757.886345,0.0,0.0,-10189.070123
13757.886663,0.0,-222.061783,-10189.070123
13757.886981,0.0,-296.082377,-9806.022374
13757.887298,222.061783,-222.061783,-9729.412825
13757.887616,222.061783,0.0,-10189.070123
13757.887934,-296.082377,0.0,-10265.679673
13757.888252,-518.144159,-296.082377,-10265.679673
13757.888569,-370.102971,-370.102971,-10418.898773
13757.888887,-814.226536,-222.061783,-10265.679673
13757.889205,-666.185348,0.0,-10495.508323
13757.889523,-518.144159,592.164754,-10495.508323
13757.88984,-296.082377,592.164754,-10418.898773
13757.890158,0.0,814.226536,-10955.165621
13757.890476,-370.102971,444.123565,-10878.556072
13757.890794,-222.061783,444.123565,-10495.508323
13757.891112,-444.123565,74.020594,-10342.289223
13757.891429,-666.185348,0.0,-9959.241474
13757.891747,-370.102971,0.0,-10648.727422
13757.892065,-518.144159,0.0,-9882.631924
13757.892383,-296.082377,0.0,-9806.022374
13757.8927,0.0,0.0,-9806.022374
13757.893018,444.123565,-222.061783,-9576.193725
13757.893336,148.041188,0.0,-9806.022374
13757.893654,0.0,222.061783,-9882.631924
13757.893971,-148.041188,222.061783,-10035.851024
13757.894289,0.0,222.061783,-9959.241474
13757.894607,74.020594,0.0,-10648.727422
13757.894925,-148.041188,148.041188,-10418.898773
13757.895242,0.0,222.061783,-10265.679673
13757.89556,-296.082377,296.082377,-10112.460574
13757.895878,0.0,1110.308913,-9882.631924
13757.896196,0.0,222.061783,-10418.898773
13757.896514,0.0,370.102971,-10418.898773
13757.896831,-296.082377,444.123565,-10495.508323
13757.897149,-370.102971,0.0,-10265.679673
13757.897467,-296.082377,-148.041188,-10955.165621
13757.897785,-370.102971,-222.061783,-10495.508323
13757.898102,-296.082377,0.0,-10265.679673
13757.89842,-222.061783,74.020594,-10189.070123
13757.898738,296.082377,518.144159,-9959.241474
13757.899056,-296.082377,74.020594,-10418.898773
13757.899373,-444.123565,0.0,-10342.289223
13757.899691,-370.102971,-148.041188,-10342.289223
13757.900009,-518.144159,0.0,-10265.679673
13757.900327,-888.24713,0.0,-9576.193725
13757.900644,-518.144159,0.0,-9882.631924
13757.900962,-296.082377,222.061783,-10265.679673
13757.90128,-296.082377,148.041188,-10035.851024
13757.901598,-370.102971,222.061783,-9269.755526
13757.901916,-148.041188,518.144159,-9959.241474
13757.902233,0.0,814.226536,-10189.070123
13757.902551,0.0,592.164754,-10112.460574
13757.902869,0.0,370.102971,-10189.070123
13757.903187,148.041188,370.102971,-10725.336972
13757.903504,-148.041188,74.020594,-10495.508323
13757.903822,74.020594,0.0,-10112.460574
13757.90414,74.020594,0.0,-9959.241474
13757.904458,0.0,148.041188,-10189.070123
13757.904775,0.0,0.0,-10112.460574
13757.905093,74.020594,-148.041188,-10035.851024
13757.905411,0.0,-222.061783,-10189.070123
13757.905729,-518.144159,-370.102971,-10189.070123
13757.906047,-518.144159,-148.041188,-9882.631924
13757.906364,-444.123565,-296.082377,-10418.898773
13757.906682,-444.123565,74.020594,-10035.851024
13757.907,-444.123565,222.061783,-10418.898773
13757.907318,-74.020594,740.205942,-9806.022374
13757.907635,-296.082377,666.185348,-10418.898773
13757.907953,-370.102971,592.164754,-10801.946522
13757.908271,-296.082377,444.123565,-10342.289223
13757.908589,-444.123565,74.020594,-10418.898773
13757.908907,-740.205942,-370.102971,-10418.898773
13757.909224,-592.164754,222.061783,-10265.679673
13757.909542,-296.082377,74.020594,-9959.241474
13757.90986,-296.082377,0.0,-9882.631924
13757.910178,0.0,148.041188,-9882.631924
13757.910496,222.061783,148.041188,-9882.631924
13757.910813,0.0,296.082377,-9959.241474
13757.911131,74.020594,148.041188,-10035.851024
13757.911449,0.0,0.0,-10035.851024
13757.911767,0.0,148.041188,-10418.898773
13757.912084,0.0,0.0,-10035.851024
13757.912402,-370.102971,0.0,-10342.289223
13757.91272,0.0,0.0,-10342.289223
13757.913038,-222.061783,296.082377,-10189.070123
13757.913356,0.0,518.144159,-10342.289223
13757.913673,0.0,444.123565,-10265.679673
13757.913991,0.0,592.164754,-10265.679673
13757.914309,-296.082377,148.041188,-10418.898773
13757.914627,-444.123565,592.164754,-11568.04202
13757.914944,-666.185348,0.0,-10725.336972
13757.915262,-518.144159,0.0,-10342.289223
13757.91558,-370.102971,74.020594,-10265.679673
13757.915898,0.0,148.041188,-10342.289223
13757.916216,-222.061783,592.164754,-10495.508323
13757.916533,-222.061783,296.082377,-10265.679673
13757.916851,-148.041188,74.020594,-10342.289223
13757.917169,-518.144159,0.0,-10035.851024
13757.917487,-666.185348,0.0,-9959.241474
13757.917804,-740.205942,-148.041188,-9806.022374
13757.918122,-444.123565,0.0,-9959.241474
13757.91844,-296.082377,0.0,-9806.022374
13757.918758,-222.061783,148.041188,-9806.022374
13757.919076,-370.102971,444.123565,-10112.460574
13757.919393,0.0,444.123565,-9882.631924
13757.919711,0.0,518.144159,-10189.070123
13757.920029,0.0,666.185348,-10418.898773
13757.920347,0.0,740.205942,-9729.412825
13757.920664,-296.082377,222.061783,-10418.898773
13757.920982,-296.082377,74.020594,-10418.898773
13757.9213,0.0,0.0,-10342.289223
13757.921618,-222.061783,148.041188,-10265.679673
13757.921936,0.0,444.123565,-10265.679673
13757.922253,0.0,148.041188,-10035.851024
13757.922571,0.0,0.0,-10035.851024
13757.922889,-296.082377,-370.102971,-10112.460574
13757.923207,-592.164754,-444.123565,-10342.289223
13757.923524,-518.144159,-444.123565,-10265.679673
13757.923842,-666.185348,-592.164754,-10342.289223
13757.92416,-518.144159,0.0,-10648.727422
13757.924478,-296.082377,148.041188,-10495.508323
13757.924796,-74.020594,518.144159,-10495.508323
13757.925113,-222.061783,444.123565,-10648.727422
13757.925431,-370.102971,518.144159,-10495.508323
13757.925749,-518.144159,148.041188,-10418.898773
13757.926067,-444.123565,222.061783,-10572.117872
13757.926384,-148.041188,148.041188,-10495.508323
13757.926702,-740.205942,0.0,-10342.289223
13757.92702,-444.123565,296.082377,-10189.070123
13757.927338,-370.102971,370.102971,-9882.631924
13757.927656,0.0,296.082377,-10112.460574
13757.927973,-518.144159,666.185348,-9652.803275
13757.928291,0.0,518.144159,-9959.241474
13757.928609,0.0,74.020594,-10035.851024
13757.928927,74.020594,0.0,-10189.070123
13757.929245,0.0,444.123565,-10572.117872
13757.929562,-148.041188,-148.041188,-10265.679673
13757.92988,-148.041188,-222.061783,-10265.679673
13757.930198,-148.041188,-148.041188,-9959.241474
13757.930516,0.0,0.0,-10112.460574
13757.930833,74.020594,1110.308913,-10725.336972
13757.931151,74.020594,296.082377,-10112.460574
13757.931469,-148.041188,148.041188,-10495.508323
13757.931787,-370.102971,0.0,-10725.336972
13757.932105,-666.185348,74.020594,-10725.336972
13757.932422,-592.164754,0.0,-10342.289223
13757.93274,-592.164754,222.061783,-10572.117872
13757.933058,-296.082377,444.123565,-10572.117872
13757.933376,0.0,296.082377,-10342.289223
13757.933693,74.020594,296.082377,-10725.336972
13757.934011,-370.102971,518.144159,-10418.898773
13757.934329,-296.082377,74.020594,-10265.679673
13757.934647,-518.144159,-222.061783,-10342.289223
13757.934965,-592.164754,74.020594,-9729.412825
13757.935282,-222.061783,-370.102971,-9882.631924
13757.9356,-444.123565,0.0,-9882.631924
13757.935918,-296.082377,-148.041188,-9806.022374
13757.936236,-148.041188,296.082377,-9806.022374
13757.936553,148.041188,370.102971,-9499.584175
13757.936871,0.0,296.082377,-10035.851024
13757.937189,148.041188,518.144159,-9959.241474
13757.937507,-222.061783,296.082377,-10265.679673
13757.937825,-148.041188,370.102971,-10265.679673
13757.938142,0.0,518.144159,-10725.336972
13757.93846,-148.041188,592.164754,-10418.898773
13757.938778,0.0,0.0,-10648.727422
13757.939096,0.0,296.082377,-10418.898773
13757.939413,148.041188,814.226536,-10801.946522
13757.939731,0.0,222.061783,-10035.851024
13757.940049,0.0,222.061783,-10265.679673
13757.940367,0.0,0.0,-10265.679673
13757.940685,-296.082377,-222.061783,-10418.898773
13757.941002,-296.082377,-370.102971,-10342.289223
13757.94132,-222.061783,-296.082377,-10265.679673
13757.941638,-444.123565,-296.082377,-10342.289223
13757.941956,-370.102971,74.020594,-10495.508323
13757.942273,-296.082377,518.144159,-10112.460574
13757.942591,-222.061783,148.041188,-10725.336972
13757.942909,0.0,222.061783,-10342.289223
13757.943227,-370.102971,0.0,-10112.460574
13757.943545,-518.144159,74.020594,-10112.460574
13757.943862,-814.226536,444.123565,-10189.070123
13757.94418,-592.164754,222.061783,-10189.070123
13757.944498,-592.164754,370.102971,-10189.070123
13757.944816,-444.123565,370.102971,-9959.241474
13757.945133,-296.082377,296.082377,-10035.851024
13757.945451,0.0,518.144159,-9806.022374
13757.945769,74.020594,444.123565,-10035.851024
13757.946087,0.0,444.123565,-10342.289223
13757.946405,0.0,222.061783,-10418.898773
13757.946722,74.020594,0.0,-10112.460574
13757.94704,0.0,-222.061783,-9959.241474
13757.947358,0.0,0.0,-9882.631924
13757.947676,-222.061783,-148.041188,-10035.851024
13757.947994,370.102971,-148.041188,-10035.851024
13757.948311,0.0,-222.061783,-9959.241474
13757.948629,0.0,0.0,-9959.241474
13757.948947,-444.123565,148.041188,-10189.070123
13757.949265,-444.123565,74.020594,-10495.508323
13757.949582,-444.123565,-296.082377,-10572.117872
13757.9499,-518.144159,74.020594,-10572.117872
13757.950218,-296.082377,296.082377,-10495.508323
13757.950536,-592.164754,444.123565,-10572.117872
13757.950854,0.0,814.226536,-9806.022374
13757.951171,-222.061783,592.164754,-10495.508323
13757.951489,-370.102971,444.123565,-10648.727422
13757.951807,-296.082377,148.041188,-10189.070123
13757.952125,-222.061783,0.0,-10265.679673
13757.952442,-296.082377,-148.041188,-10112.460574
13757.95276,-444.123565,-222.061783,-10112.460574
13757.953078,-222.061783,-148.041188,-9806.022374
13757.953396,-444.123565,0.0,-9652.803275
13757.953714,0.0,0.0,-9806.022374
13757.954031,74.020594,222.061783,-9806.022374
13757.954349,222.061783,370.102971,-9806.022374
13757.954667,74.020594,222.061783,-9882.631924
13757.954985,0.0,0.0,-10112.460574
13757.955302,0.0,370.102971,-9882.631924
13757.95562,-222.061783,148.041188,-10342.289223
13757.955938,-148.041188,592.164754,-10418.898773
13757.956256,0.0,222.061783,-10342.289223
13757.956574,0.0,444.123565,-10418.898773
13757.956891,0.0,444.123565,-10265.679673
13757.957209,0.0,370.102971,-10418.898773
13757.957527,-222.061783,296.082377,-10495.508323
13757.957845,-444.123565,-148.041188,-10418.898773
13757.958162,-666.185348,0.0,-10572.117872
13757.95848,-592.164754,0.0,-10418.898773
13757.958798,-296.082377,0.0,-10418.898773
13757.959116,-222.061783,74.020594,-10265.679673
13757.959434,0.0,222.061783,-9652.803275
13757.959751,0.0,-148.041188,-10418.898773
13757.960069,-370.102971,0.0,-10265.679673
13757.960387,-444.123565,0.0,-10189.070123
13757.960705,-444.123565,-296.082377,-10342.289223
13757.961022,-296.082377,-148.041188,-9729.412825
13757.96134,-592.164754,0.0,-10112.460574
13757.961658,-518.144159,222.061783,-10035.851024
13757.961976,-296.082377,0.0,-10265.679673
13757.962294,0.0,518.144159,-10189.070123
13757.962611,0.0,444.123565,-9959.241474
13757.962929,0.0,592.164754,-10265.679673
13757.963247,0.0,518.144159,-10418.898773
13757.963565,0.0,444.123565,-10342.289223
13757.963883,-370.102971,666.185348,-10189.070123
13757.9642,0.0,0.0,-10189.070123
13757.964518,0.0,0.0,-10495.508323
13757.964836,-148.041188,0.0,-9959.241474
13757.965154,0.0,0.0,-9882.631924
13757.965471,0.0,-222.061783,-10189.070123
13757.965789,0.0,-296.082377,-10112.460574
13757.966107,-222.061783,0.0,-9959.241474
13757.966425,-444.123565,-296.082377,-10265.679673
13757.966743,-148.041188,148.041188,-11108.384721
13757.96706,-518.144159,0.0,-10418.898773
13757.967378,-592.164754,0.0,-10418.898773
13757.967696,-592.164754,148.041188,-10495.508323
13757.968014,-370.102971,222.061783,-10495.508323
13757.968331,0.0,592.164754,-10495.508323
13757.968649,-518.144159,518.144159,-10572.117872
13757.968967,-296.082377,740.205942,-10648.727422
13757.969285,-296.082377,518.144159,-10418.898773
13757.969603,-444.123565,370.102971,-10878.556072
13757.96992,-444.123565,148.041188,-10265.679673
13757.970238,-444.123565,296.082377,-10035.851024
13757.970556,-518.144159,0.0,-10189.070123
13757.970874,-296.082377,0.0,-9882.631924
13757.971191,0.0,0.0,-9806.022374
13757.971509,148.041188,296.082377,-9882.631924
13757.971827,74.020594,74.020594,-9882.631924
13757.972145,0.0,0.0,-9882.631924
13757.972463,0.0,222.061783,-9576.193725
13757.97278,0.0,0.0,-10189.070123
13757.973098,-370.102971,0.0,-10189.070123
13757.973416,0.0,148.041188,-10035.851024
13757.973734,-222.061783,74.020594,-10265.679673
13757.974051,0.0,296.082377,-10342.289223
13757.974369,0.0,518.144159,-10418.898773
13757.974687,0.0,222.061783,-10265.679673
13757.975005,-444.123565,0.0,-10648.727422
13757.975323,-444.123565,-370.102971,-10189.070123
13757.97564,-518.144159,74.020594,-10265.679673
13757.975958,-518.144159,74.020594,-10495.508323
13757.976276,-296.082377,296.082377,-10495.508323
13757.976594,-222.061783,0.0,-10495.508323
13757.976911,-148.041188,-148.041188,-10725.336972
13757.977229,-296.082377,-222.061783,-10495.508323
13757.977547,-444.123565,0.0,-10418.898773
13757.977865,-296.082377,0.0,-10495.508323
13757.978183,-296.082377,0.0,-10265.679673
13757.9785,-370.102971,0.0,-9882.631924
13757.978818,-370.102971,-222.061783,-9882.631924
13757.979136,-444.123565,0.0,-9806.022374
13757.979454,-296.082377,222.061783,-9959.241474
13757.979771,0.0,444.123565,-9959.241474
13757.980089,0.0,370.102971,-9959.241474
13757.980407,0.0,592.164754,-9882.631924
13757.980725,0.0,592.164754,-10418.898773
13757.981043,0.0,296.082377,-10418.898773
13757.98136,148.041188,592.164754,-10648.727422
13757.981678,0.0,444.123565,-10342.289223
13757.981996,0.0,148.041188,-10418.898773
13757.982314,0.0,0.0,-10418.898773
13757.982632,0.0,-148.041188,-10265.679673
13757.982949,-222.061783,-296.082377,-10265.679673
13757.983267,74.020594,0.0,-10035.851024
13757.983585,-148.041188,0.0,-10112.460574
13757.983903,-296.082377,-296.082377,-10189.070123
13757.98422,0.0,-444.123565,-10189.070123
13757.984538,-296.082377,-444.123565,-10265.679673
13757.984856,-296.082377,0.0,-10112.460574
13757.985174,-370.102971,0.0,-10572.117872
13757.985492,-370.102971,444.123565,-10648.727422
13757.985809,-222.061783,444.123565,-11108.384721
13757.986127,-444.123565,444.123565,-10342.289223
13757.986445,-370.102971,296.082377,-10725.336972
13757.986763,-370.102971,74.020594,-10495.508323
13757.98708,-370.102971,296.082377,-9729.412825
13757.987398,-518.144159,148.041188,-10189.070123
13757.987716,-296.082377,74.020594,-10112.460574
13757.988034,-296.082377,148.041188,-9959.241474
13757.988352,-296.082377,370.102971,-9882.631924
13757.988669,444.123565,-222.061783,-9652.803275
13757.988987,74.020594,222.061783,-9806.022374
13757.989305,74.020594,148.041188,-9806.022374
13757.989623,0.0,74.020594,-9806.022374
13757.98994,0.0,0.0,-9806.022374
13757.990258,0.0,0.0,-10112.460574
13757.990576,0.0,0.0,-10035.851024
13757.990894,0.0,0.0,-10112.460574
13757.991212,0.0,0.0,-10035.851024
13757.991529,0.0,0.0,-10112.460574
13757.991847,-222.061783,0.0,-10265.679673
13757.992165,0.0,296.082377,-10418.898773
13757.992483,-518.144159,148.041188,-10572.117872
13757.9928,-592.164754,0.0,-10572.117872
13757.993118,-444.123565,0.0,-10725.336972
13757.993436,-370.102971,74.020594,-10495.508323
13757.993754,-296.082377,370.102971,-10648.727422
13757.994072,-148.041188,370.102971,-10418.898773
13757.994389,0.0,814.226536,-10418.898773
13757.994707,-370.102971,148.041188,-10495.508323
13757.995025,-222.061783,0.0,-10342.289223
13757.995343,-370.102971,-148.041188,-10112.460574
13757.99566,-370.102971,0.0,-10112.460574
13757.995978,-592.164754,0.0,-9959.241474
13757.996296,-518.144159,-222.061783,-10035.851024
13757.996614,-296.082377,-148.041188,-9806.022374
13757.996932,-222.061783,0.0,-9806.022374
13757.997249,-148.041188,0.0,-9806.022374
13757.997567,-148.041188,370.102971,-10035.851024
13757.997885,0.0,518.144159,-9959.241474
13757.998203,74.020594,296.082377,-10189.070123
13757.99852,0.0,518.144159,-10189.070123
13757.998838,-222.061783,518.144159,-10572.117872
13757.999156,-222.061783,370.102971,-10418.898773
13757.999474,0.0,148.041188,-10648.727422
13757.999792,-296.082377,74.020594,-10495.508323
13758.000109,0.0,814.226536,-10725.336972
13758.000427,0.0,296.082377,-10418.898773
13758.000745,0.0,0.0,-10189.070123
13758.001063,-222.061783,0.0,-10265.679673
13758.001381,-370.102971,-148.041188,-10035.851024
13758.001698,-370.102971,-740.205942,-10342.289223
13758.002016,-222.061783,-592.164754,-10265.679673
13758.002334,-444.123565,-148.041188,-10265.679673
13758.002652,-370.102971,0.0,-10189.070123
13758.002969,0.0,222.061783,-10342.289223
13758.003287,-296.082377,444.123565,-10342.289223
13758.003605,-148.041188,296.082377,-10342.289223
13758.003923,-222.061783,74.020594,-10342.289223
13758.004241,-518.144159,222.061783,-10342.289223
13758.004558,-814.226536,222.061783,-10112.460574
13758.004876,-666.185348,148.041188,-10112.460574
13758.005194,-592.164754,148.041188,-9882.631924
13758.005512,-444.123565,370.102971,-9806.022374
13758.005829,0.0,666.185348,-9806.022374
13758.006147,74.020594,222.061783,-9882.631924
13758.006465,0.0,592.164754,-9959.241474
13758.006783,0.0,296.082377,-10265.679673
13758.007101,0.0,0.0,-10342.289223
13758.007418,0.0,0.0,-9882.631924
13758.007736,0.0,-296.082377,-10035.851024
13758.008054,0.0,-222.061783,-10342.289223
13758.008372,0.0,-370.102971,-10035.851024
13758.008689,74.020594,0.0,-9652.803275
13758.009007,0.0,-148.041188,-9959.241474
13758.009325,0.0,0.0,-10265.679673
13758.009643,-222.061783,148.041188,-10342.289223
13758.009961,-592.164754,0.0,-10418.898773
13758.010278,-370.102971,0.0,-10572.117872
13758.010596,-518.144159,0.0,-10418.898773
13758.010914,-444.123565,0.0,-10572.117872
13758.011232,-296.082377,296.082377,-10878.556072
13758.011549,-148.041188,1184.329507,-11184.994271
13758.011867,-222.061783,888.24713,-10648.727422
13758.012185,-370.102971,518.144159,-10725.336972
13758.012503,-444.123565,370.102971,-10725.336972
13758.012821,-370.102971,0.0,-10112.460574
13758.013138,-814.226536,0.0,-9806.022374
13758.013456,-740.205942,0.0,-9729.412825
13758.013774,-296.082377,0.0,-9882.631924
13758.014092,-370.102971,0.0,-9882.631924
13758.014409,0.0,222.061783,-9269.755526
13758.014727,74.020594,148.041188,-9882.631924
13758.015045,0.0,148.041188,-9959.241474
13758.015363,0.0,222.061783,-9882.631924
13758.015681,0.0,296.082377,-10342.289223
13758.015998,74.020594,222.061783,-10265.679673
13758.016316,-148.041188,370.102971,-10648.727422
13758.016634,0.0,296.082377,-10418.898773
13758.016952,0.0,370.102971,-10189.070123
13758.017269,0.0,518.144159,-10878.556072
13758.017587,74.020594,518.144159,-10495.508323
13758.017905,0.0,148.041188,-10265.679673
13758.018223,0.0,296.082377,-10418.898773
13758.018541,-444.123565,148.041188,-10495.508323
13758.018858,0.0,-592.164754,-10418.898773
13758.019176,-444.123565,-370.102971,-10265.679673
13758.019494,-148.041188,-222.061783,-10112.460574
13758.019812,-222.061783,0.0,-10035.851024
13758.020129,0.0,0.0,-9959.241474
13758.020447,-148.041188,222.061783,-10112.460574
13758.020765,0.0,0.0,-10495.508323
13758.021083,-296.082377,0.0,-10189.070123
13758.021401,-518.144159,0.0,-10342.289223
13758.021718,-666.185348,74.020594,-10112.460574
13758.022036,-518.144159,0.0,-10035.851024
13758.022354,-370.102971,74.020594,-9959.241474
13758.022672,-296.082377,444.123565,-10035.851024
13758.022989,-222.061783,370.102971,-9652.803275
13758.023307,0.0,666.185348,-10112.460574
13758.023625,0.0,666.185348,-10265.679673
13758.023943,74.020594,666.185348,-10342.289223
13758.024261,148.041188,222.061783,-10342.289223
13758.024578,444.123565,814.226536,-10955.165621
13758.024896,-148.041188,0.0,-10342.289223
13758.025214,0.0,0.0,-10265.679673
13758.025532,-148.041188,-148.041188,-10035.851024
13758.025849,0.0,0.0,-9729.412825
13758.026167,296.082377,-222.061783,-9959.241474
13758.026485,0.0,0.0,-10112.460574
13758.026803,0.0,-222.061783,-10189.070123
13758.027121,-370.102971,-222.061783,-10342.289223
13758.027438,-444.123565,0.0,-10112.460574
13758.027756,-592.164754,-148.041188,-10342.289223
13758.028074,-518.144159,148.041188,-10189.070123
13758.028392,-222.061783,296.082377,-10189.070123
13758.028709,-296.082377,222.061783,-10418.898773
13758.029027,-444.123565,222.061783,-10648.727422
13758.029345,-222.061783,370.102971,-10572.117872
13758.029663,-518.144159,666.185348,-10648.727422
13758.029981,-370.102971,296.082377,-10648.727422
13758.030298,-370.102971,-74.020594,-10572.117872
13758.030616,-370.102971,148.041188,-10112.460574
13758.030934,-370.102971,-222.061783,-10112.460574
13758.031252,-370.102971,0.0,-9882.631924
13758.031569,-222.061783,0.0,-9652.803275
13758.031887,0.0,148.041188,-9959.241474
13758.032205,0.0,0.0,-9959.241474
13758.032523,0.0,74.020594,-10189.070123
13758.032841,0.0,148.041188,-9806.022374
13758.033158,-222.061783,-370.102971,-9576.193725
13758.033476,0.0,148.041188,-9959.241474
13758.033794,0.0,0.0,-10112.460574
13758.034112,-222.061783,222.061783,-10112.460574
13758.034429,0.0,148.041188,-10189.070123
13758.034747,0.0,296.082377,-10418.898773
13758.035065,0.0,370.102971,-10189.070123
13758.035383,0.0,370.102971,-10418.898773
13758.035701,-148.041188,222.061783,-10265.679673
13758.036018,-148.041188,0.0,-9422.974625
13758.036336,-296.082377,0.0,-10418.898773
13758.036654,-592.164754,0.0,-10648.727422
13758.036972,-518.144159,-148.041188,-10342.289223
13758.037289,-444.123565,296.082377,-10342.289223
13758.037607,0.0,74.020594,-10265.679673
13758.037925,0.0,0.0,-10495.508323
13758.038243,-148.041188,-296.082377,-10342.289223
13758.038561,-222.061783,0.0,-10648.727422
13758.038878,-814.226536,0.0,-9346.365076
13758.039196,-592.164754,0.0,-10112.460574
13758.039514,-592.164754,0.0,-9806.022374
13758.039832,-444.123565,0.0,-9882.631924
13758.040149,-518.144159,148.041188,-9806.022374
13758.040467,-222.061783,518.144159,-10265.679673
13758.040785,0.0,518.144159,-10112.460574
13758.041103,0.0,370.102971,-10112.460574
13758.041421,-222.061783,888.24713,-9959.241474
13758.041738,0.0,1036.288319,-10112.460574
13758.042056,0.0,370.102971,-10572.117872
13758.042374,0.0,296.082377,-10495.508323
13758.042692,-222.061783,296.082377,-10265.679673
13758.043009,0.0,148.041188,-10418.898773
13758.043327,74.020594,0.0,-10035.851024
13758.043645,0.0,0.0,-10265.679673
13758.043963,0.0,0.0,-10112.460574
13758.044281,0.0,0.0,-10189.070123
13758.044598,-222.061783,-444.123565,-10342.289223
13758.044916,-444.123565,-518.144159,-10265.679673
13758.045234,-444.123565,-370.102971,-10189.070123
13758.045552,-518.144159,0.0,-10418.898773
13758.04587,-444.123565,74.020594,-10035.851024
13758.046187,0.0,74.020594,-10342.289223
13758.046505,-222.061783,518.144159,-10572.117872
13758.046823,-222.061783,592.164754,-10572.117872
13758.047141,-222.061783,518.144159,-10495.508323
13758.047458,-370.102971,592.164754,-10648.727422
13758.047776,-222.061783,222.061783,-10418.898773
13758.048094,-592.164754,222.061783,-10189.070123
13758.048412,-518.144159,74.020594,-10265.679673
13758.04873,-814.226536,740.205942,-9499.584175
13758.049047,-444.123565,74.020594,-10035.851024
13758.049365,74.020594,148.041188,-9806.022374
13758.049683,0.0,222.061783,-9806.022374
13758.050001,148.041188,222.061783,-10035.851024
13758.050318,-666.185348,296.082377,-9806.022374
13758.050636,74.020594,-148.041188,-10112.460574
13758.050954,-74.020594,148.041188,-10112.460574
13758.051272,-370.102971,-222.061783,-10265.679673
13758.05159,148.041188,0.0,-11491.43247
13758.051907,0.0,0.0,-10035.851024
13758.052225,-222.061783,296.082377,-10265.679673
13758.052543,0.0,370.102971,-10189.070123
13758.052861,-148.041188,148.041188,-10265.679673
13758.053178,0.0,0.0,-10265.679673
13758.053496,-370.102971,222.061783,-10495.508323
13758.053814,-592.164754,74.020594,-10648.727422
13758.054132,-592.164754,74.020594,-10495.508323
13758.05445,-518.144159,444.123565,-10265.679673
13758.054767,-592.164754,222.061783,-10342.289223
13758.055085,-296.082377,444.123565,-10648.727422
13758.055403,-296.082377,222.061783,-10572.117872
13758.055721,-148.041188,74.020594,-10572.117872
13758.056038,0.0,-148.041188,-10418.898773
13758.056356,-296.082377,-148.041188,-10265.679673
13758.056674,-444.123565,-296.082377,-10035.851024
13758.056992,-296.082377,-444.123565,-9882.631924
13758.05731,74.020594,-370.102971,-9806.022374
13758.057627,-444.123565,0.0,-9882.631924
13758.057945,-296.082377,222.061783,-9729.412825
13758.058263,-148.041188,444.123565,-9959.241474
13758.058581,0.0,888.24713,-9959.241474
13758.058898,0.0,740.205942,-10648.727422
13758.059216,0.0,518.144159,-10572.117872
13758.059534,0.0,518.144159,-10648.727422
13758.059852,-222.061783,666.185348,-10648.727422
13758.06017,0.0,666.185348,-11108.384721
13758.060487,0.0,370.102971,-10418.898773
13758.060805,0.0,370.102971,-10265.679673
13758.061123,0.0,0.0,-10342.289223
13758.061441,0.0,0.0,-10342.289223
13758.061758,0.0,-222.061783,-10189.070123
13758.062076,-370.102971,-222.061783,-10189.070123
13758.062394,-296.082377,-518.144159,-10035.851024
13758.062712,-444.123565,-444.123565,-10189.070123
13758.06303,74.020594,-740.205942,-9959.241474
13758.063347,-444.123565,0.0,-10189.070123
13758.063665,-296.082377,222.061783,-10265.679673
13758.063983,0.0,296.082377,-10418.898773
13758.064301,0.0,222.061783,-10342.289223
13758.064618,-296.082377,296.082377,-10495.508323
13758.064936,-444.123565,148.041188,-10418.898773
13758.065254,-592.164754,74.020594,-10189.070123
13758.065572,-740.205942,296.082377,-10112.460574
13758.06589,-296.082377,666.185348,-10495.508323
13758.066207,-444.123565,518.144159,-10112.460574
13758.066525,-222.061783,518.144159,-9806.022374
13758.066843,0.0,296.082377,-9959.241474
13758.067161,222.061783,444.123565,-9806.022374
13758.067478,74.020594,222.061783,-10112.460574
13758.067796,0.0,222.061783,-10112.460574
13758.068114,74.020594,0.0,-10189.070123
13758.068432,74.020594,-148.041188,-10342.289223
13758.06875,-370.102971,0.0,-9806.022374
13758.069067,0.0,-296.082377,-10035.851024
13758.069385,0.0,0.0,-10189.070123
13758.069703,148.041188,0.0,-9882.631924
13758.070021,-296.082377,74.020594,-10572.117872
13758.070338,-148.041188,222.061783,-10342.289223
13758.070656,-370.102971,74.020594,-10418.898773
13758.070974,-518.144159,-148.041188,-10495.508323
13758.071292,-444.123565,0.0,-10342.289223
13758.07161,0.0,-296.082377,-10495.508323
13758.071927,-518.144159,148.041188,-10342.289223
13758.072245,-370.102971,444.123565,-10418.898773
13758.072563,0.0,592.164754,-10801.946522
13758.072881,-370.102971,740.205942,-10112.460574
13758.073198,-296.082377,518.144159,-10495.508323
13758.073516,-222.061783,0.0,-10418.898773
13758.073834,-148.041188,-148.041188,-10035.851024
13758.074152,-296.082377,-370.102971,-10112.460574
13758.07447,-666.185348,0.0,-9806.022374
13758.074787,-370.102971,0.0,-9882.631924
13758.075105,-296.082377,0.0,-9882.631924
13758.075423,0.0,0.0,-9806.022374
13758.075741,370.102971,148.041188,-11108.384721
13758.076058,0.0,370.102971,-10035.851024
13758.076376,0.0,222.061783,-9806.022374
13758.076694,-148.041188,518.144159,-10342.289223
13758.077012,-148.041188,444.123565,-10572.117872
13758.07733,-444.123565,296.082377,-10265.679673
13758.077647,-222.061783,222.061783,-10418.898773
13758.077965,0.0,296.082377,-10342.289223
13758.078283,74.020594,222.061783,-10265.679673
13758.078601,-74.020594,592.164754,-9576.193725
13758.078918,74.020594,222.061783,-10189.070123
13758.079236,-148.041188,0.0,-10418.898773
13758.079554,-296.082377,-148.041188,-10265.679673
13758.079872,-444.123565,-148.041188,-10418.898773
13758.08019,-518.144159,-592.164754,-10418.898773
13758.080507,-370.102971,0.0,-10112.460574
13758.080825,-370.102971,0.0,-10112.460574
13758.081143,-222.061783,148.041188,-10265.679673
13758.081461,-222.061783,0.0,-10265.679673
13758.081778,-222.061783,222.061783,-10418.898773
13758.082096,-222.061783,0.0,-10418.898773
13758.082414,-444.123565,0.0,-10418.898773
13758.082732,-444.123565,74.020594,-10112.460574
13758.08305,-962.267725,74.020594,-10418.898773
13758.083367,-518.144159,222.061783,-9959.241474
13758.083685,-296.082377,296.082377,-10265.679673
13758.084003,0.0,370.102971,-10189.070123
13758.084321,74.020594,1036.288319,-9882.631924
13758.084638,222.061783,740.205942,-10265.679673
13758.084956,74.020594,518.144159,-10189.070123
13758.085274,74.020594,148.041188,-10112.460574
13758.085592,0.0,74.020594,-10189.070123
13758.08591,-148.041188,0.0,-10189.070123
13758.086227,0.0,0.0,-10189.070123
13758.086545,-148.041188,0.0,-10265.679673
13758.086863,0.0,0.0,-10035.851024
13758.087181,148.041188,-148.041188,-10495.508323
13758.087498,0.0,0.0,-10112.460574
13758.087816,-222.061783,0.0,-10495.508323
13758.088134,-518.144159,0.0,-10342.289223
13758.088452,-370.102971,296.082377,-9959.241474
13758.08877,-444.123565,-296.082377,-10495.508323
13758.089087,-444.123565,0.0,-10418.898773
13758.089405,-444.123565,222.061783,-10495.508323
13758.089723,-296.082377,370.102971,-10495.508323
13758.090041,0.0,518.144159,-11261.603821
13758.090358,-296.082377,518.144159,-10572.117872
13758.090676,-148.041188,370.102971,-10418.898773
13758.090994,-444.123565,296.082377,-10189.070123
13758.091312,-444.123565,148.041188,-10112.460574
13758.09163,-518.144159,148.041188,-10265.679673
13758.091947,0.0,0.0,-9806.022374
13758.092265,-296.082377,0.0,-9806.022374
13758.092583,-222.061783,0.0,-9806.022374
13758.092901,0.0,-222.061783,-9729.412825
13758.093218,0.0,0.0,-9576.193725
13758.093536,296.082377,74.020594,-9882.631924
13758.093854,0.0,74.020594,-9959.241474
13758.094172,296.082377,0.0,-8963.317327
13758.09449,-296.082377,0.0,-10189.070123
13758.094807,0.0,0.0,-10189.070123
13758.095125,0.0,74.020594,-10572.117872
13758.095443,-296.082377,370.102971,-10265.679673
13758.095761,74.020594,666.185348,-10265.679673
13758.096078,0.0,296.082377,-10572.117872
13758.096396,0.0,518.144159,-10418.898773
13758.096714,-296.082377,222.061783,-10418.898773
13758.097032,-222.061783,222.061783,-10265.679673
13758.09735,-148.041188,-370.102971,-10495.508323
13758.097667,-592.164754,-370.102971,-10189.070123
13758.097985,-370.102971,0.0,-10265.679673
13758.098303,0.0,0.0,-10495.508323
13758.098621,222.061783,370.102971,-10418.898773
13758.098939,0.0,74.020594,-10189.070123
13758.099256,-296.082377,0.0,-10035.851024
13758.099574,-370.102971,0.0,-10495.508323
13758.099892,-962.267725,296.082377,-9576.193725
13758.10021,-666.185348,-148.041188,-9959.241474
13758.100527,-666.185348,74.020594,-9806.022374
13758.100845,-370.102971,148.041188,-9959.241474
13758.101163,-296.082377,444.123565,-9959.241474
13758.101481,-296.082377,296.082377,-9806.022374
13758.101799,0.0,740.205942,-10035.851024
13758.102116,0.0,888.24713,-10189.070123
13758.102434,0.0,592.164754,-10418.898773
13758.102752,-296.082377,888.24713,-11031.775171
13758.10307,0.0,296.082377,-10495.508323
13758.103387,-296.082377,74.020594,-10418.898773
13758.103705,0.0,0.0,-10342.289223
13758.104023,0.0,0.0,-10495.508323
13758.104341,148.041188,148.041188,-10572.117872
13758.104659,148.041188,0.0,-9882.631924
13758.104976,0.0,74.020594,-9959.241474
13758.105294,0.0,-370.102971,-10035.851024
13758.105612,-148.041188,0.0,-10342.289223
13758.10593,-814.226536,-592.164754,-9959.241474
13758.106247,-592.164754,-444.123565,-10112.460574
13758.106565,-444.123565,148.041188,-10342.289223
13758.106883,-296.082377,148.041188,-10342.289223
13758.107201,-148.041188,296.082377,-10342.289223
13758.107519,0.0,444.123565,-10572.117872
13758.107836,-296.082377,518.144159,-10495.508323
13758.108154,-296.082377,370.102971,-10418.898773
13758.108472,-444.123565,296.082377,-9806.022374
13758.10879,-518.144159,370.102971,-10035.851024
13758.109107,-444.123565,148.041188,-10189.070123
13758.109425,-370.102971,148.041188,-10112.460574
13758.109743,0.0,148.041188,-9806.022374
13758.110061,-370.102971,296.082377,-9806.022374
13758.110378,0.0,0.0,-9806.022374
13758.110696,148.041188,148.041188,-9882.631924
13758.111014,74.020594,0.0,-10035.851024
13758.111332,0.0,0.0,-9882.631924
13758.111649,74.020594,0.0,-10342.289223
13758.111967,0.0,74.020594,-10342.289223
13758.112285,0.0,74.020594,-10265.679673
13758.112603,0.0,0.0,-10265.679673
13758.112921,-370.102971,296.082377,-10112.460574
13758.113238,-296.082377,222.061783,-10418.898773
13758.113556,-222.061783,296.082377,-10112.460574
13758.113874,0.0,370.102971,-10418.898773
13758.114192,-296.082377,148.041188,-10495.508323
13758.114509,0.0,74.020594,-10189.070123
13758.114827,-518.144159,148.041188,-10572.117872
13758.115145,-444.123565,74.020594,-10342.289223
13758.115463,-518.144159,370.102971,-10572.117872
13758.11578,-148.041188,962.267725,-10418.898773
13758.116098,-148.041188,74.020594,-10342.289223
13758.116416,0.0,0.0,-10342.289223
13758.116734,-296.082377,148.041188,-10418.898773
13758.117052,-444.123565,0.0,-10112.460574
13758.117369,-370.102971,-370.102971,-9959.241474
13758.117687,-444.123565,-296.082377,-10112.460574
13758.118005,-296.082377,0.0,-10112.460574
13758.118323,-592.164754,0.0,-9806.022374
13758.11864,0.0,518.144159,-10265.679673
13758.118958,0.0,222.061783,-10035.851024
13758.119276,0.0,370.102971,-10189.070123
13758.119594,0.0,740.205942,-10265.679673
13758.119911,0.0,592.164754,-10342.289223
13758.120229,148.041188,370.102971,-10342.289223
13758.120547,-148.041188,444.123565,-10418.898773
13758.120865,-148.041188,148.041188,-10572.117872
13758.121182,0.0,148.041188,-10342.289223
13758.1215,148.041188,444.123565,-10035.851024
13758.121818,148.041188,222.061783,-10112.460574
13758.122136,0.0,74.020594,-10265.679673
13758.122454,0.0,0.0,-10265.679673
13758.122771,-370.102971,-148.041188,-10342.289223
13758.123089,-592.164754,-296.082377,-10342.289223
13758.123407,-592.164754,-444.123565,-10189.070123
13758.123725,-518.144159,-222.061783,-10342.289223
13758.124042,-592.164754,74.020594,-10112.460574
13758.12436,-296.082377,0.0,-10112.460574
13758.124678,0.0,444.123565,-10342.289223
13758.124996,-222.061783,370.102971,-10418.898773
13758.125313,-222.061783,222.061783,-10418.898773
13758.125631,-592.164754,0.0,-10418.898773
13758.125949,-74.020594,296.082377,-10572.117872
13758.126267,-740.205942,148.041188,-10342.289223
13758.126585,-592.164754,148.041188,-10418.898773
13758.126902,-370.102971,444.123565,-10342.289223
13758.12722,0.0,370.102971,-10035.851024
13758.127538,0.0,740.205942,-10342.289223
13758.127856,0.0,222.061783,-9959.241474
13758.128173,0.0,222.061783,-10035.851024
13758.128491,222.061783,0.0,-10265.679673
13758.128809,0.0,0.0,-10112.460574
13758.129127,148.041188,0.0,-9806.022374
13758.129444,0.0,-222.061783,-10265.679673
13758.129762,148.041188,-296.082377,-10035.851024
13758.13008,0.0,0.0,-10035.851024
13758.130398,-148.041188,0.0,-9729.412825
13758.130715,0.0,222.061783,-10189.070123
13758.131033,0.0,222.061783,-10342.289223
13758.131351,-296.082377,74.020594,-10342.289223
13758.131669,-444.123565,0.0,-10342.289223
13758.131987,0.0,0.0,-10725.336972
13758.132304,-444.123565,0.0,-10265.679673
13758.132622,-444.123565,518.144159,-10418.898773
13758.13294,-370.102971,518.144159,-10801.946522
13758.133258,-222.061783,148.041188,-10572.117872
13758.133575,-148.041188,370.102971,-10495.508323
13758.133893,-370.102971,222.061783,-10725.336972
13758.134211,-370.102971,148.041188,-10342.289223
13758.134529,-444.123565,0.0,-10189.070123
13758.134846,-370.102971,0.0,-9806.022374
13758.135164,-444.123565,-222.061783,-9959.241474
13758.135482,-296.082377,0.0,-9806.022374
13758.1358,-370.102971,0.0,-9806.022374
13758.136118,-370.102971,222.061783,-9882.631924
13758.136435,0.0,74.020594,-9882.631924
13758.136753,0.0,222.061783,-10035.851024
13758.137071,74.020594,444.123565,-10189.070123
13758.137389,0.0,296.082377,-10418.898773
13758.137706,-592.164754,740.205942,-10342.289223
13758.138024,-370.102971,444.123565,-10495.508323
13758.138342,-148.041188,222.061783,-10572.117872
13758.13866,0.0,148.041188,-10572.117872
13758.138977,296.082377,222.061783,-10418.898773
13758.139295,0.0,148.041188,-10112.460574
13758.139613,0.0,222.061783,-10342.289223
13758.139931,0.0,222.061783,-10265.679673
13758.140248,-222.061783,-296.082377,-10189.070123
13758.140566,0.0,-296.082377,-10189.070123
13758.140884,-370.102971,-370.102971,-10189.070123
13758.141202,-370.102971,-222.061783,-10418.898773